index,prompt,rubric_json,rubric_raw_output,level_1_existence_importance,level_1_existence_facts,level_1_counting_importance,level_1_counting_facts,level_1_relation_importance,level_1_relation_facts,level_1_shape_importance,level_1_shape_facts,level_1_size_importance,level_1_size_facts,level_1_color_importance,level_1_color_facts,level_1_posture_importance,level_1_posture_facts,level_1_scene_importance,level_1_scene_facts,level_1_others_importance,level_1_others_facts,level_2_existence_importance,level_2_existence_facts,level_2_counting_importance,level_2_counting_facts,level_2_relation_importance,level_2_relation_facts,level_2_shape_importance,level_2_shape_facts,level_2_size_importance,level_2_size_facts,level_2_color_importance,level_2_color_facts,level_2_posture_importance,level_2_posture_facts,level_2_scene_importance,level_2_scene_facts,level_2_others_importance,level_2_others_facts,level_3_existence_importance,level_3_existence_facts,level_3_counting_importance,level_3_counting_facts,level_3_relation_importance,level_3_relation_facts,level_3_shape_importance,level_3_shape_facts,level_3_size_importance,level_3_size_facts,level_3_color_importance,level_3_color_facts,level_3_posture_importance,level_3_posture_facts,level_3_scene_importance,level_3_scene_facts,level_3_others_importance,level_3_others_facts,verified_rubric_json,dropped_json,added_json,wiki_used,wiki_title,wiki_url,wiki_page_json_path,wiki_image_path,real_image_paths
1,"Amazon Elements Melatonin 3mg, 260 Tablets","{""level_1"": {""existence"": {""importance"": ""high"", ""facts"": [""A packaged consumer product for melatonin tablets is shown (e.g., a bottle or similar retail container)."", ""The product label/packaging is visible enough to identify the product.""]}, ""counting"": {""importance"": ""low"", ""facts"": []}, ""relation"": {""importance"": ""low"", ""facts"": []}, ""shape"": {""importance"": ""low"", ""facts"": []}, ""size"": {""importance"": ""low"", ""facts"": []}, ""color"": {""importance"": ""low"", ""facts"": []}, ""posture"": {""importance"": ""low"", ""facts"": []}, ""scene"": {""importance"": ""low"", ""facts"": []}, ""others"": {""importance"": ""low"", ""facts"": []}}, ""level_2"": {""existence"": {""importance"": ""high"", ""facts"": [""The label/packaging shows the brand name \""Amazon Elements\""."", ""The label/packaging shows the product name \""Melatonin\"".""]}, ""counting"": {""importance"": ""high"", ""facts"": [""The label/packaging indicates a quantity of \""260 tablets\"" (using text and/or numerals).""]}, ""relation"": {""importance"": ""low"", ""facts"": []}, ""shape"": {""importance"": ""low"", ""facts"": []}, ""size"": {""importance"": ""low"", ""facts"": []}, ""color"": {""importance"": ""low"", ""facts"": []}, ""posture"": {""importance"": ""low"", ""facts"": []}, ""scene"": {""importance"": ""low"", ""facts"": []}, ""others"": {""importance"": ""high"", ""facts"": [""The label/packaging indicates the strength/dosage as \""3 mg\"" (using text and/or numerals).""]}}, ""level_3"": {""existence"": {""importance"": ""low"", ""facts"": []}, ""counting"": {""importance"": ""low"", ""facts"": []}, ""relation"": {""importance"": ""low"", ""facts"": []}, ""shape"": {""importance"": ""low"", ""facts"": []}, ""size"": {""importance"": ""low"", ""facts"": []}, ""color"": {""importance"": ""low"", ""facts"": []}, ""posture"": {""importance"": ""low"", ""facts"": []}, ""scene"": {""importance"": ""low"", ""facts"": []}, ""others"": {""importance"": ""low"", ""facts"": []}}}","{""level_1"":{""existence"":{""importance"":""high"",""facts"":[""A packaged consumer product for melatonin tablets is shown (e.g., a bottle or similar retail container)."",""The product label/packaging is visible enough to identify the product.""]},""counting"":{""importance"":""low"",""facts"":[]},""relation"":{""importance"":""low"",""facts"":[]},""shape"":{""importance"":""low"",""facts"":[]},""size"":{""importance"":""low"",""facts"":[]},""color"":{""importance"":""low"",""facts"":[]},""posture"":{""importance"":""low"",""facts"":[]},""scene"":{""importance"":""low"",""facts"":[]},""others"":{""importance"":""low"",""facts"":[]}},""level_2"":{""existence"":{""importance"":""high"",""facts"":[""The label/packaging shows the brand name \""Amazon Elements\""."",""The label/packaging shows the product name \""Melatonin\"".""]},""counting"":{""importance"":""high"",""facts"":[""The label/packaging indicates a quantity of \""260 tablets\"" (using text and/or numerals).""]},""relation"":{""importance"":""low"",""facts"":[]},""shape"":{""importance"":""low"",""facts"":[]},""size"":{""importance"":""low"",""facts"":[]},""color"":{""importance"":""low"",""facts"":[]},""posture"":{""importance"":""low"",""facts"":[]},""scene"":{""importance"":""low"",""facts"":[]},""others"":{""importance"":""high"",""facts"":[""The label/packaging indicates the strength/dosage as \""3 mg\"" (using text and/or numerals).""]}},""level_3"":{""existence"":{""importance"":""low"",""facts"":[]},""counting"":{""importance"":""low"",""facts"":[]},""relation"":{""importance"":""low"",""facts"":[]},""shape"":{""importance"":""low"",""facts"":[]},""size"":{""importance"":""low"",""facts"":[]},""color"":{""importance"":""low"",""facts"":[]},""posture"":{""importance"":""low"",""facts"":[]},""scene"":{""importance"":""low"",""facts"":[]},""others"":{""importance"":""low"",""facts"":[]}}}",high,"A packaged consumer product for melatonin tablets is shown (e.g., a bottle or similar retail container). | The product label/packaging is visible enough to identify the product.",low,,low,,low,,low,,low,,low,,low,,low,,high,"The label/packaging shows the brand name ""Amazon Elements"". | The label/packaging shows the product name ""Melatonin"".",high,"The label/packaging indicates a quantity of ""260 tablets"" (using text and/or numerals).",low,,low,,low,,low,,low,,low,,high,"The label/packaging indicates the strength/dosage as ""3 mg"" (using text and/or numerals).",low,,low,,low,,low,,low,,low,,low,,low,,low,,"{""level_1"": {""existence"": {""importance"": ""high"", ""facts"": [""A packaged consumer product for melatonin tablets is shown (e.g., a bottle or similar retail container)."", ""The product label/packaging is visible enough to identify the product.""]}, ""counting"": {""importance"": ""low"", ""facts"": []}, ""relation"": {""importance"": ""low"", ""facts"": []}, ""shape"": {""importance"": ""low"", ""facts"": []}, ""size"": {""importance"": ""low"", ""facts"": []}, ""color"": {""importance"": ""low"", ""facts"": []}, ""posture"": {""importance"": ""low"", ""facts"": []}, ""scene"": {""importance"": ""low"", ""facts"": []}, ""others"": {""importance"": ""low"", ""facts"": []}}, ""level_2"": {""existence"": {""importance"": ""high"", ""facts"": [""The label/packaging shows the brand name \""Amazon Elements\""."", ""The label/packaging shows the product name \""Melatonin\"".""]}, ""counting"": {""importance"": ""high"", ""facts"": [""The label/packaging indicates a quantity of \""260 tablets\"" (using text and/or numerals)."", ""The label/packaging indicates a quantity of \""260\"" and explicitly associates it with \""tablets\"" (e.g., reads \""260 tablets\"").""]}, ""relation"": {""importance"": ""low"", ""facts"": []}, ""shape"": {""importance"": ""low"", ""facts"": []}, ""size"": {""importance"": ""low"", ""facts"": []}, ""color"": {""importance"": ""low"", ""facts"": []}, ""posture"": {""importance"": ""low"", ""facts"": []}, ""scene"": {""importance"": ""low"", ""facts"": []}, ""others"": {""importance"": ""high"", ""facts"": [""The label/packaging indicates the strength/dosage as \""3 mg\"" (using text and/or numerals).""]}}, ""level_3"": {""existence"": {""importance"": ""low"", ""facts"": []}, ""counting"": {""importance"": ""low"", ""facts"": []}, ""relation"": {""importance"": ""low"", ""facts"": []}, ""shape"": {""importance"": ""low"", ""facts"": []}, ""size"": {""importance"": ""low"", ""facts"": []}, ""color"": {""importance"": ""low"", ""facts"": []}, ""posture"": {""importance"": ""low"", ""facts"": []}, ""scene"": {""importance"": ""low"", ""facts"": []}, ""others"": {""importance"": ""low"", ""facts"": []}}}",[],"[{""level"": ""level_2"", ""category"": ""counting"", ""fact"": ""The label/packaging indicates a quantity of \""260\"" and explicitly associates it with \""tablets\"" (e.g., reads \""260 tablets\"")."", ""reason"": ""missing_necessary_fact"", ""evidence_snippets"": [""Prompt explicitly includes \""260 Tablets\"", so the unit \""tablets\"" must be visually confirmed on the packaging, not just the number.""]}]",False,,,/home/coder/passenger/data/ABO/2_Fact_Verification/wiki_pages/001_amazon_elements_melatonin_3mg_260_tablets.json,,/home/coder/passenger/data/ABO/selected_images/01_e429aab6.jpg
2,"AmazonBasics Kids Ear-Protection Safety Noise Earmuffs, Yellow","{""level_1"": {""existence"": {""importance"": ""high"", ""facts"": [""A pair of over-ear protective earmuffs (hearing-protection style) is shown.""]}, ""counting"": {""importance"": ""high"", ""facts"": [""Exactly one pair of earmuffs is shown.""]}, ""relation"": {""importance"": ""high"", ""facts"": [""Two earcups are connected by a headband.""]}, ""shape"": {""importance"": ""high"", ""facts"": [""The product has two large ear-covering cups sized to cover ears (not in-ear or on-ear headphones)."", ""A curved headband spans between the two earcups.""]}, ""size"": {""importance"": ""medium"", ""facts"": [""The earmuffs appear child-sized (kids earmuffs), not oversized adult proportions.""]}, ""color"": {""importance"": ""high"", ""facts"": [""The earmuffs are yellow as the dominant visible color (at least the main exterior of the earcups and/or headband).""]}, ""posture"": {""importance"": ""low"", ""facts"": []}, ""scene"": {""importance"": ""low"", ""facts"": []}, ""others"": {""importance"": ""medium"", ""facts"": [""The product is depicted as hearing-safety earmuffs (industrial/safety style), not music headphones (e.g., no visible audio cable connection is required).""]}}, ""level_2"": {""existence"": {""importance"": ""high"", ""facts"": [""Each earcup has a cushioned sealing ring/padding visible at the edge that would contact the head.""]}, ""counting"": {""importance"": ""high"", ""facts"": [""There are exactly two earcups.""]}, ""relation"": {""importance"": ""high"", ""facts"": [""Each earcup is mounted to the headband (directly or via a yoke/arm).""]}, ""shape"": {""importance"": ""medium"", ""facts"": [""The earcups appear as rounded/oval shells typical of hearing-protection earmuffs.""]}, ""size"": {""importance"": ""low"", ""facts"": []}, ""color"": {""importance"": ""medium"", ""facts"": [""Any non-yellow parts (e.g., headband padding, inner cushions) are secondary compared to the yellow exterior.""]}, ""posture"": {""importance"": ""low"", ""facts"": []}, ""scene"": {""importance"": ""low"", ""facts"": []}, ""others"": {""importance"": ""medium"", ""facts"": [""The earmuffs appear intended for noise reduction/ear protection (thick cups and sealing cushions).""]}}, ""level_3"": {""existence"": {""importance"": ""low"", ""facts"": []}, ""counting"": {""importance"": ""low"", ""facts"": []}, ""relation"": {""importance"": ""low"", ""facts"": []}, ""shape"": {""importance"": ""low"", ""facts"": []}, ""size"": {""importance"": ""low"", ""facts"": []}, ""color"": {""importance"": ""low"", ""facts"": []}, ""posture"": {""importance"": ""low"", ""facts"": []}, ""scene"": {""importance"": ""low"", ""facts"": []}, ""others"": {""importance"": ""high"", ""facts"": [""The branding 'AmazonBasics' is visibly present on the product and/or its packaging.""]}}}","{
  ""level_1"": {
    ""existence"": {
      ""importance"": ""high"",
      ""facts"": [
        ""A pair of over-ear protective earmuffs (hearing-protection style) is shown.""
      ]
    },
    ""counting"": {
      ""importance"": ""high"",
      ""facts"": [
        ""Exactly one pair of earmuffs is shown.""
      ]
    },
    ""relation"": {
      ""importance"": ""high"",
      ""facts"": [
        ""Two earcups are connected by a headband.""
      ]
    },
    ""shape"": {
      ""importance"": ""high"",
      ""facts"": [
        ""The product has two large ear-covering cups sized to cover ears (not in-ear or on-ear headphones)."",
        ""A curved headband spans between the two earcups.""
      ]
    },
    ""size"": {
      ""importance"": ""medium"",
      ""facts"": [
        ""The earmuffs appear child-sized (kids earmuffs), not oversized adult proportions.""
      ]
    },
    ""color"": {
      ""importance"": ""high"",
      ""facts"": [
        ""The earmuffs are yellow as the dominant visible color (at least the main exterior of the earcups and/or headband).""
      ]
    },
    ""posture"": {
      ""importance"": ""low"",
      ""facts"": []
    },
    ""scene"": {
      ""importance"": ""low"",
      ""facts"": []
    },
    ""others"": {
      ""importance"": ""medium"",
      ""facts"": [
        ""The product is depicted as hearing-safety earmuffs (industrial/safety style), not music headphones (e.g., no visible audio cable connection is required).""
      ]
    }
  },
  ""level_2"": {
    ""existence"": {
      ""importance"": ""high"",
      ""facts"": [
        ""Each earcup has a cushioned sealing ring/padding visible at the edge that would contact the head.""
      ]
    },
    ""counting"": {
      ""importance"": ""high"",
      ""facts"": [
        ""There are exactly two earcups.""
      ]
    },
    ""relation"": {
      ""importance"": ""high"",
      ""facts"": [
        ""Each earcup is mounted to the headband (directly or via a yoke/arm).""
      ]
    },
    ""shape"": {
      ""importance"": ""medium"",
      ""facts"": [
        ""The earcups appear as rounded/oval shells typical of hearing-protection earmuffs.""
      ]
    },
    ""size"": {
      ""importance"": ""low"",
      ""facts"": []
    },
    ""color"": {
      ""importance"": ""medium"",
      ""facts"": [
        ""Any non-yellow parts (e.g., headband padding, inner cushions) are secondary compared to the yellow exterior.""
      ]
    },
    ""posture"": {
      ""importance"": ""low"",
      ""facts"": []
    },
    ""scene"": {
      ""importance"": ""low"",
      ""facts"": []
    },
    ""others"": {
      ""importance"": ""medium"",
      ""facts"": [
        ""The earmuffs appear intended for noise reduction/ear protection (thick cups and sealing cushions).""
      ]
    }
  },
  ""level_3"": {
    ""existence"": {
      ""importance"": ""low"",
      ""facts"": []
    },
    ""counting"": {
      ""importance"": ""low"",
      ""facts"": []
    },
    ""relation"": {
      ""importance"": ""low"",
      ""facts"": []
    },
    ""shape"": {
      ""importance"": ""low"",
      ""facts"": []
    },
    ""size"": {
      ""importance"": ""low"",
      ""facts"": []
    },
    ""color"": {
      ""importance"": ""low"",
      ""facts"": []
    },
    ""posture"": {
      ""importance"": ""low"",
      ""facts"": []
    },
    ""scene"": {
      ""importance"": ""low"",
      ""facts"": []
    },
    ""others"": {
      ""importance"": ""high"",
      ""facts"": [
        ""The branding 'AmazonBasics' is visibly present on the product and/or its packaging.""
      ]
    }
  }
}",high,A pair of over-ear protective earmuffs (hearing-protection style) is shown.,high,Exactly one pair of earmuffs is shown.,high,Two earcups are connected by a headband.,high,The product has two large ear-covering cups sized to cover ears (not in-ear or on-ear headphones). | A curved headband spans between the two earcups.,medium,"The earmuffs appear child-sized (kids earmuffs), not oversized adult proportions.",high,The earmuffs are yellow as the dominant visible color (at least the main exterior of the earcups and/or headband).,low,,low,,medium,"The product is depicted as hearing-safety earmuffs (industrial/safety style), not music headphones (e.g., no visible audio cable connection is required).",high,Each earcup has a cushioned sealing ring/padding visible at the edge that would contact the head.,high,There are exactly two earcups.,high,Each earcup is mounted to the headband (directly or via a yoke/arm).,medium,The earcups appear as rounded/oval shells typical of hearing-protection earmuffs.,low,,medium,"Any non-yellow parts (e.g., headband padding, inner cushions) are secondary compared to the yellow exterior.",low,,low,,medium,The earmuffs appear intended for noise reduction/ear protection (thick cups and sealing cushions).,low,,low,,low,,low,,low,,low,,low,,low,,high,The branding 'AmazonBasics' is visibly present on the product and/or its packaging.,"{""level_1"": {""existence"": {""importance"": ""high"", ""facts"": [""A pair of over-ear protective earmuffs (hearing-protection style) is shown.""]}, ""counting"": {""importance"": ""high"", ""facts"": [""Exactly one pair of earmuffs is shown.""]}, ""relation"": {""importance"": ""high"", ""facts"": [""Two earcups are connected by a headband.""]}, ""shape"": {""importance"": ""high"", ""facts"": [""The product has two large ear-covering cups sized to cover ears (not in-ear or on-ear headphones)."", ""A curved headband spans between the two earcups.""]}, ""size"": {""importance"": ""medium"", ""facts"": [""The earmuffs appear child-sized (kids earmuffs), not oversized adult proportions.""]}, ""color"": {""importance"": ""high"", ""facts"": [""The earmuffs are yellow as the dominant visible color (at least the main exterior of the earcups and/or headband).""]}, ""posture"": {""importance"": ""low"", ""facts"": []}, ""scene"": {""importance"": ""low"", ""facts"": []}, ""others"": {""importance"": ""medium"", ""facts"": [""The product is depicted as hearing-safety earmuffs (industrial/safety style), not music headphones (e.g., no visible audio cable connection is required).""]}}, ""level_2"": {""existence"": {""importance"": ""high"", ""facts"": [""Each earcup has a cushioned sealing ring/padding visible at the edge that would contact the head.""]}, ""counting"": {""importance"": ""high"", ""facts"": [""There are exactly two earcups.""]}, ""relation"": {""importance"": ""high"", ""facts"": [""Each earcup is mounted to the headband (directly or via a yoke/arm).""]}, ""shape"": {""importance"": ""medium"", ""facts"": [""The earcups appear as rounded/oval shells typical of hearing-protection earmuffs.""]}, ""size"": {""importance"": ""low"", ""facts"": []}, ""color"": {""importance"": ""medium"", ""facts"": [""Any non-yellow parts (e.g., headband padding, inner cushions) are secondary compared to the yellow exterior."", ""The headband and/or ear cushion areas are predominantly dark (black or very dark gray), contrasting with the yellow earcup shells.""]}, ""posture"": {""importance"": ""low"", ""facts"": []}, ""scene"": {""importance"": ""low"", ""facts"": []}, ""others"": {""importance"": ""medium"", ""facts"": [""The earmuffs appear intended for noise reduction/ear protection (thick cups and sealing cushions).""]}}, ""level_3"": {""existence"": {""importance"": ""low"", ""facts"": []}, ""counting"": {""importance"": ""low"", ""facts"": []}, ""relation"": {""importance"": ""low"", ""facts"": [""The side supports appear as thin metal-wire style arms connecting the headband area to the earcups.""]}, ""shape"": {""importance"": ""low"", ""facts"": []}, ""size"": {""importance"": ""low"", ""facts"": []}, ""color"": {""importance"": ""low"", ""facts"": []}, ""posture"": {""importance"": ""low"", ""facts"": []}, ""scene"": {""importance"": ""low"", ""facts"": []}, ""others"": {""importance"": ""high"", ""facts"": []}}}","[{""level"": ""level_3"", ""category"": ""others"", ""fact"": ""The branding 'AmazonBasics' is visibly present on the product and/or its packaging."", ""reason"": ""not_necessary"", ""evidence_snippets"": [""The provided reference image shows no visible 'AmazonBasics' text or logo on the earmuffs.""]}]","[{""level"": ""level_2"", ""category"": ""color"", ""fact"": ""The headband and/or ear cushion areas are predominantly dark (black or very dark gray), contrasting with the yellow earcup shells."", ""reason"": ""missing_necessary_fact"", ""evidence_snippets"": [""Reference image shows yellow earcups with black cushions/trim and a black padded headband.""]}, {""level"": ""level_3"", ""category"": ""relation"", ""fact"": ""The side supports appear as thin metal-wire style arms connecting the headband area to the earcups."", ""reason"": ""missing_necessary_fact"", ""evidence_snippets"": [""Reference image shows thin wire-like yokes/arms between headband and earcups.""]}]",False,,,/home/coder/passenger/data/ABO/2_Fact_Verification/wiki_pages/002_amazonbasics_kids_ear_protection_safety_noise_earmuffs_yellow.json,,/home/coder/passenger/data/ABO/selected_images/02_81693ab9.jpg
3,"365 Everyday Value, Organic Pumpkin Spice Coffee, 12 oz","{""level_1"": {""existence"": {""importance"": ""high"", ""facts"": [""A packaged consumer product of coffee is shown (e.g., a bag, can, box, or jar intended to contain coffee).""]}, ""counting"": {""importance"": ""low"", ""facts"": []}, ""relation"": {""importance"": ""high"", ""facts"": [""The product packaging displays readable labeling identifying it as the specified coffee product.""]}, ""shape"": {""importance"": ""low"", ""facts"": []}, ""size"": {""importance"": ""low"", ""facts"": []}, ""color"": {""importance"": ""low"", ""facts"": []}, ""posture"": {""importance"": ""low"", ""facts"": []}, ""scene"": {""importance"": ""low"", ""facts"": []}, ""others"": {""importance"": ""low"", ""facts"": []}}, ""level_2"": {""existence"": {""importance"": ""high"", ""facts"": [""The brand name \""365 Everyday Value\"" appears on the packaging."", ""The product name includes the words \""Organic\"", \""Pumpkin Spice\"", and \""Coffee\"" on the packaging.""]}, ""counting"": {""importance"": ""low"", ""facts"": []}, ""relation"": {""importance"": ""high"", ""facts"": [""The words \""365 Everyday Value\"" are presented as part of the same product’s branding on the package."", ""The words \""Organic Pumpkin Spice Coffee\"" (or the same words clearly forming the product name) are presented as the coffee’s description/name on the package.""]}, ""shape"": {""importance"": ""low"", ""facts"": []}, ""size"": {""importance"": ""low"", ""facts"": []}, ""color"": {""importance"": ""low"", ""facts"": []}, ""posture"": {""importance"": ""low"", ""facts"": []}, ""scene"": {""importance"": ""low"", ""facts"": []}, ""others"": {""importance"": ""medium"", ""facts"": [""The packaging includes a visible indication that the product is organic (e.g., the word \""Organic\"" and/or an organic certification mark).""]}}, ""level_3"": {""existence"": {""importance"": ""high"", ""facts"": [""The net quantity \""12 oz\"" appears on the packaging.""]}, ""counting"": {""importance"": ""low"", ""facts"": []}, ""relation"": {""importance"": ""medium"", ""facts"": [""The \""12 oz\"" quantity is presented as the product’s net weight/size on the same package as the brand and product name.""]}, ""shape"": {""importance"": ""low"", ""facts"": []}, ""size"": {""importance"": ""low"", ""facts"": []}, ""color"": {""importance"": ""low"", ""facts"": []}, ""posture"": {""importance"": ""low"", ""facts"": []}, ""scene"": {""importance"": ""low"", ""facts"": []}, ""others"": {""importance"": ""low"", ""facts"": []}}}","{
  ""level_1"": {
    ""existence"": {
      ""importance"": ""high"",
      ""facts"": [
        ""A packaged consumer product of coffee is shown (e.g., a bag, can, box, or jar intended to contain coffee).""
      ]
    },
    ""counting"": {
      ""importance"": ""low"",
      ""facts"": []
    },
    ""relation"": {
      ""importance"": ""high"",
      ""facts"": [
        ""The product packaging displays readable labeling identifying it as the specified coffee product.""
      ]
    },
    ""shape"": {
      ""importance"": ""low"",
      ""facts"": []
    },
    ""size"": {
      ""importance"": ""low"",
      ""facts"": []
    },
    ""color"": {
      ""importance"": ""low"",
      ""facts"": []
    },
    ""posture"": {
      ""importance"": ""low"",
      ""facts"": []
    },
    ""scene"": {
      ""importance"": ""low"",
      ""facts"": []
    },
    ""others"": {
      ""importance"": ""low"",
      ""facts"": []
    }
  },
  ""level_2"": {
    ""existence"": {
      ""importance"": ""high"",
      ""facts"": [
        ""The brand name \""365 Everyday Value\"" appears on the packaging."",
        ""The product name includes the words \""Organic\"", \""Pumpkin Spice\"", and \""Coffee\"" on the packaging.""
      ]
    },
    ""counting"": {
      ""importance"": ""low"",
      ""facts"": []
    },
    ""relation"": {
      ""importance"": ""high"",
      ""facts"": [
        ""The words \""365 Everyday Value\"" are presented as part of the same product’s branding on the package."",
        ""The words \""Organic Pumpkin Spice Coffee\"" (or the same words clearly forming the product name) are presented as the coffee’s description/name on the package.""
      ]
    },
    ""shape"": {
      ""importance"": ""low"",
      ""facts"": []
    },
    ""size"": {
      ""importance"": ""low"",
      ""facts"": []
    },
    ""color"": {
      ""importance"": ""low"",
      ""facts"": []
    },
    ""posture"": {
      ""importance"": ""low"",
      ""facts"": []
    },
    ""scene"": {
      ""importance"": ""low"",
      ""facts"": []
    },
    ""others"": {
      ""importance"": ""medium"",
      ""facts"": [
        ""The packaging includes a visible indication that the product is organic (e.g., the word \""Organic\"" and/or an organic certification mark).""
      ]
    }
  },
  ""level_3"": {
    ""existence"": {
      ""importance"": ""high"",
      ""facts"": [
        ""The net quantity \""12 oz\"" appears on the packaging.""
      ]
    },
    ""counting"": {
      ""importance"": ""low"",
      ""facts"": []
    },
    ""relation"": {
      ""importance"": ""medium"",
      ""facts"": [
        ""The \""12 oz\"" quantity is presented as the product’s net weight/size on the same package as the brand and product name.""
      ]
    },
    ""shape"": {
      ""importance"": ""low"",
      ""facts"": []
    },
    ""size"": {
      ""importance"": ""low"",
      ""facts"": []
    },
    ""color"": {
      ""importance"": ""low"",
      ""facts"": []
    },
    ""posture"": {
      ""importance"": ""low"",
      ""facts"": []
    },
    ""scene"": {
      ""importance"": ""low"",
      ""facts"": []
    },
    ""others"": {
      ""importance"": ""low"",
      ""facts"": []
    }
  }
}",high,"A packaged consumer product of coffee is shown (e.g., a bag, can, box, or jar intended to contain coffee).",low,,high,The product packaging displays readable labeling identifying it as the specified coffee product.,low,,low,,low,,low,,low,,low,,high,"The brand name ""365 Everyday Value"" appears on the packaging. | The product name includes the words ""Organic"", ""Pumpkin Spice"", and ""Coffee"" on the packaging.",low,,high,"The words ""365 Everyday Value"" are presented as part of the same product’s branding on the package. | The words ""Organic Pumpkin Spice Coffee"" (or the same words clearly forming the product name) are presented as the coffee’s description/name on the package.",low,,low,,low,,low,,low,,medium,"The packaging includes a visible indication that the product is organic (e.g., the word ""Organic"" and/or an organic certification mark).",high,"The net quantity ""12 oz"" appears on the packaging.",low,,medium,"The ""12 oz"" quantity is presented as the product’s net weight/size on the same package as the brand and product name.",low,,low,,low,,low,,low,,low,,"{""level_1"": {""existence"": {""importance"": ""high"", ""facts"": [""A packaged consumer product of coffee is shown (e.g., a bag, can, box, or jar intended to contain coffee).""]}, ""counting"": {""importance"": ""low"", ""facts"": []}, ""relation"": {""importance"": ""high"", ""facts"": [""The product packaging displays readable labeling identifying it as the specified coffee product.""]}, ""shape"": {""importance"": ""low"", ""facts"": []}, ""size"": {""importance"": ""low"", ""facts"": []}, ""color"": {""importance"": ""low"", ""facts"": []}, ""posture"": {""importance"": ""low"", ""facts"": []}, ""scene"": {""importance"": ""low"", ""facts"": []}, ""others"": {""importance"": ""low"", ""facts"": []}}, ""level_2"": {""existence"": {""importance"": ""high"", ""facts"": [""The brand name \""365 Everyday Value\"" appears on the packaging."", ""The product name includes the words \""Organic\"", \""Pumpkin Spice\"", and \""Coffee\"" on the packaging.""]}, ""counting"": {""importance"": ""low"", ""facts"": []}, ""relation"": {""importance"": ""high"", ""facts"": [""The words \""365 Everyday Value\"" are presented as part of the same product’s branding on the package."", ""The words \""Organic Pumpkin Spice Coffee\"" (or the same words clearly forming the product name) are presented as the coffee’s description/name on the package."", ""\""365\"" and \""Everyday Value\"" are presented together as the brand on the same package.""]}, ""shape"": {""importance"": ""low"", ""facts"": []}, ""size"": {""importance"": ""low"", ""facts"": []}, ""color"": {""importance"": ""low"", ""facts"": []}, ""posture"": {""importance"": ""low"", ""facts"": []}, ""scene"": {""importance"": ""low"", ""facts"": []}, ""others"": {""importance"": ""medium"", ""facts"": []}}, ""level_3"": {""existence"": {""importance"": ""high"", ""facts"": [""The net quantity \""12 oz\"" appears on the packaging.""]}, ""counting"": {""importance"": ""low"", ""facts"": []}, ""relation"": {""importance"": ""medium"", ""facts"": [""The \""12 oz\"" quantity is presented as the product’s net weight/size on the same package as the brand and product name.""]}, ""shape"": {""importance"": ""low"", ""facts"": []}, ""size"": {""importance"": ""low"", ""facts"": []}, ""color"": {""importance"": ""low"", ""facts"": []}, ""posture"": {""importance"": ""low"", ""facts"": []}, ""scene"": {""importance"": ""low"", ""facts"": []}, ""others"": {""importance"": ""low"", ""facts"": []}}}","[{""level"": ""level_2"", ""category"": ""others"", ""fact"": ""The packaging includes a visible indication that the product is organic (e.g., the word \""Organic\"" and/or an organic certification mark)."", ""reason"": ""not_necessary"", ""evidence_snippets"": [""The prompt already requires \""Organic\"" as part of the product name; requiring an additional certification mark is not necessary and may vary by package version.""]}]","[{""level"": ""level_2"", ""category"": ""relation"", ""fact"": ""\""365\"" and \""Everyday Value\"" are presented together as the brand on the same package."", ""reason"": ""missing_necessary_fact"", ""evidence_snippets"": [""The prompt specifies the full brand name \""365 Everyday Value\"", which requires both elements to be present as branding.""]}]",False,,,/home/coder/passenger/data/ABO/2_Fact_Verification/wiki_pages/003_365_everyday_value_organic_pumpkin_spice_coffee_12_oz.json,,/home/coder/passenger/data/ABO/selected_images/03_fe1e14d8.jpg
4,"WHOLE FOODS MARKET Women's Care Probiotic, 30 CT","{""level_1"": {""existence"": {""importance"": ""high"", ""facts"": [""A packaged consumer product is shown.""]}, ""counting"": {""importance"": ""low"", ""facts"": []}, ""relation"": {""importance"": ""low"", ""facts"": []}, ""shape"": {""importance"": ""low"", ""facts"": []}, ""size"": {""importance"": ""low"", ""facts"": []}, ""color"": {""importance"": ""low"", ""facts"": []}, ""posture"": {""importance"": ""low"", ""facts"": []}, ""scene"": {""importance"": ""low"", ""facts"": []}, ""others"": {""importance"": ""high"", ""facts"": [""The product packaging/label identifies it as a Whole Foods Market product.""]}}, ""level_2"": {""existence"": {""importance"": ""high"", ""facts"": [""The product label shows the brand name \""WHOLE FOODS MARKET\""."", ""The product label shows the product name \""Women's Care Probiotic\"".""]}, ""counting"": {""importance"": ""high"", ""facts"": [""The product label shows a count of \""30 CT\"" (30 count).""]}, ""relation"": {""importance"": ""low"", ""facts"": []}, ""shape"": {""importance"": ""low"", ""facts"": []}, ""size"": {""importance"": ""low"", ""facts"": []}, ""color"": {""importance"": ""low"", ""facts"": []}, ""posture"": {""importance"": ""low"", ""facts"": []}, ""scene"": {""importance"": ""low"", ""facts"": []}, ""others"": {""importance"": ""high"", ""facts"": [""The text \""WHOLE FOODS MARKET\"" and \""Women's Care Probiotic\"" and \""30 CT\"" are legible on the visible packaging/label.""]}}, ""level_3"": {""existence"": {""importance"": ""low"", ""facts"": []}, ""counting"": {""importance"": ""low"", ""facts"": []}, ""relation"": {""importance"": ""low"", ""facts"": []}, ""shape"": {""importance"": ""low"", ""facts"": []}, ""size"": {""importance"": ""low"", ""facts"": []}, ""color"": {""importance"": ""low"", ""facts"": []}, ""posture"": {""importance"": ""low"", ""facts"": []}, ""scene"": {""importance"": ""low"", ""facts"": []}, ""others"": {""importance"": ""low"", ""facts"": [""The visible label text uses the same capitalization/wording as: \""WHOLE FOODS MARKET\"" and \""Women's Care Probiotic\"" and \""30 CT\"".""]}}}","{""level_1"":{""existence"":{""importance"":""high"",""facts"":[""A packaged consumer product is shown.""]},""counting"":{""importance"":""low"",""facts"":[]},""relation"":{""importance"":""low"",""facts"":[]},""shape"":{""importance"":""low"",""facts"":[]},""size"":{""importance"":""low"",""facts"":[]},""color"":{""importance"":""low"",""facts"":[]},""posture"":{""importance"":""low"",""facts"":[]},""scene"":{""importance"":""low"",""facts"":[]},""others"":{""importance"":""high"",""facts"":[""The product packaging/label identifies it as a Whole Foods Market product.""]}},""level_2"":{""existence"":{""importance"":""high"",""facts"":[""The product label shows the brand name \""WHOLE FOODS MARKET\""."",""The product label shows the product name \""Women's Care Probiotic\"".""]},""counting"":{""importance"":""high"",""facts"":[""The product label shows a count of \""30 CT\"" (30 count).""]},""relation"":{""importance"":""low"",""facts"":[]},""shape"":{""importance"":""low"",""facts"":[]},""size"":{""importance"":""low"",""facts"":[]},""color"":{""importance"":""low"",""facts"":[]},""posture"":{""importance"":""low"",""facts"":[]},""scene"":{""importance"":""low"",""facts"":[]},""others"":{""importance"":""high"",""facts"":[""The text \""WHOLE FOODS MARKET\"" and \""Women's Care Probiotic\"" and \""30 CT\"" are legible on the visible packaging/label.""]}},""level_3"":{""existence"":{""importance"":""low"",""facts"":[]},""counting"":{""importance"":""low"",""facts"":[]},""relation"":{""importance"":""low"",""facts"":[]},""shape"":{""importance"":""low"",""facts"":[]},""size"":{""importance"":""low"",""facts"":[]},""color"":{""importance"":""low"",""facts"":[]},""posture"":{""importance"":""low"",""facts"":[]},""scene"":{""importance"":""low"",""facts"":[]},""others"":{""importance"":""low"",""facts"":[""The visible label text uses the same capitalization/wording as: \""WHOLE FOODS MARKET\"" and \""Women's Care Probiotic\"" and \""30 CT\"".""]}}}",high,A packaged consumer product is shown.,low,,low,,low,,low,,low,,low,,low,,high,The product packaging/label identifies it as a Whole Foods Market product.,high,"The product label shows the brand name ""WHOLE FOODS MARKET"". | The product label shows the product name ""Women's Care Probiotic"".",high,"The product label shows a count of ""30 CT"" (30 count).",low,,low,,low,,low,,low,,low,,high,"The text ""WHOLE FOODS MARKET"" and ""Women's Care Probiotic"" and ""30 CT"" are legible on the visible packaging/label.",low,,low,,low,,low,,low,,low,,low,,low,,low,"The visible label text uses the same capitalization/wording as: ""WHOLE FOODS MARKET"" and ""Women's Care Probiotic"" and ""30 CT"".","{""level_1"": {""existence"": {""importance"": ""high"", ""facts"": [""A packaged consumer product is shown.""]}, ""counting"": {""importance"": ""low"", ""facts"": []}, ""relation"": {""importance"": ""low"", ""facts"": []}, ""shape"": {""importance"": ""low"", ""facts"": []}, ""size"": {""importance"": ""low"", ""facts"": []}, ""color"": {""importance"": ""low"", ""facts"": []}, ""posture"": {""importance"": ""low"", ""facts"": []}, ""scene"": {""importance"": ""low"", ""facts"": []}, ""others"": {""importance"": ""high"", ""facts"": [""The product packaging/label identifies it as a Whole Foods Market product.""]}}, ""level_2"": {""existence"": {""importance"": ""high"", ""facts"": [""The product label shows the brand name \""WHOLE FOODS MARKET\""."", ""The product label shows the product name \""Women's Care Probiotic\"".""]}, ""counting"": {""importance"": ""high"", ""facts"": []}, ""relation"": {""importance"": ""low"", ""facts"": []}, ""shape"": {""importance"": ""low"", ""facts"": [""The product is packaged as a bottle with a screw-on cap.""]}, ""size"": {""importance"": ""low"", ""facts"": []}, ""color"": {""importance"": ""low"", ""facts"": []}, ""posture"": {""importance"": ""low"", ""facts"": []}, ""scene"": {""importance"": ""low"", ""facts"": []}, ""others"": {""importance"": ""high"", ""facts"": [""The brand name, product name, and 30-count marking are readable on the visible packaging/label.""]}}, ""level_3"": {""existence"": {""importance"": ""low"", ""facts"": []}, ""counting"": {""importance"": ""low"", ""facts"": []}, ""relation"": {""importance"": ""low"", ""facts"": []}, ""shape"": {""importance"": ""low"", ""facts"": []}, ""size"": {""importance"": ""low"", ""facts"": []}, ""color"": {""importance"": ""low"", ""facts"": [""The bottle is amber/brown with a black cap."", ""The label is predominantly white with a vertical purple band/strip along one side.""]}, ""posture"": {""importance"": ""low"", ""facts"": []}, ""scene"": {""importance"": ""low"", ""facts"": []}, ""others"": {""importance"": ""low"", ""facts"": []}}}","[{""level"": ""level_2"", ""category"": ""counting"", ""fact"": ""The product label shows a count of \""30 CT\"" (30 count)."", ""reason"": ""not_necessary"", ""evidence_snippets"": [""Prompt requires 30 count; packaging may state 30 in other equivalent ways (e.g., 30 capsules).""]}, {""level"": ""level_2"", ""category"": ""others"", ""fact"": ""The text \""WHOLE FOODS MARKET\"" and \""Women's Care Probiotic\"" and \""30 CT\"" are legible on the visible packaging/label."", ""reason"": ""not_necessary"", ""evidence_snippets"": [""Replaced by a less format-specific legibility requirement (brand, product name, and 30-count marking readable).""]}, {""level"": ""level_3"", ""category"": ""others"", ""fact"": ""The visible label text uses the same capitalization/wording as: \""WHOLE FOODS MARKET\"" and \""Women's Care Probiotic\"" and \""30 CT\""."", ""reason"": ""not_necessary"", ""evidence_snippets"": [""Exact capitalization/formatting is not required to verify the correct product identity.""]}]","[{""level"": ""level_2"", ""category"": ""shape"", ""fact"": ""The product is packaged as a bottle with a screw-on cap."", ""reason"": ""missing_necessary_fact"", ""evidence_snippets"": [""Provided reference image shows a supplement bottle format.""]}, {""level"": ""level_2"", ""category"": ""others"", ""fact"": ""The brand name, product name, and 30-count marking are readable on the visible packaging/label."", ""reason"": ""missing_necessary_fact"", ""evidence_snippets"": [""These elements must be readable to visually verify this specific named product and count.""]}, {""level"": ""level_3"", ""category"": ""color"", ""fact"": ""The bottle is amber/brown with a black cap."", ""reason"": ""missing_necessary_fact"", ""evidence_snippets"": [""Provided reference image shows an amber/brown bottle with a black cap.""]}, {""level"": ""level_3"", ""category"": ""color"", ""fact"": ""The label is predominantly white with a vertical purple band/strip along one side."", ""reason"": ""missing_necessary_fact"", ""evidence_snippets"": [""Provided reference image shows a white label with a vertical purple band.""]}]",False,,,/home/coder/passenger/data/ABO/2_Fact_Verification/wiki_pages/004_whole_foods_market_women_s_care_probiotic_30_ct.json,,/home/coder/passenger/data/ABO/selected_images/04_948abef1.jpg
5,"Amazon Brand - Happy Belly Vanilla Wafers, 12 Ounce","{""level_1"": {""existence"": {""importance"": ""high"", ""facts"": [""A retail product package for vanilla wafer cookies is shown.""]}, ""counting"": {""importance"": ""medium"", ""facts"": [""One primary package is prominently shown.""]}, ""relation"": {""importance"": ""low"", ""facts"": []}, ""shape"": {""importance"": ""low"", ""facts"": []}, ""size"": {""importance"": ""low"", ""facts"": []}, ""color"": {""importance"": ""low"", ""facts"": []}, ""posture"": {""importance"": ""low"", ""facts"": []}, ""scene"": {""importance"": ""low"", ""facts"": []}, ""others"": {""importance"": ""high"", ""facts"": [""The package is identifiable as an 'Amazon Brand - Happy Belly Vanilla Wafers' product via visible labeling.""]}}, ""level_2"": {""existence"": {""importance"": ""high"", ""facts"": [""The words 'Amazon Brand' appear on the package."", ""The words 'Happy Belly' appear on the package."", ""The words 'Vanilla Wafers' appear on the package.""]}, ""counting"": {""importance"": ""low"", ""facts"": []}, ""relation"": {""importance"": ""high"", ""facts"": [""The texts 'Amazon Brand', 'Happy Belly', and 'Vanilla Wafers' are printed on the same product package.""]}, ""shape"": {""importance"": ""low"", ""facts"": []}, ""size"": {""importance"": ""low"", ""facts"": []}, ""color"": {""importance"": ""low"", ""facts"": []}, ""posture"": {""importance"": ""low"", ""facts"": []}, ""scene"": {""importance"": ""low"", ""facts"": []}, ""others"": {""importance"": ""medium"", ""facts"": [""Vanilla wafer cookies are visually indicated as the product (e.g., wafers visible in the package or pictured on the package).""]}}, ""level_3"": {""existence"": {""importance"": ""high"", ""facts"": [""The net weight is shown as '12 Ounce' or '12 oz' on the package.""]}, ""counting"": {""importance"": ""low"", ""facts"": []}, ""relation"": {""importance"": ""low"", ""facts"": []}, ""shape"": {""importance"": ""low"", ""facts"": []}, ""size"": {""importance"": ""low"", ""facts"": []}, ""color"": {""importance"": ""low"", ""facts"": []}, ""posture"": {""importance"": ""low"", ""facts"": []}, ""scene"": {""importance"": ""low"", ""facts"": []}, ""others"": {""importance"": ""low"", ""facts"": []}}}","{
  ""level_1"": {
    ""existence"": {
      ""importance"": ""high"",
      ""facts"": [
        ""A retail product package for vanilla wafer cookies is shown.""
      ]
    },
    ""counting"": {
      ""importance"": ""medium"",
      ""facts"": [
        ""One primary package is prominently shown.""
      ]
    },
    ""relation"": {
      ""importance"": ""low"",
      ""facts"": []
    },
    ""shape"": {
      ""importance"": ""low"",
      ""facts"": []
    },
    ""size"": {
      ""importance"": ""low"",
      ""facts"": []
    },
    ""color"": {
      ""importance"": ""low"",
      ""facts"": []
    },
    ""posture"": {
      ""importance"": ""low"",
      ""facts"": []
    },
    ""scene"": {
      ""importance"": ""low"",
      ""facts"": []
    },
    ""others"": {
      ""importance"": ""high"",
      ""facts"": [
        ""The package is identifiable as an 'Amazon Brand - Happy Belly Vanilla Wafers' product via visible labeling.""
      ]
    }
  },
  ""level_2"": {
    ""existence"": {
      ""importance"": ""high"",
      ""facts"": [
        ""The words 'Amazon Brand' appear on the package."",
        ""The words 'Happy Belly' appear on the package."",
        ""The words 'Vanilla Wafers' appear on the package.""
      ]
    },
    ""counting"": {
      ""importance"": ""low"",
      ""facts"": []
    },
    ""relation"": {
      ""importance"": ""high"",
      ""facts"": [
        ""The texts 'Amazon Brand', 'Happy Belly', and 'Vanilla Wafers' are printed on the same product package.""
      ]
    },
    ""shape"": {
      ""importance"": ""low"",
      ""facts"": []
    },
    ""size"": {
      ""importance"": ""low"",
      ""facts"": []
    },
    ""color"": {
      ""importance"": ""low"",
      ""facts"": []
    },
    ""posture"": {
      ""importance"": ""low"",
      ""facts"": []
    },
    ""scene"": {
      ""importance"": ""low"",
      ""facts"": []
    },
    ""others"": {
      ""importance"": ""medium"",
      ""facts"": [
        ""Vanilla wafer cookies are visually indicated as the product (e.g., wafers visible in the package or pictured on the package).""
      ]
    }
  },
  ""level_3"": {
    ""existence"": {
      ""importance"": ""high"",
      ""facts"": [
        ""The net weight is shown as '12 Ounce' or '12 oz' on the package.""
      ]
    },
    ""counting"": {
      ""importance"": ""low"",
      ""facts"": []
    },
    ""relation"": {
      ""importance"": ""low"",
      ""facts"": []
    },
    ""shape"": {
      ""importance"": ""low"",
      ""facts"": []
    },
    ""size"": {
      ""importance"": ""low"",
      ""facts"": []
    },
    ""color"": {
      ""importance"": ""low"",
      ""facts"": []
    },
    ""posture"": {
      ""importance"": ""low"",
      ""facts"": []
    },
    ""scene"": {
      ""importance"": ""low"",
      ""facts"": []
    },
    ""others"": {
      ""importance"": ""low"",
      ""facts"": []
    }
  }
}",high,A retail product package for vanilla wafer cookies is shown.,medium,One primary package is prominently shown.,low,,low,,low,,low,,low,,low,,high,The package is identifiable as an 'Amazon Brand - Happy Belly Vanilla Wafers' product via visible labeling.,high,The words 'Amazon Brand' appear on the package. | The words 'Happy Belly' appear on the package. | The words 'Vanilla Wafers' appear on the package.,low,,high,"The texts 'Amazon Brand', 'Happy Belly', and 'Vanilla Wafers' are printed on the same product package.",low,,low,,low,,low,,low,,medium,"Vanilla wafer cookies are visually indicated as the product (e.g., wafers visible in the package or pictured on the package).",high,The net weight is shown as '12 Ounce' or '12 oz' on the package.,low,,low,,low,,low,,low,,low,,low,,low,,"{""level_1"": {""existence"": {""importance"": ""high"", ""facts"": [""A retail product package for vanilla wafer cookies is shown.""]}, ""counting"": {""importance"": ""medium"", ""facts"": [""One primary package is prominently shown.""]}, ""relation"": {""importance"": ""low"", ""facts"": []}, ""shape"": {""importance"": ""low"", ""facts"": [""The product is packaged in a rectangular carton/box.""]}, ""size"": {""importance"": ""low"", ""facts"": []}, ""color"": {""importance"": ""low"", ""facts"": []}, ""posture"": {""importance"": ""low"", ""facts"": []}, ""scene"": {""importance"": ""low"", ""facts"": []}, ""others"": {""importance"": ""high"", ""facts"": []}}, ""level_2"": {""existence"": {""importance"": ""high"", ""facts"": [""The words 'Happy Belly' appear on the package."", ""The words 'Vanilla Wafers' appear on the package.""]}, ""counting"": {""importance"": ""low"", ""facts"": []}, ""relation"": {""importance"": ""high"", ""facts"": []}, ""shape"": {""importance"": ""low"", ""facts"": []}, ""size"": {""importance"": ""low"", ""facts"": []}, ""color"": {""importance"": ""low"", ""facts"": []}, ""posture"": {""importance"": ""low"", ""facts"": []}, ""scene"": {""importance"": ""low"", ""facts"": []}, ""others"": {""importance"": ""medium"", ""facts"": [""Vanilla wafer cookies are visually indicated as the product (e.g., wafers visible in the package or pictured on the package).""]}}, ""level_3"": {""existence"": {""importance"": ""high"", ""facts"": [""The net weight is shown as '12 Ounce' or '12 oz' on the package.""]}, ""counting"": {""importance"": ""low"", ""facts"": []}, ""relation"": {""importance"": ""low"", ""facts"": []}, ""shape"": {""importance"": ""low"", ""facts"": []}, ""size"": {""importance"": ""low"", ""facts"": []}, ""color"": {""importance"": ""low"", ""facts"": []}, ""posture"": {""importance"": ""low"", ""facts"": []}, ""scene"": {""importance"": ""low"", ""facts"": []}, ""others"": {""importance"": ""low"", ""facts"": []}}}","[{""level"": ""level_1"", ""category"": ""others"", ""fact"": ""The package is identifiable as an 'Amazon Brand - Happy Belly Vanilla Wafers' product via visible labeling."", ""reason"": ""not_necessary"", ""evidence_snippets"": [""Packaging may not visibly include the phrase 'Amazon Brand' even if the listing title does.""]}, {""level"": ""level_2"", ""category"": ""existence"", ""fact"": ""The words 'Amazon Brand' appear on the package."", ""reason"": ""not_necessary"", ""evidence_snippets"": [""The provided reference image front panel does not clearly show the phrase 'Amazon Brand'.""]}, {""level"": ""level_2"", ""category"": ""relation"", ""fact"": ""The texts 'Amazon Brand', 'Happy Belly', and 'Vanilla Wafers' are printed on the same product package."", ""reason"": ""not_necessary"", ""evidence_snippets"": [""The listing title includes 'Amazon Brand', but this phrase is not required to be printed to identify the product as Happy Belly Vanilla Wafers.""]}]","[{""level"": ""level_1"", ""category"": ""shape"", ""fact"": ""The product is packaged in a rectangular carton/box."", ""reason"": ""missing_necessary_fact"", ""evidence_snippets"": [""Reference image depicts the product as a box/carton.""]}]",False,,,/home/coder/passenger/data/ABO/2_Fact_Verification/wiki_pages/005_amazon_brand_happy_belly_vanilla_wafers_12_ounce.json,,/home/coder/passenger/data/ABO/selected_images/05_56037ec2.jpg
6,"find. Men's Um1527 Chukka Boots, Brown Tan, Womens 8","{""level_1"": {""existence"": {""importance"": ""high"", ""facts"": [""A pair of chukka-style boots is shown.""]}, ""counting"": {""importance"": ""high"", ""facts"": [""Two boots (a pair) are visible.""]}, ""relation"": {""importance"": ""low"", ""facts"": []}, ""shape"": {""importance"": ""high"", ""facts"": [""Each boot has an ankle-high upper (covers the ankle)."", ""Each boot is a lace-up boot (laces are visible).""]}, ""size"": {""importance"": ""low"", ""facts"": []}, ""color"": {""importance"": ""high"", ""facts"": [""The boots are brown/tan in color.""]}, ""posture"": {""importance"": ""low"", ""facts"": []}, ""scene"": {""importance"": ""low"", ""facts"": []}, ""others"": {""importance"": ""low"", ""facts"": []}}, ""level_2"": {""existence"": {""importance"": ""high"", ""facts"": [""Visible text appears somewhere in the image (e.g., on a product page, tag, or box label) identifying the product.""]}, ""counting"": {""importance"": ""low"", ""facts"": []}, ""relation"": {""importance"": ""low"", ""facts"": []}, ""shape"": {""importance"": ""medium"", ""facts"": [""Each boot has a rounded/closed toe typical of chukka boots.""]}, ""size"": {""importance"": ""low"", ""facts"": []}, ""color"": {""importance"": ""low"", ""facts"": []}, ""posture"": {""importance"": ""low"", ""facts"": []}, ""scene"": {""importance"": ""medium"", ""facts"": [""If shown as a product listing/screenshot, the boots image appears together with the identifying product text.""]}, ""others"": {""importance"": ""high"", ""facts"": [""The visible text indicates: \""Men's\""."", ""The visible text includes \""UM1527\""."", ""The visible text includes \""Chukka Boots\""."", ""The visible text indicates the color \""Brown Tan\""."", ""The visible text indicates the size \""Womens 8\"" (or equivalent size notation).""]}}, ""level_3"": {""existence"": {""importance"": ""low"", ""facts"": []}, ""counting"": {""importance"": ""low"", ""facts"": []}, ""relation"": {""importance"": ""low"", ""facts"": []}, ""shape"": {""importance"": ""low"", ""facts"": []}, ""size"": {""importance"": ""low"", ""facts"": []}, ""color"": {""importance"": ""low"", ""facts"": []}, ""posture"": {""importance"": ""low"", ""facts"": []}, ""scene"": {""importance"": ""low"", ""facts"": []}, ""others"": {""importance"": ""low"", ""facts"": []}}}","{""level_1"":{""existence"":{""importance"":""high"",""facts"":[""A pair of chukka-style boots is shown.""]},""counting"":{""importance"":""high"",""facts"":[""Two boots (a pair) are visible.""]},""relation"":{""importance"":""low"",""facts"":[]},""shape"":{""importance"":""high"",""facts"":[""Each boot has an ankle-high upper (covers the ankle)."",""Each boot is a lace-up boot (laces are visible).""]},""size"":{""importance"":""low"",""facts"":[]},""color"":{""importance"":""high"",""facts"":[""The boots are brown/tan in color.""]},""posture"":{""importance"":""low"",""facts"":[]},""scene"":{""importance"":""low"",""facts"":[]},""others"":{""importance"":""low"",""facts"":[]}},""level_2"":{""existence"":{""importance"":""high"",""facts"":[""Visible text appears somewhere in the image (e.g., on a product page, tag, or box label) identifying the product.""]},""counting"":{""importance"":""low"",""facts"":[]},""relation"":{""importance"":""low"",""facts"":[]},""shape"":{""importance"":""medium"",""facts"":[""Each boot has a rounded/closed toe typical of chukka boots.""]},""size"":{""importance"":""low"",""facts"":[]},""color"":{""importance"":""low"",""facts"":[]},""posture"":{""importance"":""low"",""facts"":[]},""scene"":{""importance"":""medium"",""facts"":[""If shown as a product listing/screenshot, the boots image appears together with the identifying product text.""]},""others"":{""importance"":""high"",""facts"":[""The visible text indicates: \""Men's\""."",""The visible text includes \""UM1527\""."",""The visible text includes \""Chukka Boots\""."",""The visible text indicates the color \""Brown Tan\""."",""The visible text indicates the size \""Womens 8\"" (or equivalent size notation).""]}},""level_3"":{""existence"":{""importance"":""low"",""facts"":[]},""counting"":{""importance"":""low"",""facts"":[]},""relation"":{""importance"":""low"",""facts"":[]},""shape"":{""importance"":""low"",""facts"":[]},""size"":{""importance"":""low"",""facts"":[]},""color"":{""importance"":""low"",""facts"":[]},""posture"":{""importance"":""low"",""facts"":[]},""scene"":{""importance"":""low"",""facts"":[]},""others"":{""importance"":""low"",""facts"":[]}}}",high,A pair of chukka-style boots is shown.,high,Two boots (a pair) are visible.,low,,high,Each boot has an ankle-high upper (covers the ankle). | Each boot is a lace-up boot (laces are visible).,low,,high,The boots are brown/tan in color.,low,,low,,low,,high,"Visible text appears somewhere in the image (e.g., on a product page, tag, or box label) identifying the product.",low,,low,,medium,Each boot has a rounded/closed toe typical of chukka boots.,low,,low,,low,,medium,"If shown as a product listing/screenshot, the boots image appears together with the identifying product text.",high,"The visible text indicates: ""Men's"". | The visible text includes ""UM1527"". | The visible text includes ""Chukka Boots"". | The visible text indicates the color ""Brown Tan"". | The visible text indicates the size ""Womens 8"" (or equivalent size notation).",low,,low,,low,,low,,low,,low,,low,,low,,low,,"{""level_1"": {""existence"": {""importance"": ""high"", ""facts"": [""A pair of chukka-style boots is shown.""]}, ""counting"": {""importance"": ""high"", ""facts"": [""At least one boot is visible.""]}, ""relation"": {""importance"": ""low"", ""facts"": []}, ""shape"": {""importance"": ""high"", ""facts"": [""Each boot has an ankle-high upper (covers the ankle)."", ""Each boot is a lace-up boot (laces are visible).""]}, ""size"": {""importance"": ""low"", ""facts"": []}, ""color"": {""importance"": ""high"", ""facts"": [""The boots are brown/tan in color.""]}, ""posture"": {""importance"": ""low"", ""facts"": []}, ""scene"": {""importance"": ""low"", ""facts"": []}, ""others"": {""importance"": ""low"", ""facts"": []}}, ""level_2"": {""existence"": {""importance"": ""high"", ""facts"": [""Visible text appears somewhere in the image (e.g., on a product page, tag, or box label) identifying the product."", ""Readable product-identifying text is present in the image (e.g., on a product listing/screenshot, tag, or box label).""]}, ""counting"": {""importance"": ""low"", ""facts"": []}, ""relation"": {""importance"": ""low"", ""facts"": []}, ""shape"": {""importance"": ""medium"", ""facts"": []}, ""size"": {""importance"": ""low"", ""facts"": []}, ""color"": {""importance"": ""low"", ""facts"": []}, ""posture"": {""importance"": ""low"", ""facts"": []}, ""scene"": {""importance"": ""medium"", ""facts"": []}, ""others"": {""importance"": ""high"", ""facts"": [""The visible text indicates: \""Men's\""."", ""The visible text includes \""UM1527\""."", ""The visible text includes \""Chukka Boots\""."", ""The visible text indicates the color \""Brown Tan\""."", ""The visible text indicates the size \""Womens 8\"" (or equivalent size notation).""]}}, ""level_3"": {""existence"": {""importance"": ""low"", ""facts"": []}, ""counting"": {""importance"": ""low"", ""facts"": []}, ""relation"": {""importance"": ""low"", ""facts"": []}, ""shape"": {""importance"": ""low"", ""facts"": []}, ""size"": {""importance"": ""low"", ""facts"": []}, ""color"": {""importance"": ""low"", ""facts"": []}, ""posture"": {""importance"": ""low"", ""facts"": []}, ""scene"": {""importance"": ""low"", ""facts"": []}, ""others"": {""importance"": ""low"", ""facts"": []}}}","[{""level"": ""level_1"", ""category"": ""counting"", ""fact"": ""Two boots (a pair) are visible."", ""reason"": ""not_necessary"", ""evidence_snippets"": [""Provided image shows a single boot, and product images may show one boot rather than a pair.""]}, {""level"": ""level_2"", ""category"": ""shape"", ""fact"": ""Each boot has a rounded/closed toe typical of chukka boots."", ""reason"": ""not_necessary"", ""evidence_snippets"": [""Toe shape can vary across valid chukka boots and is not required by the prompt text.""]}, {""level"": ""level_2"", ""category"": ""scene"", ""fact"": ""If shown as a product listing/screenshot, the boots image appears together with the identifying product text."", ""reason"": ""not_necessary"", ""evidence_snippets"": [""Product-identifying text could appear on a box label, tag, or elsewhere; requiring a specific layout is unnecessary.""]}]","[{""level"": ""level_1"", ""category"": ""counting"", ""fact"": ""At least one boot is visible."", ""reason"": ""missing_necessary_fact"", ""evidence_snippets"": [""The prompt is for chukka boots; an image can legitimately show a single boot.""]}, {""level"": ""level_2"", ""category"": ""existence"", ""fact"": ""Readable product-identifying text is present in the image (e.g., on a product listing/screenshot, tag, or box label)."", ""reason"": ""missing_necessary_fact"", ""evidence_snippets"": [""Details like UM1527 and Women's 8 are not visually inferable from the boot alone and require visible text to verify.""]}]",False,,,/home/coder/passenger/data/ABO/2_Fact_Verification/wiki_pages/006_find_men_s_um1527_chukka_boots_brown_tan_womens_8.json,,/home/coder/passenger/data/ABO/selected_images/06_f4227187.jpg
7,"UMI By Amazon 100% Organic Cotton 1 Fitted Sheet Only, 300 Thread Count Soft Sateen Weave GOTS Certified with 30cm deep Pockets Size -Super King, Color- Silver","{""level_1"": {""existence"": {""importance"": ""high"", ""facts"": [""A fitted bed sheet product is shown.""]}, ""counting"": {""importance"": ""high"", ""facts"": [""Only one fitted sheet is shown as the product (no additional sheets or pillowcases shown as included items).""]}, ""relation"": {""importance"": ""low"", ""facts"": []}, ""shape"": {""importance"": ""medium"", ""facts"": [""The sheet is a fitted-sheet form (not a flat rectangular sheet), with shaped corners suitable for wrapping a mattress.""]}, ""size"": {""importance"": ""low"", ""facts"": []}, ""color"": {""importance"": ""high"", ""facts"": [""The fitted sheet is silver/gray in color.""]}, ""posture"": {""importance"": ""low"", ""facts"": []}, ""scene"": {""importance"": ""low"", ""facts"": []}, ""others"": {""importance"": ""low"", ""facts"": []}}, ""level_2"": {""existence"": {""importance"": ""high"", ""facts"": [""The fitted sheet has elasticized edges/corners visible (typical fitted-sheet elastic).""]}, ""counting"": {""importance"": ""medium"", ""facts"": [""No pillowcases are visible."", ""No flat/top sheet is visible.""]}, ""relation"": {""importance"": ""low"", ""facts"": []}, ""shape"": {""importance"": ""medium"", ""facts"": [""The corners appear as pocketed corners consistent with a deep-pocket fitted sheet.""]}, ""size"": {""importance"": ""low"", ""facts"": []}, ""color"": {""importance"": ""high"", ""facts"": [""Any visible product fabric (and not just packaging) appears silver/gray.""]}, ""posture"": {""importance"": ""low"", ""facts"": []}, ""scene"": {""importance"": ""low"", ""facts"": []}, ""others"": {""importance"": ""medium"", ""facts"": [""If the product is shown in packaging, the packaging appears to be for a bedding fitted sheet.""]}}, ""level_3"": {""existence"": {""importance"": ""high"", ""facts"": [""Visible branding and/or packaging text indicates \""UMI By Amazon\""."", ""Visible packaging/label text indicates \""100% Organic Cotton\""."", ""Visible packaging/label text indicates \""1 Fitted Sheet Only\""."", ""Visible packaging/label text indicates \""300 Thread Count\""."", ""Visible packaging/label text indicates \""Soft Sateen Weave\""."", ""A visible GOTS certification mark/logo or text indicating \""GOTS Certified\"" is present."", ""Visible packaging/label text indicates \""30cm deep pockets\""."", ""Visible packaging/label text indicates size \""Super King\""."", ""Visible packaging/label text indicates color \""Silver\"".""]}, ""counting"": {""importance"": ""low"", ""facts"": []}, ""relation"": {""importance"": ""low"", ""facts"": []}, ""shape"": {""importance"": ""low"", ""facts"": []}, ""size"": {""importance"": ""low"", ""facts"": []}, ""color"": {""importance"": ""medium"", ""facts"": [""Any displayed color swatch or printed color name on packaging corresponds to silver.""]}, ""posture"": {""importance"": ""low"", ""facts"": []}, ""scene"": {""importance"": ""low"", ""facts"": []}, ""others"": {""importance"": ""low"", ""facts"": []}}}","{
  ""level_1"": {
    ""existence"": {
      ""importance"": ""high"",
      ""facts"": [
        ""A fitted bed sheet product is shown.""
      ]
    },
    ""counting"": {
      ""importance"": ""high"",
      ""facts"": [
        ""Only one fitted sheet is shown as the product (no additional sheets or pillowcases shown as included items).""
      ]
    },
    ""relation"": {
      ""importance"": ""low"",
      ""facts"": []
    },
    ""shape"": {
      ""importance"": ""medium"",
      ""facts"": [
        ""The sheet is a fitted-sheet form (not a flat rectangular sheet), with shaped corners suitable for wrapping a mattress.""
      ]
    },
    ""size"": {
      ""importance"": ""low"",
      ""facts"": []
    },
    ""color"": {
      ""importance"": ""high"",
      ""facts"": [
        ""The fitted sheet is silver/gray in color.""
      ]
    },
    ""posture"": {
      ""importance"": ""low"",
      ""facts"": []
    },
    ""scene"": {
      ""importance"": ""low"",
      ""facts"": []
    },
    ""others"": {
      ""importance"": ""low"",
      ""facts"": []
    }
  },
  ""level_2"": {
    ""existence"": {
      ""importance"": ""high"",
      ""facts"": [
        ""The fitted sheet has elasticized edges/corners visible (typical fitted-sheet elastic).""
      ]
    },
    ""counting"": {
      ""importance"": ""medium"",
      ""facts"": [
        ""No pillowcases are visible."",
        ""No flat/top sheet is visible.""
      ]
    },
    ""relation"": {
      ""importance"": ""low"",
      ""facts"": []
    },
    ""shape"": {
      ""importance"": ""medium"",
      ""facts"": [
        ""The corners appear as pocketed corners consistent with a deep-pocket fitted sheet.""
      ]
    },
    ""size"": {
      ""importance"": ""low"",
      ""facts"": []
    },
    ""color"": {
      ""importance"": ""high"",
      ""facts"": [
        ""Any visible product fabric (and not just packaging) appears silver/gray.""
      ]
    },
    ""posture"": {
      ""importance"": ""low"",
      ""facts"": []
    },
    ""scene"": {
      ""importance"": ""low"",
      ""facts"": []
    },
    ""others"": {
      ""importance"": ""medium"",
      ""facts"": [
        ""If the product is shown in packaging, the packaging appears to be for a bedding fitted sheet.""
      ]
    }
  },
  ""level_3"": {
    ""existence"": {
      ""importance"": ""high"",
      ""facts"": [
        ""Visible branding and/or packaging text indicates \""UMI By Amazon\""."",
        ""Visible packaging/label text indicates \""100% Organic Cotton\""."",
        ""Visible packaging/label text indicates \""1 Fitted Sheet Only\""."",
        ""Visible packaging/label text indicates \""300 Thread Count\""."",
        ""Visible packaging/label text indicates \""Soft Sateen Weave\""."",
        ""A visible GOTS certification mark/logo or text indicating \""GOTS Certified\"" is present."",
        ""Visible packaging/label text indicates \""30cm deep pockets\""."",
        ""Visible packaging/label text indicates size \""Super King\""."",
        ""Visible packaging/label text indicates color \""Silver\"".""
      ]
    },
    ""counting"": {
      ""importance"": ""low"",
      ""facts"": []
    },
    ""relation"": {
      ""importance"": ""low"",
      ""facts"": []
    },
    ""shape"": {
      ""importance"": ""low"",
      ""facts"": []
    },
    ""size"": {
      ""importance"": ""low"",
      ""facts"": []
    },
    ""color"": {
      ""importance"": ""medium"",
      ""facts"": [
        ""Any displayed color swatch or printed color name on packaging corresponds to silver.""
      ]
    },
    ""posture"": {
      ""importance"": ""low"",
      ""facts"": []
    },
    ""scene"": {
      ""importance"": ""low"",
      ""facts"": []
    },
    ""others"": {
      ""importance"": ""low"",
      ""facts"": []
    }
  }
}",high,A fitted bed sheet product is shown.,high,Only one fitted sheet is shown as the product (no additional sheets or pillowcases shown as included items).,low,,medium,"The sheet is a fitted-sheet form (not a flat rectangular sheet), with shaped corners suitable for wrapping a mattress.",low,,high,The fitted sheet is silver/gray in color.,low,,low,,low,,high,The fitted sheet has elasticized edges/corners visible (typical fitted-sheet elastic).,medium,No pillowcases are visible. | No flat/top sheet is visible.,low,,medium,The corners appear as pocketed corners consistent with a deep-pocket fitted sheet.,low,,high,Any visible product fabric (and not just packaging) appears silver/gray.,low,,low,,medium,"If the product is shown in packaging, the packaging appears to be for a bedding fitted sheet.",high,"Visible branding and/or packaging text indicates ""UMI By Amazon"". | Visible packaging/label text indicates ""100% Organic Cotton"". | Visible packaging/label text indicates ""1 Fitted Sheet Only"". | Visible packaging/label text indicates ""300 Thread Count"". | Visible packaging/label text indicates ""Soft Sateen Weave"". | A visible GOTS certification mark/logo or text indicating ""GOTS Certified"" is present. | Visible packaging/label text indicates ""30cm deep pockets"". | Visible packaging/label text indicates size ""Super King"". | Visible packaging/label text indicates color ""Silver"".",low,,low,,low,,low,,medium,Any displayed color swatch or printed color name on packaging corresponds to silver.,low,,low,,low,,"{""level_1"": {""existence"": {""importance"": ""high"", ""facts"": [""A fitted bed sheet product is shown.""]}, ""counting"": {""importance"": ""high"", ""facts"": []}, ""relation"": {""importance"": ""low"", ""facts"": []}, ""shape"": {""importance"": ""medium"", ""facts"": [""The sheet is a fitted-sheet form (not a flat rectangular sheet), with shaped corners suitable for wrapping a mattress."", ""The sheet is a fitted-sheet form with shaped/contoured corners (not a flat rectangular top sheet or a pillowcase).""]}, ""size"": {""importance"": ""low"", ""facts"": []}, ""color"": {""importance"": ""high"", ""facts"": [""The fitted sheet is silver/gray in color.""]}, ""posture"": {""importance"": ""low"", ""facts"": []}, ""scene"": {""importance"": ""low"", ""facts"": []}, ""others"": {""importance"": ""low"", ""facts"": []}}, ""level_2"": {""existence"": {""importance"": ""high"", ""facts"": [""The fitted sheet has elasticized edges/corners visible (typical fitted-sheet elastic).""]}, ""counting"": {""importance"": ""medium"", ""facts"": []}, ""relation"": {""importance"": ""low"", ""facts"": []}, ""shape"": {""importance"": ""medium"", ""facts"": [""The corners appear as pocketed corners consistent with a deep-pocket fitted sheet.""]}, ""size"": {""importance"": ""low"", ""facts"": []}, ""color"": {""importance"": ""high"", ""facts"": [""Any visible product fabric (and not just packaging) appears silver/gray.""]}, ""posture"": {""importance"": ""low"", ""facts"": []}, ""scene"": {""importance"": ""low"", ""facts"": []}, ""others"": {""importance"": ""medium"", ""facts"": []}}, ""level_3"": {""existence"": {""importance"": ""high"", ""facts"": [""Visible branding and/or packaging text indicates \""UMI By Amazon\""."", ""Visible packaging/label text indicates \""100% Organic Cotton\""."", ""Visible packaging/label text indicates \""1 Fitted Sheet Only\""."", ""Visible packaging/label text indicates \""300 Thread Count\""."", ""Visible packaging/label text indicates \""Soft Sateen Weave\""."", ""A visible GOTS certification mark/logo or text indicating \""GOTS Certified\"" is present."", ""Visible packaging/label text indicates \""30cm deep pockets\""."", ""Visible packaging/label text indicates size \""Super King\""."", ""Visible packaging/label text indicates color \""Silver\"".""]}, ""counting"": {""importance"": ""low"", ""facts"": []}, ""relation"": {""importance"": ""low"", ""facts"": []}, ""shape"": {""importance"": ""low"", ""facts"": []}, ""size"": {""importance"": ""low"", ""facts"": []}, ""color"": {""importance"": ""medium"", ""facts"": [""Any displayed color swatch or printed color name on packaging corresponds to silver.""]}, ""posture"": {""importance"": ""low"", ""facts"": []}, ""scene"": {""importance"": ""low"", ""facts"": []}, ""others"": {""importance"": ""low"", ""facts"": []}}}","[{""level"": ""level_1"", ""category"": ""counting"", ""fact"": ""Only one fitted sheet is shown as the product (no additional sheets or pillowcases shown as included items)."", ""reason"": ""not_visually_verifiable"", ""evidence_snippets"": []}, {""level"": ""level_2"", ""category"": ""counting"", ""fact"": ""No pillowcases are visible."", ""reason"": ""not_necessary"", ""evidence_snippets"": []}, {""level"": ""level_2"", ""category"": ""counting"", ""fact"": ""No flat/top sheet is visible."", ""reason"": ""not_necessary"", ""evidence_snippets"": []}, {""level"": ""level_2"", ""category"": ""others"", ""fact"": ""If the product is shown in packaging, the packaging appears to be for a bedding fitted sheet."", ""reason"": ""not_necessary"", ""evidence_snippets"": []}]","[{""level"": ""level_1"", ""category"": ""shape"", ""fact"": ""The sheet is a fitted-sheet form with shaped/contoured corners (not a flat rectangular top sheet or a pillowcase)."", ""reason"": ""missing_necessary_fact"", ""evidence_snippets"": []}]",False,,,/home/coder/passenger/data/ABO/2_Fact_Verification/wiki_pages/007_umi_by_amazon_100_organic_cotton_1_fitted_sheet_only_300_thread_count_soft_satee.json,,/home/coder/passenger/data/ABO/selected_images/07_87c11ce5.jpg
8,Amazon Brand - Symbol Men's Derby leather formal shoes - 10 UK/India (44 EU)(AZ-WS-114A),"{""level_1"": {""existence"": {""importance"": ""high"", ""facts"": [""At least one formal leather dress shoe is depicted.""]}, ""counting"": {""importance"": ""medium"", ""facts"": [""Two shoes (a pair) are depicted.""]}, ""relation"": {""importance"": ""low"", ""facts"": []}, ""shape"": {""importance"": ""high"", ""facts"": [""The shoe(s) are low-cut (below the ankle), typical of dress shoes.""]}, ""size"": {""importance"": ""low"", ""facts"": []}, ""color"": {""importance"": ""low"", ""facts"": []}, ""posture"": {""importance"": ""low"", ""facts"": []}, ""scene"": {""importance"": ""low"", ""facts"": []}, ""others"": {""importance"": ""low"", ""facts"": []}}, ""level_2"": {""existence"": {""importance"": ""high"", ""facts"": [""Each shoe has a lace-up closure with visible laces."", ""The shoe uppers appear to be leather (smooth leather-like surface)."", ""Each shoe has a defined heel.""]}, ""counting"": {""importance"": ""low"", ""facts"": []}, ""relation"": {""importance"": ""high"", ""facts"": [""The shoes are derby style: the lacing area shows open lacing construction (the quarters sit on top of the vamp, leaving a visible opening at the base of the laces).""]}, ""shape"": {""importance"": ""high"", ""facts"": [""Each shoe has a closed toe (not open-toe)."", ""Each shoe has a structured dress-shoe silhouette (not a sneaker/boot/sandal).""]}, ""size"": {""importance"": ""low"", ""facts"": []}, ""color"": {""importance"": ""low"", ""facts"": []}, ""posture"": {""importance"": ""low"", ""facts"": []}, ""scene"": {""importance"": ""low"", ""facts"": []}, ""others"": {""importance"": ""low"", ""facts"": [""If any branding is visible, it includes the word \""Symbol\"" on the product or packaging.""]}}, ""level_3"": {""existence"": {""importance"": ""low"", ""facts"": []}, ""counting"": {""importance"": ""low"", ""facts"": []}, ""relation"": {""importance"": ""low"", ""facts"": []}, ""shape"": {""importance"": ""low"", ""facts"": []}, ""size"": {""importance"": ""low"", ""facts"": [""If a size marking is visible on the shoe or packaging, it shows size \""10\"" (UK/India) and/or \""44\"" (EU).""]}, ""color"": {""importance"": ""low"", ""facts"": []}, ""posture"": {""importance"": ""low"", ""facts"": []}, ""scene"": {""importance"": ""low"", ""facts"": []}, ""others"": {""importance"": ""low"", ""facts"": [""If a model code is visible on the shoe or packaging, it includes \""AZ-WS-114A\"".""]}}}","{
  ""level_1"": {
    ""existence"": {
      ""importance"": ""high"",
      ""facts"": [
        ""At least one formal leather dress shoe is depicted.""
      ]
    },
    ""counting"": {
      ""importance"": ""medium"",
      ""facts"": [
        ""Two shoes (a pair) are depicted.""
      ]
    },
    ""relation"": {
      ""importance"": ""low"",
      ""facts"": []
    },
    ""shape"": {
      ""importance"": ""high"",
      ""facts"": [
        ""The shoe(s) are low-cut (below the ankle), typical of dress shoes.""
      ]
    },
    ""size"": {
      ""importance"": ""low"",
      ""facts"": []
    },
    ""color"": {
      ""importance"": ""low"",
      ""facts"": []
    },
    ""posture"": {
      ""importance"": ""low"",
      ""facts"": []
    },
    ""scene"": {
      ""importance"": ""low"",
      ""facts"": []
    },
    ""others"": {
      ""importance"": ""low"",
      ""facts"": []
    }
  },
  ""level_2"": {
    ""existence"": {
      ""importance"": ""high"",
      ""facts"": [
        ""Each shoe has a lace-up closure with visible laces."",
        ""The shoe uppers appear to be leather (smooth leather-like surface)."",
        ""Each shoe has a defined heel.""
      ]
    },
    ""counting"": {
      ""importance"": ""low"",
      ""facts"": []
    },
    ""relation"": {
      ""importance"": ""high"",
      ""facts"": [
        ""The shoes are derby style: the lacing area shows open lacing construction (the quarters sit on top of the vamp, leaving a visible opening at the base of the laces).""
      ]
    },
    ""shape"": {
      ""importance"": ""high"",
      ""facts"": [
        ""Each shoe has a closed toe (not open-toe)."",
        ""Each shoe has a structured dress-shoe silhouette (not a sneaker/boot/sandal).""
      ]
    },
    ""size"": {
      ""importance"": ""low"",
      ""facts"": []
    },
    ""color"": {
      ""importance"": ""low"",
      ""facts"": []
    },
    ""posture"": {
      ""importance"": ""low"",
      ""facts"": []
    },
    ""scene"": {
      ""importance"": ""low"",
      ""facts"": []
    },
    ""others"": {
      ""importance"": ""low"",
      ""facts"": [
        ""If any branding is visible, it includes the word \""Symbol\"" on the product or packaging.""
      ]
    }
  },
  ""level_3"": {
    ""existence"": {
      ""importance"": ""low"",
      ""facts"": []
    },
    ""counting"": {
      ""importance"": ""low"",
      ""facts"": []
    },
    ""relation"": {
      ""importance"": ""low"",
      ""facts"": []
    },
    ""shape"": {
      ""importance"": ""low"",
      ""facts"": []
    },
    ""size"": {
      ""importance"": ""low"",
      ""facts"": [
        ""If a size marking is visible on the shoe or packaging, it shows size \""10\"" (UK/India) and/or \""44\"" (EU).""
      ]
    },
    ""color"": {
      ""importance"": ""low"",
      ""facts"": []
    },
    ""posture"": {
      ""importance"": ""low"",
      ""facts"": []
    },
    ""scene"": {
      ""importance"": ""low"",
      ""facts"": []
    },
    ""others"": {
      ""importance"": ""low"",
      ""facts"": [
        ""If a model code is visible on the shoe or packaging, it includes \""AZ-WS-114A\"".""
      ]
    }
  }
}",high,At least one formal leather dress shoe is depicted.,medium,Two shoes (a pair) are depicted.,low,,high,"The shoe(s) are low-cut (below the ankle), typical of dress shoes.",low,,low,,low,,low,,low,,high,Each shoe has a lace-up closure with visible laces. | The shoe uppers appear to be leather (smooth leather-like surface). | Each shoe has a defined heel.,low,,high,"The shoes are derby style: the lacing area shows open lacing construction (the quarters sit on top of the vamp, leaving a visible opening at the base of the laces).",high,Each shoe has a closed toe (not open-toe). | Each shoe has a structured dress-shoe silhouette (not a sneaker/boot/sandal).,low,,low,,low,,low,,low,"If any branding is visible, it includes the word ""Symbol"" on the product or packaging.",low,,low,,low,,low,,low,"If a size marking is visible on the shoe or packaging, it shows size ""10"" (UK/India) and/or ""44"" (EU).",low,,low,,low,,low,"If a model code is visible on the shoe or packaging, it includes ""AZ-WS-114A"".","{""level_1"": {""existence"": {""importance"": ""high"", ""facts"": [""At least one formal leather dress shoe is depicted."", ""At least one formal lace-up dress shoe is depicted.""]}, ""counting"": {""importance"": ""medium"", ""facts"": []}, ""relation"": {""importance"": ""low"", ""facts"": []}, ""shape"": {""importance"": ""high"", ""facts"": [""The shoe(s) are low-cut (below the ankle), typical of dress shoes.""]}, ""size"": {""importance"": ""low"", ""facts"": []}, ""color"": {""importance"": ""low"", ""facts"": []}, ""posture"": {""importance"": ""low"", ""facts"": []}, ""scene"": {""importance"": ""low"", ""facts"": []}, ""others"": {""importance"": ""low"", ""facts"": []}}, ""level_2"": {""existence"": {""importance"": ""high"", ""facts"": [""Each shoe has a lace-up closure with visible laces."", ""The shoe uppers appear to be leather (smooth leather-like surface)."", ""Each shoe has a defined heel.""]}, ""counting"": {""importance"": ""low"", ""facts"": []}, ""relation"": {""importance"": ""high"", ""facts"": [""The shoes are derby style: the lacing area shows open lacing construction (the quarters sit on top of the vamp, leaving a visible opening at the base of the laces).""]}, ""shape"": {""importance"": ""high"", ""facts"": [""Each shoe has a closed toe (not open-toe)."", ""Each shoe has a structured dress-shoe silhouette (not a sneaker/boot/sandal).""]}, ""size"": {""importance"": ""low"", ""facts"": []}, ""color"": {""importance"": ""low"", ""facts"": []}, ""posture"": {""importance"": ""low"", ""facts"": []}, ""scene"": {""importance"": ""low"", ""facts"": []}, ""others"": {""importance"": ""low"", ""facts"": []}}, ""level_3"": {""existence"": {""importance"": ""low"", ""facts"": []}, ""counting"": {""importance"": ""low"", ""facts"": []}, ""relation"": {""importance"": ""low"", ""facts"": []}, ""shape"": {""importance"": ""low"", ""facts"": []}, ""size"": {""importance"": ""low"", ""facts"": []}, ""color"": {""importance"": ""low"", ""facts"": []}, ""posture"": {""importance"": ""low"", ""facts"": []}, ""scene"": {""importance"": ""low"", ""facts"": []}, ""others"": {""importance"": ""low"", ""facts"": []}}}","[{""level"": ""level_1"", ""category"": ""counting"", ""fact"": ""Two shoes (a pair) are depicted."", ""reason"": ""not_necessary"", ""evidence_snippets"": []}, {""level"": ""level_2"", ""category"": ""others"", ""fact"": ""If any branding is visible, it includes the word \""Symbol\"" on the product or packaging."", ""reason"": ""not_necessary"", ""evidence_snippets"": []}, {""level"": ""level_3"", ""category"": ""size"", ""fact"": ""If a size marking is visible on the shoe or packaging, it shows size \""10\"" (UK/India) and/or \""44\"" (EU)."", ""reason"": ""not_necessary"", ""evidence_snippets"": []}, {""level"": ""level_3"", ""category"": ""others"", ""fact"": ""If a model code is visible on the shoe or packaging, it includes \""AZ-WS-114A\""."", ""reason"": ""not_necessary"", ""evidence_snippets"": []}]","[{""level"": ""level_1"", ""category"": ""existence"", ""fact"": ""At least one formal lace-up dress shoe is depicted."", ""reason"": ""missing_necessary_fact"", ""evidence_snippets"": [""prompt: \""Men's Derby leather formal shoes\""""]}]",False,,,/home/coder/passenger/data/ABO/2_Fact_Verification/wiki_pages/008_amazon_brand_symbol_men_s_derby_leather_formal_shoes_10_uk_india_44_eu_az_ws_114.json,,/home/coder/passenger/data/ABO/selected_images/08_8310ab6b.jpg
9,Amazon Collection (Find) Platinum Plated Freshwater Cultured Pearl suta-ringusiruba-suwarohusuki-zirukonia pa-ruassya-kattohu-pupiasu (1 1/2 cttw),"{""level_1"": {""existence"": {""importance"": ""high"", ""facts"": [""A piece of jewelry identified as earrings is depicted.""]}, ""counting"": {""importance"": ""medium"", ""facts"": [""The image shows a matching pair of earrings (two earrings).""]}, ""relation"": {""importance"": ""low"", ""facts"": []}, ""shape"": {""importance"": ""low"", ""facts"": []}, ""size"": {""importance"": ""low"", ""facts"": []}, ""color"": {""importance"": ""low"", ""facts"": []}, ""posture"": {""importance"": ""low"", ""facts"": []}, ""scene"": {""importance"": ""low"", ""facts"": []}, ""others"": {""importance"": ""low"", ""facts"": []}}, ""level_2"": {""existence"": {""importance"": ""high"", ""facts"": [""At least one pearl is present as part of the earrings."", ""At least one clear, faceted gemstone (zirconia) is present as part of the earrings."", ""A metal setting/mount for the earrings is visible.""]}, ""counting"": {""importance"": ""low"", ""facts"": []}, ""relation"": {""importance"": ""high"", ""facts"": [""The pearl(s) are attached to the earring metal setting."", ""The zirconia gemstone(s) are set into or mounted on the earrings.""]}, ""shape"": {""importance"": ""high"", ""facts"": [""The zirconia gemstone(s) are Asscher-cut (square outline with clipped corners/step-cut appearance)."", ""The pearl(s) have a rounded/spherical appearance.""]}, ""size"": {""importance"": ""low"", ""facts"": []}, ""color"": {""importance"": ""high"", ""facts"": [""The metal of the earrings appears silver-toned (consistent with platinum-plated sterling silver).""]}, ""posture"": {""importance"": ""low"", ""facts"": []}, ""scene"": {""importance"": ""low"", ""facts"": []}, ""others"": {""importance"": ""low"", ""facts"": []}}, ""level_3"": {""existence"": {""importance"": ""low"", ""facts"": []}, ""counting"": {""importance"": ""low"", ""facts"": []}, ""relation"": {""importance"": ""low"", ""facts"": []}, ""shape"": {""importance"": ""low"", ""facts"": []}, ""size"": {""importance"": ""low"", ""facts"": []}, ""color"": {""importance"": ""low"", ""facts"": []}, ""posture"": {""importance"": ""low"", ""facts"": []}, ""scene"": {""importance"": ""low"", ""facts"": []}, ""others"": {""importance"": ""low"", ""facts"": [""If any branding text is visible, it reads “Amazon Collection” and/or “(Find)”."", ""If any carat-weight text is visible, it includes “1 1/2 cttw”.""]}}}","{
  ""level_1"": {
    ""existence"": {
      ""importance"": ""high"",
      ""facts"": [
        ""A piece of jewelry identified as earrings is depicted.""
      ]
    },
    ""counting"": {
      ""importance"": ""medium"",
      ""facts"": [
        ""The image shows a matching pair of earrings (two earrings).""
      ]
    },
    ""relation"": {
      ""importance"": ""low"",
      ""facts"": []
    },
    ""shape"": {
      ""importance"": ""low"",
      ""facts"": []
    },
    ""size"": {
      ""importance"": ""low"",
      ""facts"": []
    },
    ""color"": {
      ""importance"": ""low"",
      ""facts"": []
    },
    ""posture"": {
      ""importance"": ""low"",
      ""facts"": []
    },
    ""scene"": {
      ""importance"": ""low"",
      ""facts"": []
    },
    ""others"": {
      ""importance"": ""low"",
      ""facts"": []
    }
  },
  ""level_2"": {
    ""existence"": {
      ""importance"": ""high"",
      ""facts"": [
        ""At least one pearl is present as part of the earrings."",
        ""At least one clear, faceted gemstone (zirconia) is present as part of the earrings."",
        ""A metal setting/mount for the earrings is visible.""
      ]
    },
    ""counting"": {
      ""importance"": ""low"",
      ""facts"": []
    },
    ""relation"": {
      ""importance"": ""high"",
      ""facts"": [
        ""The pearl(s) are attached to the earring metal setting."",
        ""The zirconia gemstone(s) are set into or mounted on the earrings.""
      ]
    },
    ""shape"": {
      ""importance"": ""high"",
      ""facts"": [
        ""The zirconia gemstone(s) are Asscher-cut (square outline with clipped corners/step-cut appearance)."",
        ""The pearl(s) have a rounded/spherical appearance.""
      ]
    },
    ""size"": {
      ""importance"": ""low"",
      ""facts"": []
    },
    ""color"": {
      ""importance"": ""high"",
      ""facts"": [
        ""The metal of the earrings appears silver-toned (consistent with platinum-plated sterling silver).""
      ]
    },
    ""posture"": {
      ""importance"": ""low"",
      ""facts"": []
    },
    ""scene"": {
      ""importance"": ""low"",
      ""facts"": []
    },
    ""others"": {
      ""importance"": ""low"",
      ""facts"": []
    }
  },
  ""level_3"": {
    ""existence"": {
      ""importance"": ""low"",
      ""facts"": []
    },
    ""counting"": {
      ""importance"": ""low"",
      ""facts"": []
    },
    ""relation"": {
      ""importance"": ""low"",
      ""facts"": []
    },
    ""shape"": {
      ""importance"": ""low"",
      ""facts"": []
    },
    ""size"": {
      ""importance"": ""low"",
      ""facts"": []
    },
    ""color"": {
      ""importance"": ""low"",
      ""facts"": []
    },
    ""posture"": {
      ""importance"": ""low"",
      ""facts"": []
    },
    ""scene"": {
      ""importance"": ""low"",
      ""facts"": []
    },
    ""others"": {
      ""importance"": ""low"",
      ""facts"": [
        ""If any branding text is visible, it reads “Amazon Collection” and/or “(Find)”."",
        ""If any carat-weight text is visible, it includes “1 1/2 cttw”.""
      ]
    }
  }
}",high,A piece of jewelry identified as earrings is depicted.,medium,The image shows a matching pair of earrings (two earrings).,low,,low,,low,,low,,low,,low,,low,,high,"At least one pearl is present as part of the earrings. | At least one clear, faceted gemstone (zirconia) is present as part of the earrings. | A metal setting/mount for the earrings is visible.",low,,high,The pearl(s) are attached to the earring metal setting. | The zirconia gemstone(s) are set into or mounted on the earrings.,high,The zirconia gemstone(s) are Asscher-cut (square outline with clipped corners/step-cut appearance). | The pearl(s) have a rounded/spherical appearance.,low,,high,The metal of the earrings appears silver-toned (consistent with platinum-plated sterling silver).,low,,low,,low,,low,,low,,low,,low,,low,,low,,low,,low,,low,"If any branding text is visible, it reads “Amazon Collection” and/or “(Find)”. | If any carat-weight text is visible, it includes “1 1/2 cttw”.","{""level_1"": {""existence"": {""importance"": ""high"", ""facts"": [""A piece of jewelry identified as earrings is depicted.""]}, ""counting"": {""importance"": ""medium"", ""facts"": [""The image shows a matching pair of earrings (two earrings).""]}, ""relation"": {""importance"": ""low"", ""facts"": []}, ""shape"": {""importance"": ""low"", ""facts"": []}, ""size"": {""importance"": ""low"", ""facts"": []}, ""color"": {""importance"": ""low"", ""facts"": []}, ""posture"": {""importance"": ""low"", ""facts"": []}, ""scene"": {""importance"": ""low"", ""facts"": []}, ""others"": {""importance"": ""low"", ""facts"": []}}, ""level_2"": {""existence"": {""importance"": ""high"", ""facts"": [""At least one pearl is present as part of the earrings."", ""At least one clear, faceted gemstone (zirconia) is present as part of the earrings."", ""A metal setting/mount for the earrings is visible."", ""A hoop/huggie-style earring component is present."", ""Multiple small clear stones line part of the front/outside of each hoop/huggie component.""]}, ""counting"": {""importance"": ""high"", ""facts"": [""There is one pearl drop per earring (two pearl drops total)."", ""There is one square clear gemstone per earring (two square gemstones total)."", ""Exactly 2 hydrogen atoms are part of the molecule overall (explicit or implicit).""]}, ""relation"": {""importance"": ""high"", ""facts"": [""The pearl(s) are attached to the earring metal setting."", ""The zirconia gemstone(s) are set into or mounted on the earrings."", ""Each pearl drop hangs/dangles from the metal earring (it is not fixed flush to the hoop).""]}, ""shape"": {""importance"": ""high"", ""facts"": [""The zirconia gemstone(s) are Asscher-cut (square outline with clipped corners/step-cut appearance)."", ""The pearl(s) have a rounded/spherical appearance.""]}, ""size"": {""importance"": ""low"", ""facts"": []}, ""color"": {""importance"": ""high"", ""facts"": []}, ""posture"": {""importance"": ""low"", ""facts"": []}, ""scene"": {""importance"": ""low"", ""facts"": []}, ""others"": {""importance"": ""low"", ""facts"": []}}, ""level_3"": {""existence"": {""importance"": ""low"", ""facts"": []}, ""counting"": {""importance"": ""low"", ""facts"": []}, ""relation"": {""importance"": ""low"", ""facts"": []}, ""shape"": {""importance"": ""low"", ""facts"": []}, ""size"": {""importance"": ""low"", ""facts"": []}, ""color"": {""importance"": ""low"", ""facts"": []}, ""posture"": {""importance"": ""low"", ""facts"": []}, ""scene"": {""importance"": ""low"", ""facts"": []}, ""others"": {""importance"": ""low"", ""facts"": []}}}","[{""level"": ""level_2"", ""category"": ""color"", ""fact"": ""The metal of the earrings appears silver-toned (consistent with platinum-plated sterling silver)."", ""reason"": ""not_visually_verifiable"", ""evidence_snippets"": [""Platinum-plated sterling silver cannot be confirmed from appearance alone.""]}, {""level"": ""level_3"", ""category"": ""others"", ""fact"": ""If any branding text is visible, it reads “Amazon Collection” and/or “(Find)”."", ""reason"": ""not_necessary"", ""evidence_snippets"": [""Branding text is not a necessary visible attribute of the earrings themselves.""]}, {""level"": ""level_3"", ""category"": ""others"", ""fact"": ""If any carat-weight text is visible, it includes “1 1/2 cttw”."", ""reason"": ""not_necessary"", ""evidence_snippets"": [""Carat-weight text is not a necessary visible attribute of the earrings themselves.""]}]","[{""level"": ""level_2"", ""category"": ""existence"", ""fact"": ""A hoop/huggie-style earring component is present."", ""reason"": ""missing_necessary_fact"", ""evidence_snippets"": [""The reference image shows the earrings built around a small hoop/huggie form.""]}, {""level"": ""level_2"", ""category"": ""existence"", ""fact"": ""Multiple small clear stones line part of the front/outside of each hoop/huggie component."", ""reason"": ""missing_necessary_fact"", ""evidence_snippets"": [""The reference image shows a row of small clear stones along the hoop.""]}, {""level"": ""level_2"", ""category"": ""counting"", ""fact"": ""There is one pearl drop per earring (two pearl drops total)."", ""reason"": ""missing_necessary_fact"", ""evidence_snippets"": [""The product is a pair of pearl-drop earrings.""]}, {""level"": ""level_2"", ""category"": ""counting"", ""fact"": ""There is one square clear gemstone per earring (two square gemstones total)."", ""reason"": ""missing_necessary_fact"", ""evidence_snippets"": [""The product is a pair of earrings each featuring a square clear gemstone.""]}, {""level"": ""level_2"", ""category"": ""relation"", ""fact"": ""Each pearl drop hangs/dangles from the metal earring (it is not fixed flush to the hoop)."", ""reason"": ""missing_necessary_fact"", ""evidence_snippets"": [""The reference image depicts pearl drops suspended below the hoop.""]}]",False,,,/home/coder/passenger/data/ABO/2_Fact_Verification/wiki_pages/009_amazon_collection_find_platinum_plated_freshwater_cultured_pearl_suta_ringusirub.json,,/home/coder/passenger/data/ABO/selected_images/09_eea6cb50.jpg
10,"365 EVERYDAY VALUE Toronto Steak Dry Rub, 5 OZ","{""level_1"": {""existence"": {""importance"": ""high"", ""facts"": [""A single packaged food seasoning product is shown.""]}, ""counting"": {""importance"": ""medium"", ""facts"": [""Only one product package/container is shown as the main subject.""]}, ""relation"": {""importance"": ""low"", ""facts"": []}, ""shape"": {""importance"": ""low"", ""facts"": []}, ""size"": {""importance"": ""low"", ""facts"": []}, ""color"": {""importance"": ""low"", ""facts"": []}, ""posture"": {""importance"": ""low"", ""facts"": []}, ""scene"": {""importance"": ""low"", ""facts"": []}, ""others"": {""importance"": ""high"", ""facts"": [""The product is identifiable from the visible labeling as '365 EVERYDAY VALUE Toronto Steak Dry Rub, 5 OZ'.""]}}, ""level_2"": {""existence"": {""importance"": ""high"", ""facts"": [""The package/container has a visible front label.""]}, ""counting"": {""importance"": ""low"", ""facts"": []}, ""relation"": {""importance"": ""high"", ""facts"": [""The label includes the brand text '365' and 'EVERYDAY VALUE'."", ""The label includes the product name text 'Toronto Steak Dry Rub'."", ""The label includes the net weight text '5 OZ'.""]}, ""shape"": {""importance"": ""low"", ""facts"": []}, ""size"": {""importance"": ""low"", ""facts"": []}, ""color"": {""importance"": ""low"", ""facts"": []}, ""posture"": {""importance"": ""low"", ""facts"": []}, ""scene"": {""importance"": ""low"", ""facts"": []}, ""others"": {""importance"": ""medium"", ""facts"": [""The product is presented as a dry rub/seasoning (not a liquid sauce).""]}}, ""level_3"": {""existence"": {""importance"": ""low"", ""facts"": []}, ""counting"": {""importance"": ""low"", ""facts"": []}, ""relation"": {""importance"": ""medium"", ""facts"": [""The label text is legible enough to read '365', 'EVERYDAY VALUE', 'Toronto Steak Dry Rub', and '5 OZ'.""]}, ""shape"": {""importance"": ""low"", ""facts"": []}, ""size"": {""importance"": ""low"", ""facts"": []}, ""color"": {""importance"": ""low"", ""facts"": []}, ""posture"": {""importance"": ""low"", ""facts"": []}, ""scene"": {""importance"": ""low"", ""facts"": []}, ""others"": {""importance"": ""low"", ""facts"": []}}}","{
  ""level_1"": {
    ""existence"": {
      ""importance"": ""high"",
      ""facts"": [
        ""A single packaged food seasoning product is shown.""
      ]
    },
    ""counting"": {
      ""importance"": ""medium"",
      ""facts"": [
        ""Only one product package/container is shown as the main subject.""
      ]
    },
    ""relation"": {
      ""importance"": ""low"",
      ""facts"": []
    },
    ""shape"": {
      ""importance"": ""low"",
      ""facts"": []
    },
    ""size"": {
      ""importance"": ""low"",
      ""facts"": []
    },
    ""color"": {
      ""importance"": ""low"",
      ""facts"": []
    },
    ""posture"": {
      ""importance"": ""low"",
      ""facts"": []
    },
    ""scene"": {
      ""importance"": ""low"",
      ""facts"": []
    },
    ""others"": {
      ""importance"": ""high"",
      ""facts"": [
        ""The product is identifiable from the visible labeling as '365 EVERYDAY VALUE Toronto Steak Dry Rub, 5 OZ'.""
      ]
    }
  },
  ""level_2"": {
    ""existence"": {
      ""importance"": ""high"",
      ""facts"": [
        ""The package/container has a visible front label.""
      ]
    },
    ""counting"": {
      ""importance"": ""low"",
      ""facts"": []
    },
    ""relation"": {
      ""importance"": ""high"",
      ""facts"": [
        ""The label includes the brand text '365' and 'EVERYDAY VALUE'."",
        ""The label includes the product name text 'Toronto Steak Dry Rub'."",
        ""The label includes the net weight text '5 OZ'.""
      ]
    },
    ""shape"": {
      ""importance"": ""low"",
      ""facts"": []
    },
    ""size"": {
      ""importance"": ""low"",
      ""facts"": []
    },
    ""color"": {
      ""importance"": ""low"",
      ""facts"": []
    },
    ""posture"": {
      ""importance"": ""low"",
      ""facts"": []
    },
    ""scene"": {
      ""importance"": ""low"",
      ""facts"": []
    },
    ""others"": {
      ""importance"": ""medium"",
      ""facts"": [
        ""The product is presented as a dry rub/seasoning (not a liquid sauce).""
      ]
    }
  },
  ""level_3"": {
    ""existence"": {
      ""importance"": ""low"",
      ""facts"": []
    },
    ""counting"": {
      ""importance"": ""low"",
      ""facts"": []
    },
    ""relation"": {
      ""importance"": ""medium"",
      ""facts"": [
        ""The label text is legible enough to read '365', 'EVERYDAY VALUE', 'Toronto Steak Dry Rub', and '5 OZ'.""
      ]
    },
    ""shape"": {
      ""importance"": ""low"",
      ""facts"": []
    },
    ""size"": {
      ""importance"": ""low"",
      ""facts"": []
    },
    ""color"": {
      ""importance"": ""low"",
      ""facts"": []
    },
    ""posture"": {
      ""importance"": ""low"",
      ""facts"": []
    },
    ""scene"": {
      ""importance"": ""low"",
      ""facts"": []
    },
    ""others"": {
      ""importance"": ""low"",
      ""facts"": []
    }
  }
}",high,A single packaged food seasoning product is shown.,medium,Only one product package/container is shown as the main subject.,low,,low,,low,,low,,low,,low,,high,"The product is identifiable from the visible labeling as '365 EVERYDAY VALUE Toronto Steak Dry Rub, 5 OZ'.",high,The package/container has a visible front label.,low,,high,The label includes the brand text '365' and 'EVERYDAY VALUE'. | The label includes the product name text 'Toronto Steak Dry Rub'. | The label includes the net weight text '5 OZ'.,low,,low,,low,,low,,low,,medium,The product is presented as a dry rub/seasoning (not a liquid sauce).,low,,low,,medium,"The label text is legible enough to read '365', 'EVERYDAY VALUE', 'Toronto Steak Dry Rub', and '5 OZ'.",low,,low,,low,,low,,low,,low,,"{""level_1"": {""existence"": {""importance"": ""high"", ""facts"": [""A single packaged food seasoning product is shown.""]}, ""counting"": {""importance"": ""medium"", ""facts"": [""Only one product package/container is shown as the main subject.""]}, ""relation"": {""importance"": ""low"", ""facts"": []}, ""shape"": {""importance"": ""low"", ""facts"": [""The product is in a cylindrical spice jar/container with a screw-top lid.""]}, ""size"": {""importance"": ""low"", ""facts"": []}, ""color"": {""importance"": ""low"", ""facts"": []}, ""posture"": {""importance"": ""low"", ""facts"": []}, ""scene"": {""importance"": ""low"", ""facts"": []}, ""others"": {""importance"": ""high"", ""facts"": [""The front label identifies the product as a 'Toronto' steak rub/seasoning (the name includes 'Toronto', 'Steak', and 'Rub' on the label).""]}}, ""level_2"": {""existence"": {""importance"": ""high"", ""facts"": [""The package/container has a visible front label.""]}, ""counting"": {""importance"": ""low"", ""facts"": []}, ""relation"": {""importance"": ""high"", ""facts"": [""The label includes the brand text '365' and 'EVERYDAY VALUE'."", ""The label includes the net weight text '5 OZ'.""]}, ""shape"": {""importance"": ""low"", ""facts"": [""The jar has a black screw-on cap/lid.""]}, ""size"": {""importance"": ""low"", ""facts"": []}, ""color"": {""importance"": ""low"", ""facts"": []}, ""posture"": {""importance"": ""low"", ""facts"": []}, ""scene"": {""importance"": ""low"", ""facts"": []}, ""others"": {""importance"": ""medium"", ""facts"": [""The product is presented as a dry rub/seasoning (not a liquid sauce).""]}}, ""level_3"": {""existence"": {""importance"": ""low"", ""facts"": []}, ""counting"": {""importance"": ""low"", ""facts"": []}, ""relation"": {""importance"": ""medium"", ""facts"": [""The label text is legible enough to read '365', 'EVERYDAY VALUE', 'Toronto Steak Dry Rub', and '5 OZ'.""]}, ""shape"": {""importance"": ""low"", ""facts"": []}, ""size"": {""importance"": ""low"", ""facts"": []}, ""color"": {""importance"": ""low"", ""facts"": []}, ""posture"": {""importance"": ""low"", ""facts"": []}, ""scene"": {""importance"": ""low"", ""facts"": []}, ""others"": {""importance"": ""low"", ""facts"": []}}}","[{""level"": ""level_1"", ""category"": ""others"", ""fact"": ""The product is identifiable from the visible labeling as '365 EVERYDAY VALUE Toronto Steak Dry Rub, 5 OZ'."", ""reason"": ""not_visually_verifiable"", ""evidence_snippets"": [""The provided reference image label reads 'Toronto Steak & Chicken Rub' (includes an ampersand and additional word), so the exact string 'Toronto Steak Dry Rub' is not confirmed directly from pixels.""]}, {""level"": ""level_2"", ""category"": ""relation"", ""fact"": ""The label includes the product name text 'Toronto Steak Dry Rub'."", ""reason"": ""not_visually_verifiable"", ""evidence_snippets"": [""The visible product name on the provided image includes additional wording beyond 'Toronto Steak Dry Rub'.""]}]","[{""level"": ""level_1"", ""category"": ""shape"", ""fact"": ""The product is in a cylindrical spice jar/container with a screw-top lid."", ""reason"": ""missing_necessary_fact"", ""evidence_snippets"": [""Prompt indicates a packaged 5 oz seasoning; the provided image shows a spice-jar form factor that is identity-defining for this branded product presentation.""]}, {""level"": ""level_2"", ""category"": ""shape"", ""fact"": ""The jar has a black screw-on cap/lid."", ""reason"": ""missing_necessary_fact"", ""evidence_snippets"": [""The provided image shows a black cap, which is a distinctive, visually checkable packaging attribute.""]}, {""level"": ""level_1"", ""category"": ""others"", ""fact"": ""The front label identifies the product as a 'Toronto' steak rub/seasoning (the name includes 'Toronto', 'Steak', and 'Rub' on the label)."", ""reason"": ""missing_necessary_fact"", ""evidence_snippets"": [""This captures the necessary product-variant identification without requiring an exact phrasing that may vary on packaging.""]}]",False,,,/home/coder/passenger/data/ABO/2_Fact_Verification/wiki_pages/010_365_everyday_value_toronto_steak_dry_rub_5_oz.json,,/home/coder/passenger/data/ABO/selected_images/10_b66efa34.jpg
