index,prompt,rubric_json,rubric_raw_output,level_1_existence_importance,level_1_existence_facts,level_1_counting_importance,level_1_counting_facts,level_1_relation_importance,level_1_relation_facts,level_1_shape_importance,level_1_shape_facts,level_1_size_importance,level_1_size_facts,level_1_color_importance,level_1_color_facts,level_1_posture_importance,level_1_posture_facts,level_1_scene_importance,level_1_scene_facts,level_1_others_importance,level_1_others_facts,level_2_existence_importance,level_2_existence_facts,level_2_counting_importance,level_2_counting_facts,level_2_relation_importance,level_2_relation_facts,level_2_shape_importance,level_2_shape_facts,level_2_size_importance,level_2_size_facts,level_2_color_importance,level_2_color_facts,level_2_posture_importance,level_2_posture_facts,level_2_scene_importance,level_2_scene_facts,level_2_others_importance,level_2_others_facts,level_3_existence_importance,level_3_existence_facts,level_3_counting_importance,level_3_counting_facts,level_3_relation_importance,level_3_relation_facts,level_3_shape_importance,level_3_shape_facts,level_3_size_importance,level_3_size_facts,level_3_color_importance,level_3_color_facts,level_3_posture_importance,level_3_posture_facts,level_3_scene_importance,level_3_scene_facts,level_3_others_importance,level_3_others_facts
1,Japanese Stop Sign Used From 1960 to 1963,"{""level_1"": {""existence"": {""importance"": ""high"", ""facts"": [""A roadside traffic stop sign is depicted.""]}, ""counting"": {""importance"": ""medium"", ""facts"": [""Exactly one stop sign face is shown.""]}, ""relation"": {""importance"": ""low"", ""facts"": []}, ""shape"": {""importance"": ""high"", ""facts"": [""The sign face is octagonal (8-sided).""]}, ""size"": {""importance"": ""low"", ""facts"": []}, ""color"": {""importance"": ""high"", ""facts"": [""The sign face is predominantly red.""]}, ""posture"": {""importance"": ""low"", ""facts"": []}, ""scene"": {""importance"": ""low"", ""facts"": []}, ""others"": {""importance"": ""high"", ""facts"": [""The sign is identifiable as the Japanese stop sign design used from 1960 to 1963.""]}}, ""level_2"": {""existence"": {""importance"": ""high"", ""facts"": [""Japanese writing is present on the sign face indicating 'stop'.""]}, ""counting"": {""importance"": ""low"", ""facts"": []}, ""relation"": {""importance"": ""low"", ""facts"": []}, ""shape"": {""importance"": ""high"", ""facts"": [""A border outline is present around the edge of the octagon.""]}, ""size"": {""importance"": ""low"", ""facts"": []}, ""color"": {""importance"": ""high"", ""facts"": [""The border and the Japanese writing contrast strongly with the red background (e.g., light/white elements on red).""]}, ""posture"": {""importance"": ""low"", ""facts"": []}, ""scene"": {""importance"": ""low"", ""facts"": []}, ""others"": {""importance"": ""medium"", ""facts"": [""The sign appears as a physical sign face (not only the word 'stop' without a sign shape).""]}}, ""level_3"": {""existence"": {""importance"": ""medium"", ""facts"": [""The Japanese text on the sign reads '止まれ' or an equivalent Japanese rendering meaning 'stop'.""]}, ""counting"": {""importance"": ""low"", ""facts"": []}, ""relation"": {""importance"": ""low"", ""facts"": []}, ""shape"": {""importance"": ""low"", ""facts"": []}, ""size"": {""importance"": ""low"", ""facts"": []}, ""color"": {""importance"": ""low"", ""facts"": []}, ""posture"": {""importance"": ""low"", ""facts"": []}, ""scene"": {""importance"": ""low"", ""facts"": []}, ""others"": {""importance"": ""low"", ""facts"": []}}}","{
  ""level_1"": {
    ""existence"": {
      ""importance"": ""high"",
      ""facts"": [
        ""A roadside traffic stop sign is depicted.""
      ]
    },
    ""counting"": {
      ""importance"": ""medium"",
      ""facts"": [
        ""Exactly one stop sign face is shown.""
      ]
    },
    ""relation"": {
      ""importance"": ""low"",
      ""facts"": []
    },
    ""shape"": {
      ""importance"": ""high"",
      ""facts"": [
        ""The sign face is octagonal (8-sided).""
      ]
    },
    ""size"": {
      ""importance"": ""low"",
      ""facts"": []
    },
    ""color"": {
      ""importance"": ""high"",
      ""facts"": [
        ""The sign face is predominantly red.""
      ]
    },
    ""posture"": {
      ""importance"": ""low"",
      ""facts"": []
    },
    ""scene"": {
      ""importance"": ""low"",
      ""facts"": []
    },
    ""others"": {
      ""importance"": ""high"",
      ""facts"": [
        ""The sign is identifiable as the Japanese stop sign design used from 1960 to 1963.""
      ]
    }
  },
  ""level_2"": {
    ""existence"": {
      ""importance"": ""high"",
      ""facts"": [
        ""Japanese writing is present on the sign face indicating 'stop'.""
      ]
    },
    ""counting"": {
      ""importance"": ""low"",
      ""facts"": []
    },
    ""relation"": {
      ""importance"": ""low"",
      ""facts"": []
    },
    ""shape"": {
      ""importance"": ""high"",
      ""facts"": [
        ""A border outline is present around the edge of the octagon.""
      ]
    },
    ""size"": {
      ""importance"": ""low"",
      ""facts"": []
    },
    ""color"": {
      ""importance"": ""high"",
      ""facts"": [
        ""The border and the Japanese writing contrast strongly with the red background (e.g., light/white elements on red).""
      ]
    },
    ""posture"": {
      ""importance"": ""low"",
      ""facts"": []
    },
    ""scene"": {
      ""importance"": ""low"",
      ""facts"": []
    },
    ""others"": {
      ""importance"": ""medium"",
      ""facts"": [
        ""The sign appears as a physical sign face (not only the word 'stop' without a sign shape).""
      ]
    }
  },
  ""level_3"": {
    ""existence"": {
      ""importance"": ""medium"",
      ""facts"": [
        ""The Japanese text on the sign reads '止まれ' or an equivalent Japanese rendering meaning 'stop'.""
      ]
    },
    ""counting"": {
      ""importance"": ""low"",
      ""facts"": []
    },
    ""relation"": {
      ""importance"": ""low"",
      ""facts"": []
    },
    ""shape"": {
      ""importance"": ""low"",
      ""facts"": []
    },
    ""size"": {
      ""importance"": ""low"",
      ""facts"": []
    },
    ""color"": {
      ""importance"": ""low"",
      ""facts"": []
    },
    ""posture"": {
      ""importance"": ""low"",
      ""facts"": []
    },
    ""scene"": {
      ""importance"": ""low"",
      ""facts"": []
    },
    ""others"": {
      ""importance"": ""low"",
      ""facts"": []
    }
  }
}",high,A roadside traffic stop sign is depicted.,medium,Exactly one stop sign face is shown.,low,,high,The sign face is octagonal (8-sided).,low,,high,The sign face is predominantly red.,low,,low,,high,The sign is identifiable as the Japanese stop sign design used from 1960 to 1963.,high,Japanese writing is present on the sign face indicating 'stop'.,low,,low,,high,A border outline is present around the edge of the octagon.,low,,high,"The border and the Japanese writing contrast strongly with the red background (e.g., light/white elements on red).",low,,low,,medium,The sign appears as a physical sign face (not only the word 'stop' without a sign shape).,medium,The Japanese text on the sign reads '止まれ' or an equivalent Japanese rendering meaning 'stop'.,low,,low,,low,,low,,low,,low,,low,,low,
2,Deluxe taxi in South Korea,"{""level_1"": {""existence"": {""importance"": ""high"", ""facts"": [""A taxi vehicle is shown.""]}, ""counting"": {""importance"": ""low"", ""facts"": []}, ""relation"": {""importance"": ""high"", ""facts"": [""The taxi is shown in a context that visually indicates South Korea (at least one clear Korea-specific cue is visible, such as Hangul signage/text or a Korean-style license plate).""]}, ""shape"": {""importance"": ""medium"", ""facts"": [""The taxi is a passenger car (not a bus, motorcycle, or bicycle).""]}, ""size"": {""importance"": ""low"", ""facts"": []}, ""color"": {""importance"": ""low"", ""facts"": []}, ""posture"": {""importance"": ""low"", ""facts"": []}, ""scene"": {""importance"": ""medium"", ""facts"": [""The taxi is shown in an outdoor street/road setting.""]}, ""others"": {""importance"": ""high"", ""facts"": [""The taxi has visible indications that it is a deluxe/premium taxi (not a generic, unmarked car).""]}}, ""level_2"": {""existence"": {""importance"": ""high"", ""facts"": [""A taxi roof sign/light is present on top of the vehicle.""]}, ""counting"": {""importance"": ""low"", ""facts"": []}, ""relation"": {""importance"": ""high"", ""facts"": [""The roof sign/light is mounted on the roof of the taxi.""]}, ""shape"": {""importance"": ""medium"", ""facts"": [""The vehicle appears as a sedan-type passenger car (typical taxi car form).""]}, ""size"": {""importance"": ""low"", ""facts"": []}, ""color"": {""importance"": ""medium"", ""facts"": [""The taxi’s body is predominantly black (a common visual identifier of deluxe taxis in South Korea).""]}, ""posture"": {""importance"": ""low"", ""facts"": []}, ""scene"": {""importance"": ""low"", ""facts"": []}, ""others"": {""importance"": ""high"", ""facts"": [""Korean (Hangul) text is visible either on the taxi (e.g., roof sign/door markings) or in the immediate surroundings (e.g., street signs/building signs), supporting that the location is South Korea.""]}}, ""level_3"": {""existence"": {""importance"": ""low"", ""facts"": []}, ""counting"": {""importance"": ""low"", ""facts"": []}, ""relation"": {""importance"": ""low"", ""facts"": []}, ""shape"": {""importance"": ""low"", ""facts"": []}, ""size"": {""importance"": ""low"", ""facts"": []}, ""color"": {""importance"": ""low"", ""facts"": []}, ""posture"": {""importance"": ""low"", ""facts"": []}, ""scene"": {""importance"": ""low"", ""facts"": []}, ""others"": {""importance"": ""medium"", ""facts"": [""The roof sign includes Korean text commonly used for deluxe taxis (e.g., '모범') or equivalent visible wording indicating deluxe status.""]}}}","{
  ""level_1"": {
    ""existence"": {
      ""importance"": ""high"",
      ""facts"": [
        ""A taxi vehicle is shown.""
      ]
    },
    ""counting"": {
      ""importance"": ""low"",
      ""facts"": []
    },
    ""relation"": {
      ""importance"": ""high"",
      ""facts"": [
        ""The taxi is shown in a context that visually indicates South Korea (at least one clear Korea-specific cue is visible, such as Hangul signage/text or a Korean-style license plate).""
      ]
    },
    ""shape"": {
      ""importance"": ""medium"",
      ""facts"": [
        ""The taxi is a passenger car (not a bus, motorcycle, or bicycle).""
      ]
    },
    ""size"": {
      ""importance"": ""low"",
      ""facts"": []
    },
    ""color"": {
      ""importance"": ""low"",
      ""facts"": []
    },
    ""posture"": {
      ""importance"": ""low"",
      ""facts"": []
    },
    ""scene"": {
      ""importance"": ""medium"",
      ""facts"": [
        ""The taxi is shown in an outdoor street/road setting.""
      ]
    },
    ""others"": {
      ""importance"": ""high"",
      ""facts"": [
        ""The taxi has visible indications that it is a deluxe/premium taxi (not a generic, unmarked car).""
      ]
    }
  },
  ""level_2"": {
    ""existence"": {
      ""importance"": ""high"",
      ""facts"": [
        ""A taxi roof sign/light is present on top of the vehicle.""
      ]
    },
    ""counting"": {
      ""importance"": ""low"",
      ""facts"": []
    },
    ""relation"": {
      ""importance"": ""high"",
      ""facts"": [
        ""The roof sign/light is mounted on the roof of the taxi.""
      ]
    },
    ""shape"": {
      ""importance"": ""medium"",
      ""facts"": [
        ""The vehicle appears as a sedan-type passenger car (typical taxi car form).""
      ]
    },
    ""size"": {
      ""importance"": ""low"",
      ""facts"": []
    },
    ""color"": {
      ""importance"": ""medium"",
      ""facts"": [
        ""The taxi’s body is predominantly black (a common visual identifier of deluxe taxis in South Korea).""
      ]
    },
    ""posture"": {
      ""importance"": ""low"",
      ""facts"": []
    },
    ""scene"": {
      ""importance"": ""low"",
      ""facts"": []
    },
    ""others"": {
      ""importance"": ""high"",
      ""facts"": [
        ""Korean (Hangul) text is visible either on the taxi (e.g., roof sign/door markings) or in the immediate surroundings (e.g., street signs/building signs), supporting that the location is South Korea.""
      ]
    }
  },
  ""level_3"": {
    ""existence"": {
      ""importance"": ""low"",
      ""facts"": []
    },
    ""counting"": {
      ""importance"": ""low"",
      ""facts"": []
    },
    ""relation"": {
      ""importance"": ""low"",
      ""facts"": []
    },
    ""shape"": {
      ""importance"": ""low"",
      ""facts"": []
    },
    ""size"": {
      ""importance"": ""low"",
      ""facts"": []
    },
    ""color"": {
      ""importance"": ""low"",
      ""facts"": []
    },
    ""posture"": {
      ""importance"": ""low"",
      ""facts"": []
    },
    ""scene"": {
      ""importance"": ""low"",
      ""facts"": []
    },
    ""others"": {
      ""importance"": ""medium"",
      ""facts"": [
        ""The roof sign includes Korean text commonly used for deluxe taxis (e.g., '모범') or equivalent visible wording indicating deluxe status.""
      ]
    }
  }
}",high,A taxi vehicle is shown.,low,,high,"The taxi is shown in a context that visually indicates South Korea (at least one clear Korea-specific cue is visible, such as Hangul signage/text or a Korean-style license plate).",medium,"The taxi is a passenger car (not a bus, motorcycle, or bicycle).",low,,low,,low,,medium,The taxi is shown in an outdoor street/road setting.,high,"The taxi has visible indications that it is a deluxe/premium taxi (not a generic, unmarked car).",high,A taxi roof sign/light is present on top of the vehicle.,low,,high,The roof sign/light is mounted on the roof of the taxi.,medium,The vehicle appears as a sedan-type passenger car (typical taxi car form).,low,,medium,The taxi’s body is predominantly black (a common visual identifier of deluxe taxis in South Korea).,low,,low,,high,"Korean (Hangul) text is visible either on the taxi (e.g., roof sign/door markings) or in the immediate surroundings (e.g., street signs/building signs), supporting that the location is South Korea.",low,,low,,low,,low,,low,,low,,low,,low,,medium,"The roof sign includes Korean text commonly used for deluxe taxis (e.g., '모범') or equivalent visible wording indicating deluxe status."
3,A current London police officer uniform,"{""level_1"": {""existence"": {""importance"": ""high"", ""facts"": [""A London police officer uniform is depicted (clothing/equipment identifiable as a police uniform).""]}, ""counting"": {""importance"": ""low"", ""facts"": []}, ""relation"": {""importance"": ""low"", ""facts"": []}, ""shape"": {""importance"": ""low"", ""facts"": []}, ""size"": {""importance"": ""low"", ""facts"": []}, ""color"": {""importance"": ""medium"", ""facts"": [""The uniform is predominantly dark-colored (e.g., black/navy).""]}, ""posture"": {""importance"": ""low"", ""facts"": []}, ""scene"": {""importance"": ""low"", ""facts"": []}, ""others"": {""importance"": ""high"", ""facts"": [""The uniform appears contemporary/modern rather than historical (e.g., modern cut/materials rather than an old-style tunic-only look).""]}}, ""level_2"": {""existence"": {""importance"": ""high"", ""facts"": [""An outer body-armor/stab-vest style layer is present as part of the uniform."", ""A uniform top is present (e.g., shirt/polo) as part of the uniform."", ""Uniform trousers are present as part of the uniform.""]}, ""counting"": {""importance"": ""low"", ""facts"": []}, ""relation"": {""importance"": ""high"", ""facts"": [""A visible police identifier/marking appears on the uniform (e.g., the word “POLICE” on the vest/jacket).""]}, ""shape"": {""importance"": ""medium"", ""facts"": [""The outer layer has the appearance of a modern tactical vest/body armor (panelled vest shape rather than a formal buttoned tunic).""]}, ""size"": {""importance"": ""low"", ""facts"": []}, ""color"": {""importance"": ""medium"", ""facts"": [""The vest/body-armor layer is a dark color (e.g., black/navy).""]}, ""posture"": {""importance"": ""low"", ""facts"": []}, ""scene"": {""importance"": ""low"", ""facts"": []}, ""others"": {""importance"": ""medium"", ""facts"": [""The uniform includes at least one element typical of current UK/London policing (e.g., epaulettes, utility attachments like radio/bodycam, or modern duty-belt/vest mounting).""]}}, ""level_3"": {""existence"": {""importance"": ""low"", ""facts"": []}, ""counting"": {""importance"": ""low"", ""facts"": []}, ""relation"": {""importance"": ""low"", ""facts"": []}, ""shape"": {""importance"": ""low"", ""facts"": []}, ""size"": {""importance"": ""low"", ""facts"": []}, ""color"": {""importance"": ""low"", ""facts"": []}, ""posture"": {""importance"": ""low"", ""facts"": []}, ""scene"": {""importance"": ""low"", ""facts"": []}, ""others"": {""importance"": ""low"", ""facts"": []}}}","{""level_1"":{""existence"":{""importance"":""high"",""facts"":[""A London police officer uniform is depicted (clothing/equipment identifiable as a police uniform).""]},""counting"":{""importance"":""low"",""facts"":[]},""relation"":{""importance"":""low"",""facts"":[]},""shape"":{""importance"":""low"",""facts"":[]},""size"":{""importance"":""low"",""facts"":[]},""color"":{""importance"":""medium"",""facts"":[""The uniform is predominantly dark-colored (e.g., black/navy).""]},""posture"":{""importance"":""low"",""facts"":[]},""scene"":{""importance"":""low"",""facts"":[]},""others"":{""importance"":""high"",""facts"":[""The uniform appears contemporary/modern rather than historical (e.g., modern cut/materials rather than an old-style tunic-only look).""]}},""level_2"":{""existence"":{""importance"":""high"",""facts"":[""An outer body-armor/stab-vest style layer is present as part of the uniform."",""A uniform top is present (e.g., shirt/polo) as part of the uniform."",""Uniform trousers are present as part of the uniform.""]},""counting"":{""importance"":""low"",""facts"":[]},""relation"":{""importance"":""high"",""facts"":[""A visible police identifier/marking appears on the uniform (e.g., the word “POLICE” on the vest/jacket).""]},""shape"":{""importance"":""medium"",""facts"":[""The outer layer has the appearance of a modern tactical vest/body armor (panelled vest shape rather than a formal buttoned tunic).""]},""size"":{""importance"":""low"",""facts"":[]},""color"":{""importance"":""medium"",""facts"":[""The vest/body-armor layer is a dark color (e.g., black/navy).""]},""posture"":{""importance"":""low"",""facts"":[]},""scene"":{""importance"":""low"",""facts"":[]},""others"":{""importance"":""medium"",""facts"":[""The uniform includes at least one element typical of current UK/London policing (e.g., epaulettes, utility attachments like radio/bodycam, or modern duty-belt/vest mounting).""]}},""level_3"":{""existence"":{""importance"":""low"",""facts"":[]},""counting"":{""importance"":""low"",""facts"":[]},""relation"":{""importance"":""low"",""facts"":[]},""shape"":{""importance"":""low"",""facts"":[]},""size"":{""importance"":""low"",""facts"":[]},""color"":{""importance"":""low"",""facts"":[]},""posture"":{""importance"":""low"",""facts"":[]},""scene"":{""importance"":""low"",""facts"":[]},""others"":{""importance"":""low"",""facts"":[]}}}",high,A London police officer uniform is depicted (clothing/equipment identifiable as a police uniform).,low,,low,,low,,low,,medium,"The uniform is predominantly dark-colored (e.g., black/navy).",low,,low,,high,"The uniform appears contemporary/modern rather than historical (e.g., modern cut/materials rather than an old-style tunic-only look).",high,"An outer body-armor/stab-vest style layer is present as part of the uniform. | A uniform top is present (e.g., shirt/polo) as part of the uniform. | Uniform trousers are present as part of the uniform.",low,,high,"A visible police identifier/marking appears on the uniform (e.g., the word “POLICE” on the vest/jacket).",medium,The outer layer has the appearance of a modern tactical vest/body armor (panelled vest shape rather than a formal buttoned tunic).,low,,medium,"The vest/body-armor layer is a dark color (e.g., black/navy).",low,,low,,medium,"The uniform includes at least one element typical of current UK/London policing (e.g., epaulettes, utility attachments like radio/bodycam, or modern duty-belt/vest mounting).",low,,low,,low,,low,,low,,low,,low,,low,,low,
4,A current front US 100 dollar bill,"{""level_1"": {""existence"": {""importance"": ""high"", ""facts"": [""A US 100-dollar banknote is depicted."", ""The front (obverse) side of the bill is shown.""]}, ""counting"": {""importance"": ""low"", ""facts"": []}, ""relation"": {""importance"": ""medium"", ""facts"": [""The bill’s design elements are arranged as on the modern US $100 obverse (portrait area on the left, security features on the right).""]}, ""shape"": {""importance"": ""high"", ""facts"": [""The bill is a horizontally oriented rectangle.""]}, ""size"": {""importance"": ""low"", ""facts"": []}, ""color"": {""importance"": ""high"", ""facts"": [""The image is in color (not grayscale).""]}, ""posture"": {""importance"": ""low"", ""facts"": []}, ""scene"": {""importance"": ""low"", ""facts"": []}, ""others"": {""importance"": ""high"", ""facts"": [""The design matches the current/modern US $100 bill style (including the modern security ribbon feature).""]}}, ""level_2"": {""existence"": {""importance"": ""high"", ""facts"": [""A portrait of Benjamin Franklin is present on the bill."", ""A blue security ribbon is present on the front of the bill."", ""A copper-colored inkwell graphic with a bell inside it is present."", ""At least one prominent '100' denomination marking is present.""]}, ""counting"": {""importance"": ""medium"", ""facts"": [""Two serial numbers are present on the front of the bill.""]}, ""relation"": {""importance"": ""high"", ""facts"": [""Benjamin Franklin’s portrait is positioned left of center."", ""The blue security ribbon runs vertically to the right of Franklin’s portrait."", ""The inkwell-and-bell graphic is positioned to the right of the blue security ribbon.""]}, ""shape"": {""importance"": ""medium"", ""facts"": [""The security ribbon appears as a vertical strip/band."", ""The inkwell graphic has an inkwell shape with a bell shape inside it.""]}, ""size"": {""importance"": ""low"", ""facts"": []}, ""color"": {""importance"": ""high"", ""facts"": [""The security ribbon is blue."", ""The inkwell graphic is copper/gold-toned.""]}, ""posture"": {""importance"": ""low"", ""facts"": []}, ""scene"": {""importance"": ""low"", ""facts"": []}, ""others"": {""importance"": ""medium"", ""facts"": [""A green US Treasury seal is present on the front of the bill."", ""A Federal Reserve seal (circular emblem) is present on the front of the bill.""]}}, ""level_3"": {""existence"": {""importance"": ""high"", ""facts"": [""A large gold-colored '100' is present in the lower-right area of the bill (front side)."", ""The text 'THE UNITED STATES OF AMERICA' appears on the front of the bill."", ""The text 'FEDERAL RESERVE NOTE' appears on the front of the bill.""]}, ""counting"": {""importance"": ""medium"", ""facts"": [""There are exactly two serial numbers (one on the left side and one on the right side of the bill).""]}, ""relation"": {""importance"": ""medium"", ""facts"": [""The large gold '100' is located near the lower-right corner area.""]}, ""shape"": {""importance"": ""low"", ""facts"": []}, ""size"": {""importance"": ""low"", ""facts"": []}, ""color"": {""importance"": ""medium"", ""facts"": [""The large '100' in the lower-right area is gold-colored.""]}, ""posture"": {""importance"": ""low"", ""facts"": []}, ""scene"": {""importance"": ""low"", ""facts"": []}, ""others"": {""importance"": ""low"", ""facts"": []}}}","{
  ""level_1"": {
    ""existence"": {
      ""importance"": ""high"",
      ""facts"": [
        ""A US 100-dollar banknote is depicted."",
        ""The front (obverse) side of the bill is shown.""
      ]
    },
    ""counting"": {
      ""importance"": ""low"",
      ""facts"": []
    },
    ""relation"": {
      ""importance"": ""medium"",
      ""facts"": [
        ""The bill’s design elements are arranged as on the modern US $100 obverse (portrait area on the left, security features on the right).""
      ]
    },
    ""shape"": {
      ""importance"": ""high"",
      ""facts"": [
        ""The bill is a horizontally oriented rectangle.""
      ]
    },
    ""size"": {
      ""importance"": ""low"",
      ""facts"": []
    },
    ""color"": {
      ""importance"": ""high"",
      ""facts"": [
        ""The image is in color (not grayscale).""
      ]
    },
    ""posture"": {
      ""importance"": ""low"",
      ""facts"": []
    },
    ""scene"": {
      ""importance"": ""low"",
      ""facts"": []
    },
    ""others"": {
      ""importance"": ""high"",
      ""facts"": [
        ""The design matches the current/modern US $100 bill style (including the modern security ribbon feature).""
      ]
    }
  },
  ""level_2"": {
    ""existence"": {
      ""importance"": ""high"",
      ""facts"": [
        ""A portrait of Benjamin Franklin is present on the bill."",
        ""A blue security ribbon is present on the front of the bill."",
        ""A copper-colored inkwell graphic with a bell inside it is present."",
        ""At least one prominent '100' denomination marking is present.""
      ]
    },
    ""counting"": {
      ""importance"": ""medium"",
      ""facts"": [
        ""Two serial numbers are present on the front of the bill.""
      ]
    },
    ""relation"": {
      ""importance"": ""high"",
      ""facts"": [
        ""Benjamin Franklin’s portrait is positioned left of center."",
        ""The blue security ribbon runs vertically to the right of Franklin’s portrait."",
        ""The inkwell-and-bell graphic is positioned to the right of the blue security ribbon.""
      ]
    },
    ""shape"": {
      ""importance"": ""medium"",
      ""facts"": [
        ""The security ribbon appears as a vertical strip/band."",
        ""The inkwell graphic has an inkwell shape with a bell shape inside it.""
      ]
    },
    ""size"": {
      ""importance"": ""low"",
      ""facts"": []
    },
    ""color"": {
      ""importance"": ""high"",
      ""facts"": [
        ""The security ribbon is blue."",
        ""The inkwell graphic is copper/gold-toned.""
      ]
    },
    ""posture"": {
      ""importance"": ""low"",
      ""facts"": []
    },
    ""scene"": {
      ""importance"": ""low"",
      ""facts"": []
    },
    ""others"": {
      ""importance"": ""medium"",
      ""facts"": [
        ""A green US Treasury seal is present on the front of the bill."",
        ""A Federal Reserve seal (circular emblem) is present on the front of the bill.""
      ]
    }
  },
  ""level_3"": {
    ""existence"": {
      ""importance"": ""high"",
      ""facts"": [
        ""A large gold-colored '100' is present in the lower-right area of the bill (front side)."",
        ""The text 'THE UNITED STATES OF AMERICA' appears on the front of the bill."",
        ""The text 'FEDERAL RESERVE NOTE' appears on the front of the bill.""
      ]
    },
    ""counting"": {
      ""importance"": ""medium"",
      ""facts"": [
        ""There are exactly two serial numbers (one on the left side and one on the right side of the bill).""
      ]
    },
    ""relation"": {
      ""importance"": ""medium"",
      ""facts"": [
        ""The large gold '100' is located near the lower-right corner area.""
      ]
    },
    ""shape"": {
      ""importance"": ""low"",
      ""facts"": []
    },
    ""size"": {
      ""importance"": ""low"",
      ""facts"": []
    },
    ""color"": {
      ""importance"": ""medium"",
      ""facts"": [
        ""The large '100' in the lower-right area is gold-colored.""
      ]
    },
    ""posture"": {
      ""importance"": ""low"",
      ""facts"": []
    },
    ""scene"": {
      ""importance"": ""low"",
      ""facts"": []
    },
    ""others"": {
      ""importance"": ""low"",
      ""facts"": []
    }
  }
}",high,A US 100-dollar banknote is depicted. | The front (obverse) side of the bill is shown.,low,,medium,"The bill’s design elements are arranged as on the modern US $100 obverse (portrait area on the left, security features on the right).",high,The bill is a horizontally oriented rectangle.,low,,high,The image is in color (not grayscale).,low,,low,,high,The design matches the current/modern US $100 bill style (including the modern security ribbon feature).,high,A portrait of Benjamin Franklin is present on the bill. | A blue security ribbon is present on the front of the bill. | A copper-colored inkwell graphic with a bell inside it is present. | At least one prominent '100' denomination marking is present.,medium,Two serial numbers are present on the front of the bill.,high,Benjamin Franklin’s portrait is positioned left of center. | The blue security ribbon runs vertically to the right of Franklin’s portrait. | The inkwell-and-bell graphic is positioned to the right of the blue security ribbon.,medium,The security ribbon appears as a vertical strip/band. | The inkwell graphic has an inkwell shape with a bell shape inside it.,low,,high,The security ribbon is blue. | The inkwell graphic is copper/gold-toned.,low,,low,,medium,A green US Treasury seal is present on the front of the bill. | A Federal Reserve seal (circular emblem) is present on the front of the bill.,high,A large gold-colored '100' is present in the lower-right area of the bill (front side). | The text 'THE UNITED STATES OF AMERICA' appears on the front of the bill. | The text 'FEDERAL RESERVE NOTE' appears on the front of the bill.,medium,There are exactly two serial numbers (one on the left side and one on the right side of the bill).,medium,The large gold '100' is located near the lower-right corner area.,low,,low,,medium,The large '100' in the lower-right area is gold-colored.,low,,low,,low,
5,A Swiss Guard uniform at the Vatican in 2005,"{""level_1"": {""existence"": {""importance"": ""high"", ""facts"": [""A Swiss Guard uniform is depicted.""]}, ""counting"": {""importance"": ""low"", ""facts"": []}, ""relation"": {""importance"": ""high"", ""facts"": [""The Swiss Guard uniform is shown in a setting visually identifiable as being at the Vatican.""]}, ""shape"": {""importance"": ""low"", ""facts"": []}, ""size"": {""importance"": ""low"", ""facts"": []}, ""color"": {""importance"": ""low"", ""facts"": []}, ""posture"": {""importance"": ""low"", ""facts"": []}, ""scene"": {""importance"": ""high"", ""facts"": [""The scene includes visible architectural or environmental cues that can plausibly identify Vatican City (e.g., recognizable Vatican/St. Peter’s Square/St. Peter’s Basilica elements).""]}, ""others"": {""importance"": ""low"", ""facts"": [""The overall depiction does not visibly contradict the stated year (2005) (e.g., it does not appear as an antique engraving or a clearly centuries-old depiction).""]}}, ""level_2"": {""existence"": {""importance"": ""high"", ""facts"": [""The uniform includes a tunic/doublet and matching trousers.""]}, ""counting"": {""importance"": ""low"", ""facts"": []}, ""relation"": {""importance"": ""high"", ""facts"": [""The tunic and trousers are worn together as a single uniform outfit (or displayed together as a complete set).""]}, ""shape"": {""importance"": ""medium"", ""facts"": [""The uniform has the characteristic Swiss Guard Renaissance-style silhouette (structured tunic and fitted or segmented/puffed styling rather than a modern plain suit).""]}, ""size"": {""importance"": ""low"", ""facts"": []}, ""color"": {""importance"": ""high"", ""facts"": [""The uniform prominently features the traditional Swiss Guard colors: blue, red, and yellow.""]}, ""posture"": {""importance"": ""low"", ""facts"": []}, ""scene"": {""importance"": ""medium"", ""facts"": [""The uniform is shown outdoors or in a Vatican courtyard/entrance-type space consistent with the Vatican setting.""]}, ""others"": {""importance"": ""low"", ""facts"": []}}, ""level_3"": {""existence"": {""importance"": ""medium"", ""facts"": [""The uniform’s fabric pattern appears as bold blocks/stripes of blue, red, and yellow on the tunic and trousers.""]}, ""counting"": {""importance"": ""low"", ""facts"": []}, ""relation"": {""importance"": ""low"", ""facts"": []}, ""shape"": {""importance"": ""low"", ""facts"": []}, ""size"": {""importance"": ""low"", ""facts"": []}, ""color"": {""importance"": ""low"", ""facts"": []}, ""posture"": {""importance"": ""low"", ""facts"": []}, ""scene"": {""importance"": ""low"", ""facts"": []}, ""others"": {""importance"": ""low"", ""facts"": []}}}","{
  ""level_1"": {
    ""existence"": {
      ""importance"": ""high"",
      ""facts"": [
        ""A Swiss Guard uniform is depicted.""
      ]
    },
    ""counting"": {
      ""importance"": ""low"",
      ""facts"": []
    },
    ""relation"": {
      ""importance"": ""high"",
      ""facts"": [
        ""The Swiss Guard uniform is shown in a setting visually identifiable as being at the Vatican.""
      ]
    },
    ""shape"": {
      ""importance"": ""low"",
      ""facts"": []
    },
    ""size"": {
      ""importance"": ""low"",
      ""facts"": []
    },
    ""color"": {
      ""importance"": ""low"",
      ""facts"": []
    },
    ""posture"": {
      ""importance"": ""low"",
      ""facts"": []
    },
    ""scene"": {
      ""importance"": ""high"",
      ""facts"": [
        ""The scene includes visible architectural or environmental cues that can plausibly identify Vatican City (e.g., recognizable Vatican/St. Peter’s Square/St. Peter’s Basilica elements).""
      ]
    },
    ""others"": {
      ""importance"": ""low"",
      ""facts"": [
        ""The overall depiction does not visibly contradict the stated year (2005) (e.g., it does not appear as an antique engraving or a clearly centuries-old depiction).""
      ]
    }
  },
  ""level_2"": {
    ""existence"": {
      ""importance"": ""high"",
      ""facts"": [
        ""The uniform includes a tunic/doublet and matching trousers.""
      ]
    },
    ""counting"": {
      ""importance"": ""low"",
      ""facts"": []
    },
    ""relation"": {
      ""importance"": ""high"",
      ""facts"": [
        ""The tunic and trousers are worn together as a single uniform outfit (or displayed together as a complete set).""
      ]
    },
    ""shape"": {
      ""importance"": ""medium"",
      ""facts"": [
        ""The uniform has the characteristic Swiss Guard Renaissance-style silhouette (structured tunic and fitted or segmented/puffed styling rather than a modern plain suit).""
      ]
    },
    ""size"": {
      ""importance"": ""low"",
      ""facts"": []
    },
    ""color"": {
      ""importance"": ""high"",
      ""facts"": [
        ""The uniform prominently features the traditional Swiss Guard colors: blue, red, and yellow.""
      ]
    },
    ""posture"": {
      ""importance"": ""low"",
      ""facts"": []
    },
    ""scene"": {
      ""importance"": ""medium"",
      ""facts"": [
        ""The uniform is shown outdoors or in a Vatican courtyard/entrance-type space consistent with the Vatican setting.""
      ]
    },
    ""others"": {
      ""importance"": ""low"",
      ""facts"": []
    }
  },
  ""level_3"": {
    ""existence"": {
      ""importance"": ""medium"",
      ""facts"": [
        ""The uniform’s fabric pattern appears as bold blocks/stripes of blue, red, and yellow on the tunic and trousers.""
      ]
    },
    ""counting"": {
      ""importance"": ""low"",
      ""facts"": []
    },
    ""relation"": {
      ""importance"": ""low"",
      ""facts"": []
    },
    ""shape"": {
      ""importance"": ""low"",
      ""facts"": []
    },
    ""size"": {
      ""importance"": ""low"",
      ""facts"": []
    },
    ""color"": {
      ""importance"": ""low"",
      ""facts"": []
    },
    ""posture"": {
      ""importance"": ""low"",
      ""facts"": []
    },
    ""scene"": {
      ""importance"": ""low"",
      ""facts"": []
    },
    ""others"": {
      ""importance"": ""low"",
      ""facts"": []
    }
  }
}",high,A Swiss Guard uniform is depicted.,low,,high,The Swiss Guard uniform is shown in a setting visually identifiable as being at the Vatican.,low,,low,,low,,low,,high,"The scene includes visible architectural or environmental cues that can plausibly identify Vatican City (e.g., recognizable Vatican/St. Peter’s Square/St. Peter’s Basilica elements).",low,"The overall depiction does not visibly contradict the stated year (2005) (e.g., it does not appear as an antique engraving or a clearly centuries-old depiction).",high,The uniform includes a tunic/doublet and matching trousers.,low,,high,The tunic and trousers are worn together as a single uniform outfit (or displayed together as a complete set).,medium,The uniform has the characteristic Swiss Guard Renaissance-style silhouette (structured tunic and fitted or segmented/puffed styling rather than a modern plain suit).,low,,high,"The uniform prominently features the traditional Swiss Guard colors: blue, red, and yellow.",low,,medium,The uniform is shown outdoors or in a Vatican courtyard/entrance-type space consistent with the Vatican setting.,low,,medium,"The uniform’s fabric pattern appears as bold blocks/stripes of blue, red, and yellow on the tunic and trousers.",low,,low,,low,,low,,low,,low,,low,,low,
6,A current UK passport cover,"{""level_1"": {""existence"": {""importance"": ""high"", ""facts"": [""A passport front cover is shown.""]}, ""counting"": {""importance"": ""low"", ""facts"": []}, ""relation"": {""importance"": ""low"", ""facts"": []}, ""shape"": {""importance"": ""medium"", ""facts"": [""The cover is a vertically oriented rectangular booklet cover.""]}, ""size"": {""importance"": ""low"", ""facts"": []}, ""color"": {""importance"": ""medium"", ""facts"": [""The cover’s main/background color is dark blue.""]}, ""posture"": {""importance"": ""low"", ""facts"": []}, ""scene"": {""importance"": ""low"", ""facts"": []}, ""others"": {""importance"": ""high"", ""facts"": [""The cover design corresponds to the current UK (British) passport cover design rather than an older burgundy EU-style cover.""]}}, ""level_2"": {""existence"": {""importance"": ""high"", ""facts"": [""A UK royal coat of arms emblem is present on the cover."", ""The words \""BRITISH PASSPORT\"" appear on the cover."", ""The words \""UNITED KINGDOM OF GREAT BRITAIN AND NORTHERN IRELAND\"" appear on the cover."", ""A biometric passport chip symbol is present on the cover.""]}, ""counting"": {""importance"": ""low"", ""facts"": []}, ""relation"": {""importance"": ""high"", ""facts"": [""The coat of arms emblem is centered on the cover."", ""The text is arranged above and/or below the coat of arms in the typical cover layout."", ""The biometric passport chip symbol is placed below the main text/emblem area (toward the lower part of the cover).""]}, ""shape"": {""importance"": ""medium"", ""facts"": [""The coat of arms appears as a detailed heraldic crest (shield with supporters) rather than a simple abstract logo."", ""The biometric symbol appears as the standard rectangle-with-circle biometric passport icon.""]}, ""size"": {""importance"": ""low"", ""facts"": []}, ""color"": {""importance"": ""high"", ""facts"": [""The coat of arms, the text, and the biometric symbol appear in a gold-colored emboss/print against the dark blue cover.""]}, ""posture"": {""importance"": ""low"", ""facts"": []}, ""scene"": {""importance"": ""low"", ""facts"": []}, ""others"": {""importance"": ""medium"", ""facts"": [""The cover does not display an EU flag or the word \""European Union\"".""]}}, ""level_3"": {""existence"": {""importance"": ""low"", ""facts"": []}, ""counting"": {""importance"": ""low"", ""facts"": []}, ""relation"": {""importance"": ""low"", ""facts"": []}, ""shape"": {""importance"": ""low"", ""facts"": []}, ""size"": {""importance"": ""low"", ""facts"": []}, ""color"": {""importance"": ""low"", ""facts"": []}, ""posture"": {""importance"": ""low"", ""facts"": []}, ""scene"": {""importance"": ""low"", ""facts"": []}, ""others"": {""importance"": ""low"", ""facts"": []}}}","{
  ""level_1"": {
    ""existence"": {
      ""importance"": ""high"",
      ""facts"": [
        ""A passport front cover is shown.""
      ]
    },
    ""counting"": {
      ""importance"": ""low"",
      ""facts"": []
    },
    ""relation"": {
      ""importance"": ""low"",
      ""facts"": []
    },
    ""shape"": {
      ""importance"": ""medium"",
      ""facts"": [
        ""The cover is a vertically oriented rectangular booklet cover.""
      ]
    },
    ""size"": {
      ""importance"": ""low"",
      ""facts"": []
    },
    ""color"": {
      ""importance"": ""medium"",
      ""facts"": [
        ""The cover’s main/background color is dark blue.""
      ]
    },
    ""posture"": {
      ""importance"": ""low"",
      ""facts"": []
    },
    ""scene"": {
      ""importance"": ""low"",
      ""facts"": []
    },
    ""others"": {
      ""importance"": ""high"",
      ""facts"": [
        ""The cover design corresponds to the current UK (British) passport cover design rather than an older burgundy EU-style cover.""
      ]
    }
  },
  ""level_2"": {
    ""existence"": {
      ""importance"": ""high"",
      ""facts"": [
        ""A UK royal coat of arms emblem is present on the cover."",
        ""The words \""BRITISH PASSPORT\"" appear on the cover."",
        ""The words \""UNITED KINGDOM OF GREAT BRITAIN AND NORTHERN IRELAND\"" appear on the cover."",
        ""A biometric passport chip symbol is present on the cover.""
      ]
    },
    ""counting"": {
      ""importance"": ""low"",
      ""facts"": []
    },
    ""relation"": {
      ""importance"": ""high"",
      ""facts"": [
        ""The coat of arms emblem is centered on the cover."",
        ""The text is arranged above and/or below the coat of arms in the typical cover layout."",
        ""The biometric passport chip symbol is placed below the main text/emblem area (toward the lower part of the cover).""
      ]
    },
    ""shape"": {
      ""importance"": ""medium"",
      ""facts"": [
        ""The coat of arms appears as a detailed heraldic crest (shield with supporters) rather than a simple abstract logo."",
        ""The biometric symbol appears as the standard rectangle-with-circle biometric passport icon.""
      ]
    },
    ""size"": {
      ""importance"": ""low"",
      ""facts"": []
    },
    ""color"": {
      ""importance"": ""high"",
      ""facts"": [
        ""The coat of arms, the text, and the biometric symbol appear in a gold-colored emboss/print against the dark blue cover.""
      ]
    },
    ""posture"": {
      ""importance"": ""low"",
      ""facts"": []
    },
    ""scene"": {
      ""importance"": ""low"",
      ""facts"": []
    },
    ""others"": {
      ""importance"": ""medium"",
      ""facts"": [
        ""The cover does not display an EU flag or the word \""European Union\"".""
      ]
    }
  },
  ""level_3"": {
    ""existence"": {
      ""importance"": ""low"",
      ""facts"": []
    },
    ""counting"": {
      ""importance"": ""low"",
      ""facts"": []
    },
    ""relation"": {
      ""importance"": ""low"",
      ""facts"": []
    },
    ""shape"": {
      ""importance"": ""low"",
      ""facts"": []
    },
    ""size"": {
      ""importance"": ""low"",
      ""facts"": []
    },
    ""color"": {
      ""importance"": ""low"",
      ""facts"": []
    },
    ""posture"": {
      ""importance"": ""low"",
      ""facts"": []
    },
    ""scene"": {
      ""importance"": ""low"",
      ""facts"": []
    },
    ""others"": {
      ""importance"": ""low"",
      ""facts"": []
    }
  }
}",high,A passport front cover is shown.,low,,low,,medium,The cover is a vertically oriented rectangular booklet cover.,low,,medium,The cover’s main/background color is dark blue.,low,,low,,high,The cover design corresponds to the current UK (British) passport cover design rather than an older burgundy EU-style cover.,high,"A UK royal coat of arms emblem is present on the cover. | The words ""BRITISH PASSPORT"" appear on the cover. | The words ""UNITED KINGDOM OF GREAT BRITAIN AND NORTHERN IRELAND"" appear on the cover. | A biometric passport chip symbol is present on the cover.",low,,high,The coat of arms emblem is centered on the cover. | The text is arranged above and/or below the coat of arms in the typical cover layout. | The biometric passport chip symbol is placed below the main text/emblem area (toward the lower part of the cover).,medium,The coat of arms appears as a detailed heraldic crest (shield with supporters) rather than a simple abstract logo. | The biometric symbol appears as the standard rectangle-with-circle biometric passport icon.,low,,high,"The coat of arms, the text, and the biometric symbol appear in a gold-colored emboss/print against the dark blue cover.",low,,low,,medium,"The cover does not display an EU flag or the word ""European Union"".",low,,low,,low,,low,,low,,low,,low,,low,,low,
7,A current pedestrian crossing sign in Germany,"{""level_1"": {""existence"": {""importance"": ""high"", ""facts"": [""A pedestrian crossing traffic sign is depicted.""]}, ""counting"": {""importance"": ""low"", ""facts"": []}, ""relation"": {""importance"": ""low"", ""facts"": []}, ""shape"": {""importance"": ""high"", ""facts"": [""The sign has a square overall shape.""]}, ""size"": {""importance"": ""low"", ""facts"": []}, ""color"": {""importance"": ""high"", ""facts"": [""The sign uses the typical German pedestrian crossing sign color scheme: blue background with white and black elements.""]}, ""posture"": {""importance"": ""low"", ""facts"": []}, ""scene"": {""importance"": ""low"", ""facts"": []}, ""others"": {""importance"": ""high"", ""facts"": [""The sign’s design matches the current German pedestrian crossing sign (not a text-based or foreign-design crossing sign).""]}}, ""level_2"": {""existence"": {""importance"": ""high"", ""facts"": [""A white triangular field is present within the blue square."", ""A black pedestrian pictogram is present within the white triangle."", ""A zebra-crossing marking (striped crosswalk depiction) is present beneath the pedestrian pictogram within the triangle.""]}, ""counting"": {""importance"": ""low"", ""facts"": []}, ""relation"": {""importance"": ""high"", ""facts"": [""The white triangle is centered within the blue square."", ""The pedestrian pictogram appears above the zebra-crossing depiction inside the triangle.""]}, ""shape"": {""importance"": ""high"", ""facts"": [""The triangle points upward (apex at the top).""]}, ""size"": {""importance"": ""low"", ""facts"": []}, ""color"": {""importance"": ""high"", ""facts"": [""The square background is blue."", ""The triangle is white."", ""The pedestrian pictogram and zebra-crossing depiction are black.""]}, ""posture"": {""importance"": ""medium"", ""facts"": [""The pedestrian pictogram is shown in a walking pose.""]}, ""scene"": {""importance"": ""low"", ""facts"": []}, ""others"": {""importance"": ""high"", ""facts"": [""No written text is present on the sign face (the sign is purely pictographic).""]}}, ""level_3"": {""existence"": {""importance"": ""low"", ""facts"": []}, ""counting"": {""importance"": ""low"", ""facts"": []}, ""relation"": {""importance"": ""low"", ""facts"": []}, ""shape"": {""importance"": ""low"", ""facts"": []}, ""size"": {""importance"": ""low"", ""facts"": []}, ""color"": {""importance"": ""medium"", ""facts"": [""A thin white border outlines the blue square sign face.""]}, ""posture"": {""importance"": ""low"", ""facts"": []}, ""scene"": {""importance"": ""low"", ""facts"": []}, ""others"": {""importance"": ""low"", ""facts"": []}}}","{
  ""level_1"": {
    ""existence"": {
      ""importance"": ""high"",
      ""facts"": [
        ""A pedestrian crossing traffic sign is depicted.""
      ]
    },
    ""counting"": {
      ""importance"": ""low"",
      ""facts"": []
    },
    ""relation"": {
      ""importance"": ""low"",
      ""facts"": []
    },
    ""shape"": {
      ""importance"": ""high"",
      ""facts"": [
        ""The sign has a square overall shape.""
      ]
    },
    ""size"": {
      ""importance"": ""low"",
      ""facts"": []
    },
    ""color"": {
      ""importance"": ""high"",
      ""facts"": [
        ""The sign uses the typical German pedestrian crossing sign color scheme: blue background with white and black elements.""
      ]
    },
    ""posture"": {
      ""importance"": ""low"",
      ""facts"": []
    },
    ""scene"": {
      ""importance"": ""low"",
      ""facts"": []
    },
    ""others"": {
      ""importance"": ""high"",
      ""facts"": [
        ""The sign’s design matches the current German pedestrian crossing sign (not a text-based or foreign-design crossing sign).""
      ]
    }
  },
  ""level_2"": {
    ""existence"": {
      ""importance"": ""high"",
      ""facts"": [
        ""A white triangular field is present within the blue square."",
        ""A black pedestrian pictogram is present within the white triangle."",
        ""A zebra-crossing marking (striped crosswalk depiction) is present beneath the pedestrian pictogram within the triangle.""
      ]
    },
    ""counting"": {
      ""importance"": ""low"",
      ""facts"": []
    },
    ""relation"": {
      ""importance"": ""high"",
      ""facts"": [
        ""The white triangle is centered within the blue square."",
        ""The pedestrian pictogram appears above the zebra-crossing depiction inside the triangle.""
      ]
    },
    ""shape"": {
      ""importance"": ""high"",
      ""facts"": [
        ""The triangle points upward (apex at the top).""
      ]
    },
    ""size"": {
      ""importance"": ""low"",
      ""facts"": []
    },
    ""color"": {
      ""importance"": ""high"",
      ""facts"": [
        ""The square background is blue."",
        ""The triangle is white."",
        ""The pedestrian pictogram and zebra-crossing depiction are black.""
      ]
    },
    ""posture"": {
      ""importance"": ""medium"",
      ""facts"": [
        ""The pedestrian pictogram is shown in a walking pose.""
      ]
    },
    ""scene"": {
      ""importance"": ""low"",
      ""facts"": []
    },
    ""others"": {
      ""importance"": ""high"",
      ""facts"": [
        ""No written text is present on the sign face (the sign is purely pictographic).""
      ]
    }
  },
  ""level_3"": {
    ""existence"": {
      ""importance"": ""low"",
      ""facts"": []
    },
    ""counting"": {
      ""importance"": ""low"",
      ""facts"": []
    },
    ""relation"": {
      ""importance"": ""low"",
      ""facts"": []
    },
    ""shape"": {
      ""importance"": ""low"",
      ""facts"": []
    },
    ""size"": {
      ""importance"": ""low"",
      ""facts"": []
    },
    ""color"": {
      ""importance"": ""medium"",
      ""facts"": [
        ""A thin white border outlines the blue square sign face.""
      ]
    },
    ""posture"": {
      ""importance"": ""low"",
      ""facts"": []
    },
    ""scene"": {
      ""importance"": ""low"",
      ""facts"": []
    },
    ""others"": {
      ""importance"": ""low"",
      ""facts"": []
    }
  }
}",high,A pedestrian crossing traffic sign is depicted.,low,,low,,high,The sign has a square overall shape.,low,,high,The sign uses the typical German pedestrian crossing sign color scheme: blue background with white and black elements.,low,,low,,high,The sign’s design matches the current German pedestrian crossing sign (not a text-based or foreign-design crossing sign).,high,A white triangular field is present within the blue square. | A black pedestrian pictogram is present within the white triangle. | A zebra-crossing marking (striped crosswalk depiction) is present beneath the pedestrian pictogram within the triangle.,low,,high,The white triangle is centered within the blue square. | The pedestrian pictogram appears above the zebra-crossing depiction inside the triangle.,high,The triangle points upward (apex at the top).,low,,high,The square background is blue. | The triangle is white. | The pedestrian pictogram and zebra-crossing depiction are black.,medium,The pedestrian pictogram is shown in a walking pose.,low,,high,No written text is present on the sign face (the sign is purely pictographic).,low,,low,,low,,low,,low,,medium,A thin white border outlines the blue square sign face.,low,,low,,low,
8,A current front 50 euro banknote,"{""level_1"": {""existence"": {""importance"": ""high"", ""facts"": [""A single euro banknote is depicted."", ""The depicted banknote is a 50 euro note."", ""The image shows the front (obverse) side of the banknote.""]}, ""counting"": {""importance"": ""medium"", ""facts"": [""Exactly one banknote is shown.""]}, ""relation"": {""importance"": ""low"", ""facts"": []}, ""shape"": {""importance"": ""high"", ""facts"": [""The banknote is rectangular with a horizontal (landscape) orientation.""]}, ""size"": {""importance"": ""low"", ""facts"": []}, ""color"": {""importance"": ""high"", ""facts"": [""The banknote design is predominantly orange/brown-toned (typical 50 euro coloration).""]}, ""posture"": {""importance"": ""low"", ""facts"": []}, ""scene"": {""importance"": ""low"", ""facts"": []}, ""others"": {""importance"": ""high"", ""facts"": [""The design corresponds to the current 50 euro banknote (Europa series), not the older first-series design.""]}}, ""level_2"": {""existence"": {""importance"": ""high"", ""facts"": [""At least one clearly visible '50' denomination marking appears on the front of the note."", ""The word 'EURO' (or 'ΕΥΡΩ') appears on the front of the note."", ""An architectural motif consistent with the 50 euro front (a window/doorway/gateway theme) appears on the note."", ""A hologram/security stripe or patch area is visible on the right side of the front of the note."", ""A watermark/portrait window area is visible on the front of the note."", ""A circle of EU stars appears somewhere on the design."", ""A map of Europe appears somewhere on the front-side design.""]}, ""counting"": {""importance"": ""low"", ""facts"": []}, ""relation"": {""importance"": ""high"", ""facts"": [""The hologram/security feature is positioned on the right side of the note’s front."", ""The architectural window/doorway/gateway motif is part of the central/left portion of the note’s front design.""]}, ""shape"": {""importance"": ""low"", ""facts"": []}, ""size"": {""importance"": ""low"", ""facts"": []}, ""color"": {""importance"": ""medium"", ""facts"": [""The denomination markings and main design elements use multiple inks/colors (not monochrome).""]}, ""posture"": {""importance"": ""low"", ""facts"": []}, ""scene"": {""importance"": ""low"", ""facts"": []}, ""others"": {""importance"": ""high"", ""facts"": [""A portrait of Europa (a female face) is visible as part of the front-side security design (e.g., in the hologram/portrait window/watermark area).""]}}, ""level_3"": {""existence"": {""importance"": ""medium"", ""facts"": [""A flag of the European Union (EU flag) appears on the front of the note."", ""A serial number (alphanumeric identifier) appears on the front of the note."", ""Microtext-like fine print and intricate guilloche patterns appear on the note (typical banknote linework).""]}, ""counting"": {""importance"": ""low"", ""facts"": []}, ""relation"": {""importance"": ""low"", ""facts"": []}, ""shape"": {""importance"": ""low"", ""facts"": []}, ""size"": {""importance"": ""low"", ""facts"": []}, ""color"": {""importance"": ""low"", ""facts"": [""A distinct contrasting-colored '50' numeral appears in the lower-left area (emerald-number region).""]}, ""posture"": {""importance"": ""low"", ""facts"": []}, ""scene"": {""importance"": ""low"", ""facts"": []}, ""others"": {""importance"": ""medium"", ""facts"": [""Text indicating the European Central Bank (e.g., 'ECB' and/or variants in multiple languages) appears on the front.""]}}}","{
  ""level_1"": {
    ""existence"": {
      ""importance"": ""high"",
      ""facts"": [
        ""A single euro banknote is depicted."",
        ""The depicted banknote is a 50 euro note."",
        ""The image shows the front (obverse) side of the banknote.""
      ]
    },
    ""counting"": {
      ""importance"": ""medium"",
      ""facts"": [
        ""Exactly one banknote is shown.""
      ]
    },
    ""relation"": {
      ""importance"": ""low"",
      ""facts"": []
    },
    ""shape"": {
      ""importance"": ""high"",
      ""facts"": [
        ""The banknote is rectangular with a horizontal (landscape) orientation.""
      ]
    },
    ""size"": {
      ""importance"": ""low"",
      ""facts"": []
    },
    ""color"": {
      ""importance"": ""high"",
      ""facts"": [
        ""The banknote design is predominantly orange/brown-toned (typical 50 euro coloration).""
      ]
    },
    ""posture"": {
      ""importance"": ""low"",
      ""facts"": []
    },
    ""scene"": {
      ""importance"": ""low"",
      ""facts"": []
    },
    ""others"": {
      ""importance"": ""high"",
      ""facts"": [
        ""The design corresponds to the current 50 euro banknote (Europa series), not the older first-series design.""
      ]
    }
  },
  ""level_2"": {
    ""existence"": {
      ""importance"": ""high"",
      ""facts"": [
        ""At least one clearly visible '50' denomination marking appears on the front of the note."",
        ""The word 'EURO' (or 'ΕΥΡΩ') appears on the front of the note."",
        ""An architectural motif consistent with the 50 euro front (a window/doorway/gateway theme) appears on the note."",
        ""A hologram/security stripe or patch area is visible on the right side of the front of the note."",
        ""A watermark/portrait window area is visible on the front of the note."",
        ""A circle of EU stars appears somewhere on the design."",
        ""A map of Europe appears somewhere on the front-side design.""
      ]
    },
    ""counting"": {
      ""importance"": ""low"",
      ""facts"": []
    },
    ""relation"": {
      ""importance"": ""high"",
      ""facts"": [
        ""The hologram/security feature is positioned on the right side of the note’s front."",
        ""The architectural window/doorway/gateway motif is part of the central/left portion of the note’s front design.""
      ]
    },
    ""shape"": {
      ""importance"": ""low"",
      ""facts"": []
    },
    ""size"": {
      ""importance"": ""low"",
      ""facts"": []
    },
    ""color"": {
      ""importance"": ""medium"",
      ""facts"": [
        ""The denomination markings and main design elements use multiple inks/colors (not monochrome).""
      ]
    },
    ""posture"": {
      ""importance"": ""low"",
      ""facts"": []
    },
    ""scene"": {
      ""importance"": ""low"",
      ""facts"": []
    },
    ""others"": {
      ""importance"": ""high"",
      ""facts"": [
        ""A portrait of Europa (a female face) is visible as part of the front-side security design (e.g., in the hologram/portrait window/watermark area).""
      ]
    }
  },
  ""level_3"": {
    ""existence"": {
      ""importance"": ""medium"",
      ""facts"": [
        ""A flag of the European Union (EU flag) appears on the front of the note."",
        ""A serial number (alphanumeric identifier) appears on the front of the note."",
        ""Microtext-like fine print and intricate guilloche patterns appear on the note (typical banknote linework).""
      ]
    },
    ""counting"": {
      ""importance"": ""low"",
      ""facts"": []
    },
    ""relation"": {
      ""importance"": ""low"",
      ""facts"": []
    },
    ""shape"": {
      ""importance"": ""low"",
      ""facts"": []
    },
    ""size"": {
      ""importance"": ""low"",
      ""facts"": []
    },
    ""color"": {
      ""importance"": ""low"",
      ""facts"": [
        ""A distinct contrasting-colored '50' numeral appears in the lower-left area (emerald-number region).""
      ]
    },
    ""posture"": {
      ""importance"": ""low"",
      ""facts"": []
    },
    ""scene"": {
      ""importance"": ""low"",
      ""facts"": []
    },
    ""others"": {
      ""importance"": ""medium"",
      ""facts"": [
        ""Text indicating the European Central Bank (e.g., 'ECB' and/or variants in multiple languages) appears on the front.""
      ]
    }
  }
}",high,A single euro banknote is depicted. | The depicted banknote is a 50 euro note. | The image shows the front (obverse) side of the banknote.,medium,Exactly one banknote is shown.,low,,high,The banknote is rectangular with a horizontal (landscape) orientation.,low,,high,The banknote design is predominantly orange/brown-toned (typical 50 euro coloration).,low,,low,,high,"The design corresponds to the current 50 euro banknote (Europa series), not the older first-series design.",high,At least one clearly visible '50' denomination marking appears on the front of the note. | The word 'EURO' (or 'ΕΥΡΩ') appears on the front of the note. | An architectural motif consistent with the 50 euro front (a window/doorway/gateway theme) appears on the note. | A hologram/security stripe or patch area is visible on the right side of the front of the note. | A watermark/portrait window area is visible on the front of the note. | A circle of EU stars appears somewhere on the design. | A map of Europe appears somewhere on the front-side design.,low,,high,The hologram/security feature is positioned on the right side of the note’s front. | The architectural window/doorway/gateway motif is part of the central/left portion of the note’s front design.,low,,low,,medium,The denomination markings and main design elements use multiple inks/colors (not monochrome).,low,,low,,high,"A portrait of Europa (a female face) is visible as part of the front-side security design (e.g., in the hologram/portrait window/watermark area).",medium,A flag of the European Union (EU flag) appears on the front of the note. | A serial number (alphanumeric identifier) appears on the front of the note. | Microtext-like fine print and intricate guilloche patterns appear on the note (typical banknote linework).,low,,low,,low,,low,,low,A distinct contrasting-colored '50' numeral appears in the lower-left area (emerald-number region).,low,,low,,medium,"Text indicating the European Central Bank (e.g., 'ECB' and/or variants in multiple languages) appears on the front."
9,The front cover of a South Korean passport issued after 2021,"{""level_1"": {""existence"": {""importance"": ""high"", ""facts"": [""The front cover of a passport booklet is depicted.""]}, ""counting"": {""importance"": ""medium"", ""facts"": [""Only one passport front cover is shown as the main subject.""]}, ""relation"": {""importance"": ""low"", ""facts"": []}, ""shape"": {""importance"": ""high"", ""facts"": [""The object has the appearance of a closed rectangular passport booklet cover.""]}, ""size"": {""importance"": ""low"", ""facts"": []}, ""color"": {""importance"": ""low"", ""facts"": []}, ""posture"": {""importance"": ""low"", ""facts"": []}, ""scene"": {""importance"": ""low"", ""facts"": []}, ""others"": {""importance"": ""high"", ""facts"": [""The cover design corresponds to a South Korean passport issued after 2021 (i.e., the newer dark-cover design rather than the older green design).""]}}, ""level_2"": {""existence"": {""importance"": ""high"", ""facts"": [""A South Korean national emblem/crest is shown on the cover."", ""Country-identifying text is present on the cover."", ""The word \""PASSPORT\"" is present on the cover.""]}, ""counting"": {""importance"": ""low"", ""facts"": []}, ""relation"": {""importance"": ""high"", ""facts"": [""The national emblem/crest is placed centrally on the cover."", ""The country-identifying text is placed above the emblem."", ""The word \""PASSPORT\"" is placed below the emblem.""]}, ""shape"": {""importance"": ""medium"", ""facts"": [""The cover emblem appears as the Republic of Korea coat of arms (a central taegeuk-style symbol surrounded by a flower-like outline).""]}, ""size"": {""importance"": ""low"", ""facts"": []}, ""color"": {""importance"": ""high"", ""facts"": [""The cover is a very dark navy/blue (near-black) color.""]}, ""posture"": {""importance"": ""low"", ""facts"": []}, ""scene"": {""importance"": ""low"", ""facts"": []}, ""others"": {""importance"": ""medium"", ""facts"": [""The cover text and emblem appear in a metallic gold/bronze-like color.""]}}, ""level_3"": {""existence"": {""importance"": ""high"", ""facts"": [""The Korean text \""대한민국\"" appears on the cover."", ""The English text \""REPUBLIC OF KOREA\"" appears on the cover.""]}, ""counting"": {""importance"": ""low"", ""facts"": []}, ""relation"": {""importance"": ""medium"", ""facts"": [""\""대한민국\"" appears above \""REPUBLIC OF KOREA\"" on the cover.""]}, ""shape"": {""importance"": ""low"", ""facts"": []}, ""size"": {""importance"": ""low"", ""facts"": []}, ""color"": {""importance"": ""low"", ""facts"": []}, ""posture"": {""importance"": ""low"", ""facts"": []}, ""scene"": {""importance"": ""low"", ""facts"": []}, ""others"": {""importance"": ""medium"", ""facts"": [""A biometric passport symbol (the standard rectangle-with-circle icon) is present on the cover.""]}}}","{
  ""level_1"": {
    ""existence"": {
      ""importance"": ""high"",
      ""facts"": [
        ""The front cover of a passport booklet is depicted.""
      ]
    },
    ""counting"": {
      ""importance"": ""medium"",
      ""facts"": [
        ""Only one passport front cover is shown as the main subject.""
      ]
    },
    ""relation"": {
      ""importance"": ""low"",
      ""facts"": []
    },
    ""shape"": {
      ""importance"": ""high"",
      ""facts"": [
        ""The object has the appearance of a closed rectangular passport booklet cover.""
      ]
    },
    ""size"": {
      ""importance"": ""low"",
      ""facts"": []
    },
    ""color"": {
      ""importance"": ""low"",
      ""facts"": []
    },
    ""posture"": {
      ""importance"": ""low"",
      ""facts"": []
    },
    ""scene"": {
      ""importance"": ""low"",
      ""facts"": []
    },
    ""others"": {
      ""importance"": ""high"",
      ""facts"": [
        ""The cover design corresponds to a South Korean passport issued after 2021 (i.e., the newer dark-cover design rather than the older green design).""
      ]
    }
  },
  ""level_2"": {
    ""existence"": {
      ""importance"": ""high"",
      ""facts"": [
        ""A South Korean national emblem/crest is shown on the cover."",
        ""Country-identifying text is present on the cover."",
        ""The word \""PASSPORT\"" is present on the cover.""
      ]
    },
    ""counting"": {
      ""importance"": ""low"",
      ""facts"": []
    },
    ""relation"": {
      ""importance"": ""high"",
      ""facts"": [
        ""The national emblem/crest is placed centrally on the cover."",
        ""The country-identifying text is placed above the emblem."",
        ""The word \""PASSPORT\"" is placed below the emblem.""
      ]
    },
    ""shape"": {
      ""importance"": ""medium"",
      ""facts"": [
        ""The cover emblem appears as the Republic of Korea coat of arms (a central taegeuk-style symbol surrounded by a flower-like outline).""
      ]
    },
    ""size"": {
      ""importance"": ""low"",
      ""facts"": []
    },
    ""color"": {
      ""importance"": ""high"",
      ""facts"": [
        ""The cover is a very dark navy/blue (near-black) color.""
      ]
    },
    ""posture"": {
      ""importance"": ""low"",
      ""facts"": []
    },
    ""scene"": {
      ""importance"": ""low"",
      ""facts"": []
    },
    ""others"": {
      ""importance"": ""medium"",
      ""facts"": [
        ""The cover text and emblem appear in a metallic gold/bronze-like color.""
      ]
    }
  },
  ""level_3"": {
    ""existence"": {
      ""importance"": ""high"",
      ""facts"": [
        ""The Korean text \""대한민국\"" appears on the cover."",
        ""The English text \""REPUBLIC OF KOREA\"" appears on the cover.""
      ]
    },
    ""counting"": {
      ""importance"": ""low"",
      ""facts"": []
    },
    ""relation"": {
      ""importance"": ""medium"",
      ""facts"": [
        ""\""대한민국\"" appears above \""REPUBLIC OF KOREA\"" on the cover.""
      ]
    },
    ""shape"": {
      ""importance"": ""low"",
      ""facts"": []
    },
    ""size"": {
      ""importance"": ""low"",
      ""facts"": []
    },
    ""color"": {
      ""importance"": ""low"",
      ""facts"": []
    },
    ""posture"": {
      ""importance"": ""low"",
      ""facts"": []
    },
    ""scene"": {
      ""importance"": ""low"",
      ""facts"": []
    },
    ""others"": {
      ""importance"": ""medium"",
      ""facts"": [
        ""A biometric passport symbol (the standard rectangle-with-circle icon) is present on the cover.""
      ]
    }
  }
}",high,The front cover of a passport booklet is depicted.,medium,Only one passport front cover is shown as the main subject.,low,,high,The object has the appearance of a closed rectangular passport booklet cover.,low,,low,,low,,low,,high,"The cover design corresponds to a South Korean passport issued after 2021 (i.e., the newer dark-cover design rather than the older green design).",high,"A South Korean national emblem/crest is shown on the cover. | Country-identifying text is present on the cover. | The word ""PASSPORT"" is present on the cover.",low,,high,"The national emblem/crest is placed centrally on the cover. | The country-identifying text is placed above the emblem. | The word ""PASSPORT"" is placed below the emblem.",medium,The cover emblem appears as the Republic of Korea coat of arms (a central taegeuk-style symbol surrounded by a flower-like outline).,low,,high,The cover is a very dark navy/blue (near-black) color.,low,,low,,medium,The cover text and emblem appear in a metallic gold/bronze-like color.,high,"The Korean text ""대한민국"" appears on the cover. | The English text ""REPUBLIC OF KOREA"" appears on the cover.",low,,medium,"""대한민국"" appears above ""REPUBLIC OF KOREA"" on the cover.",low,,low,,low,,low,,low,,medium,A biometric passport symbol (the standard rectangle-with-circle icon) is present on the cover.
10,A current German Umweltplakette (environmental zone sticker) on a car windshield,"{""level_1"": {""existence"": {""importance"": ""high"", ""facts"": [""A car windshield (glass) is visible."", ""A German Umweltplakette (environmental zone sticker) is visible on the windshield.""]}, ""counting"": {""importance"": ""low"", ""facts"": []}, ""relation"": {""importance"": ""high"", ""facts"": [""The Umweltplakette is affixed to the windshield (appears stuck onto the glass).""]}, ""shape"": {""importance"": ""low"", ""facts"": []}, ""size"": {""importance"": ""low"", ""facts"": []}, ""color"": {""importance"": ""medium"", ""facts"": [""The sticker has a clearly colored appearance (not purely grayscale).""]}, ""posture"": {""importance"": ""low"", ""facts"": []}, ""scene"": {""importance"": ""medium"", ""facts"": [""The sticker is shown in a context that reads as part of a car windshield (e.g., surrounding glass area, car interior/exterior cues).""]}, ""others"": {""importance"": ""low"", ""facts"": []}}, ""level_2"": {""existence"": {""importance"": ""high"", ""facts"": [""The Umweltplakette shows an emissions-class number printed on it (a large single digit)."", ""The sticker includes printed text indicating it is an Umweltplakette/environmental zone sticker (German wording visible on the sticker).""]}, ""counting"": {""importance"": ""low"", ""facts"": []}, ""relation"": {""importance"": ""high"", ""facts"": [""The emissions-class number is printed within the circular sticker area.""]}, ""shape"": {""importance"": ""high"", ""facts"": [""The Umweltplakette is circular (round).""]}, ""size"": {""importance"": ""low"", ""facts"": []}, ""color"": {""importance"": ""high"", ""facts"": [""The sticker’s main field is one of the standard Umweltplakette colors (green, yellow, or red)."", ""The emissions-class number is printed in a dark/black color that contrasts with the sticker background.""]}, ""posture"": {""importance"": ""low"", ""facts"": []}, ""scene"": {""importance"": ""low"", ""facts"": []}, ""others"": {""importance"": ""low"", ""facts"": []}}, ""level_3"": {""existence"": {""importance"": ""low"", ""facts"": [""A license-plate field/area may be present on the sticker (as part of the standard design).""]}, ""counting"": {""importance"": ""low"", ""facts"": []}, ""relation"": {""importance"": ""low"", ""facts"": []}, ""shape"": {""importance"": ""low"", ""facts"": []}, ""size"": {""importance"": ""low"", ""facts"": []}, ""color"": {""importance"": ""low"", ""facts"": []}, ""posture"": {""importance"": ""low"", ""facts"": []}, ""scene"": {""importance"": ""low"", ""facts"": []}, ""others"": {""importance"": ""low"", ""facts"": []}}}","{
  ""level_1"": {
    ""existence"": {
      ""importance"": ""high"",
      ""facts"": [
        ""A car windshield (glass) is visible."",
        ""A German Umweltplakette (environmental zone sticker) is visible on the windshield.""
      ]
    },
    ""counting"": {
      ""importance"": ""low"",
      ""facts"": []
    },
    ""relation"": {
      ""importance"": ""high"",
      ""facts"": [
        ""The Umweltplakette is affixed to the windshield (appears stuck onto the glass).""
      ]
    },
    ""shape"": {
      ""importance"": ""low"",
      ""facts"": []
    },
    ""size"": {
      ""importance"": ""low"",
      ""facts"": []
    },
    ""color"": {
      ""importance"": ""medium"",
      ""facts"": [
        ""The sticker has a clearly colored appearance (not purely grayscale).""
      ]
    },
    ""posture"": {
      ""importance"": ""low"",
      ""facts"": []
    },
    ""scene"": {
      ""importance"": ""medium"",
      ""facts"": [
        ""The sticker is shown in a context that reads as part of a car windshield (e.g., surrounding glass area, car interior/exterior cues).""
      ]
    },
    ""others"": {
      ""importance"": ""low"",
      ""facts"": []
    }
  },
  ""level_2"": {
    ""existence"": {
      ""importance"": ""high"",
      ""facts"": [
        ""The Umweltplakette shows an emissions-class number printed on it (a large single digit)."",
        ""The sticker includes printed text indicating it is an Umweltplakette/environmental zone sticker (German wording visible on the sticker).""
      ]
    },
    ""counting"": {
      ""importance"": ""low"",
      ""facts"": []
    },
    ""relation"": {
      ""importance"": ""high"",
      ""facts"": [
        ""The emissions-class number is printed within the circular sticker area.""
      ]
    },
    ""shape"": {
      ""importance"": ""high"",
      ""facts"": [
        ""The Umweltplakette is circular (round).""
      ]
    },
    ""size"": {
      ""importance"": ""low"",
      ""facts"": []
    },
    ""color"": {
      ""importance"": ""high"",
      ""facts"": [
        ""The sticker’s main field is one of the standard Umweltplakette colors (green, yellow, or red)."",
        ""The emissions-class number is printed in a dark/black color that contrasts with the sticker background.""
      ]
    },
    ""posture"": {
      ""importance"": ""low"",
      ""facts"": []
    },
    ""scene"": {
      ""importance"": ""low"",
      ""facts"": []
    },
    ""others"": {
      ""importance"": ""low"",
      ""facts"": []
    }
  },
  ""level_3"": {
    ""existence"": {
      ""importance"": ""low"",
      ""facts"": [
        ""A license-plate field/area may be present on the sticker (as part of the standard design).""
      ]
    },
    ""counting"": {
      ""importance"": ""low"",
      ""facts"": []
    },
    ""relation"": {
      ""importance"": ""low"",
      ""facts"": []
    },
    ""shape"": {
      ""importance"": ""low"",
      ""facts"": []
    },
    ""size"": {
      ""importance"": ""low"",
      ""facts"": []
    },
    ""color"": {
      ""importance"": ""low"",
      ""facts"": []
    },
    ""posture"": {
      ""importance"": ""low"",
      ""facts"": []
    },
    ""scene"": {
      ""importance"": ""low"",
      ""facts"": []
    },
    ""others"": {
      ""importance"": ""low"",
      ""facts"": []
    }
  }
}",high,A car windshield (glass) is visible. | A German Umweltplakette (environmental zone sticker) is visible on the windshield.,low,,high,The Umweltplakette is affixed to the windshield (appears stuck onto the glass).,low,,low,,medium,The sticker has a clearly colored appearance (not purely grayscale).,low,,medium,"The sticker is shown in a context that reads as part of a car windshield (e.g., surrounding glass area, car interior/exterior cues).",low,,high,The Umweltplakette shows an emissions-class number printed on it (a large single digit). | The sticker includes printed text indicating it is an Umweltplakette/environmental zone sticker (German wording visible on the sticker).,low,,high,The emissions-class number is printed within the circular sticker area.,high,The Umweltplakette is circular (round).,low,,high,"The sticker’s main field is one of the standard Umweltplakette colors (green, yellow, or red). | The emissions-class number is printed in a dark/black color that contrasts with the sticker background.",low,,low,,low,,low,A license-plate field/area may be present on the sticker (as part of the standard design).,low,,low,,low,,low,,low,,low,,low,,low,
11,"An iPhone 17 Pro from the back, official 2025 design","{""level_1"": {""existence"": {""importance"": ""high"", ""facts"": [""A single smartphone is depicted."", ""The smartphone is depicted as an iPhone-branded device (i.e., an iPhone).""]}, ""counting"": {""importance"": ""high"", ""facts"": [""Exactly one smartphone is shown.""]}, ""relation"": {""importance"": ""high"", ""facts"": [""The back (rear side) of the smartphone faces the viewer (not the screen/front).""]}, ""shape"": {""importance"": ""low"", ""facts"": []}, ""size"": {""importance"": ""low"", ""facts"": []}, ""color"": {""importance"": ""low"", ""facts"": []}, ""posture"": {""importance"": ""low"", ""facts"": []}, ""scene"": {""importance"": ""low"", ""facts"": []}, ""others"": {""importance"": ""medium"", ""facts"": [""The depiction does not include any visible front-screen UI, since the phone is shown from the back.""]}}, ""level_2"": {""existence"": {""importance"": ""high"", ""facts"": [""A rear camera area/module is visible on the back of the phone."", ""At least two separate rear camera lenses are visible within the rear camera area/module."", ""An Apple logo is visible on the back of the phone.""]}, ""counting"": {""importance"": ""medium"", ""facts"": [""Two or more distinct rear camera lenses are visible.""]}, ""relation"": {""importance"": ""high"", ""facts"": [""The rear camera lenses are located on the back surface of the phone (not on the front).""]}, ""shape"": {""importance"": ""medium"", ""facts"": [""The rear camera lenses appear as circular (or near-circular) elements.""]}, ""size"": {""importance"": ""low"", ""facts"": []}, ""color"": {""importance"": ""low"", ""facts"": []}, ""posture"": {""importance"": ""low"", ""facts"": []}, ""scene"": {""importance"": ""low"", ""facts"": []}, ""others"": {""importance"": ""low"", ""facts"": [""No added text labels (e.g., 'iPhone 17 Pro', 'official 2025') are required to be present.""]}}, ""level_3"": {""existence"": {""importance"": ""low"", ""facts"": []}, ""counting"": {""importance"": ""low"", ""facts"": []}, ""relation"": {""importance"": ""low"", ""facts"": []}, ""shape"": {""importance"": ""low"", ""facts"": []}, ""size"": {""importance"": ""low"", ""facts"": []}, ""color"": {""importance"": ""low"", ""facts"": []}, ""posture"": {""importance"": ""low"", ""facts"": []}, ""scene"": {""importance"": ""low"", ""facts"": []}, ""others"": {""importance"": ""low"", ""facts"": []}}}","{
  ""level_1"": {
    ""existence"": {
      ""importance"": ""high"",
      ""facts"": [
        ""A single smartphone is depicted."",
        ""The smartphone is depicted as an iPhone-branded device (i.e., an iPhone).""
      ]
    },
    ""counting"": {
      ""importance"": ""high"",
      ""facts"": [
        ""Exactly one smartphone is shown.""
      ]
    },
    ""relation"": {
      ""importance"": ""high"",
      ""facts"": [
        ""The back (rear side) of the smartphone faces the viewer (not the screen/front).""
      ]
    },
    ""shape"": {
      ""importance"": ""low"",
      ""facts"": []
    },
    ""size"": {
      ""importance"": ""low"",
      ""facts"": []
    },
    ""color"": {
      ""importance"": ""low"",
      ""facts"": []
    },
    ""posture"": {
      ""importance"": ""low"",
      ""facts"": []
    },
    ""scene"": {
      ""importance"": ""low"",
      ""facts"": []
    },
    ""others"": {
      ""importance"": ""medium"",
      ""facts"": [
        ""The depiction does not include any visible front-screen UI, since the phone is shown from the back.""
      ]
    }
  },
  ""level_2"": {
    ""existence"": {
      ""importance"": ""high"",
      ""facts"": [
        ""A rear camera area/module is visible on the back of the phone."",
        ""At least two separate rear camera lenses are visible within the rear camera area/module."",
        ""An Apple logo is visible on the back of the phone.""
      ]
    },
    ""counting"": {
      ""importance"": ""medium"",
      ""facts"": [
        ""Two or more distinct rear camera lenses are visible.""
      ]
    },
    ""relation"": {
      ""importance"": ""high"",
      ""facts"": [
        ""The rear camera lenses are located on the back surface of the phone (not on the front).""
      ]
    },
    ""shape"": {
      ""importance"": ""medium"",
      ""facts"": [
        ""The rear camera lenses appear as circular (or near-circular) elements.""
      ]
    },
    ""size"": {
      ""importance"": ""low"",
      ""facts"": []
    },
    ""color"": {
      ""importance"": ""low"",
      ""facts"": []
    },
    ""posture"": {
      ""importance"": ""low"",
      ""facts"": []
    },
    ""scene"": {
      ""importance"": ""low"",
      ""facts"": []
    },
    ""others"": {
      ""importance"": ""low"",
      ""facts"": [
        ""No added text labels (e.g., 'iPhone 17 Pro', 'official 2025') are required to be present.""
      ]
    }
  },
  ""level_3"": {
    ""existence"": {
      ""importance"": ""low"",
      ""facts"": []
    },
    ""counting"": {
      ""importance"": ""low"",
      ""facts"": []
    },
    ""relation"": {
      ""importance"": ""low"",
      ""facts"": []
    },
    ""shape"": {
      ""importance"": ""low"",
      ""facts"": []
    },
    ""size"": {
      ""importance"": ""low"",
      ""facts"": []
    },
    ""color"": {
      ""importance"": ""low"",
      ""facts"": []
    },
    ""posture"": {
      ""importance"": ""low"",
      ""facts"": []
    },
    ""scene"": {
      ""importance"": ""low"",
      ""facts"": []
    },
    ""others"": {
      ""importance"": ""low"",
      ""facts"": []
    }
  }
}",high,"A single smartphone is depicted. | The smartphone is depicted as an iPhone-branded device (i.e., an iPhone).",high,Exactly one smartphone is shown.,high,The back (rear side) of the smartphone faces the viewer (not the screen/front).,low,,low,,low,,low,,low,,medium,"The depiction does not include any visible front-screen UI, since the phone is shown from the back.",high,A rear camera area/module is visible on the back of the phone. | At least two separate rear camera lenses are visible within the rear camera area/module. | An Apple logo is visible on the back of the phone.,medium,Two or more distinct rear camera lenses are visible.,high,The rear camera lenses are located on the back surface of the phone (not on the front).,medium,The rear camera lenses appear as circular (or near-circular) elements.,low,,low,,low,,low,,low,"No added text labels (e.g., 'iPhone 17 Pro', 'official 2025') are required to be present.",low,,low,,low,,low,,low,,low,,low,,low,,low,
12,A current South Korean police patrol car in 2026,"{""level_1"": {""existence"": {""importance"": ""high"", ""facts"": [""At least one road vehicle (car) is depicted as a police patrol car.""]}, ""counting"": {""importance"": ""low"", ""facts"": []}, ""relation"": {""importance"": ""high"", ""facts"": [""The vehicle has visible exterior markings/identifiers indicating it is a police vehicle."", ""The vehicle has visible exterior markings/identifiers indicating it is South Korean.""]}, ""shape"": {""importance"": ""medium"", ""facts"": [""The vehicle is a typical passenger-car body style used for patrol duty (e.g., sedan/SUV/wagon/van), not a motorcycle or bicycle.""]}, ""size"": {""importance"": ""low"", ""facts"": []}, ""color"": {""importance"": ""low"", ""facts"": []}, ""posture"": {""importance"": ""low"", ""facts"": []}, ""scene"": {""importance"": ""low"", ""facts"": []}, ""others"": {""importance"": ""medium"", ""facts"": [""The vehicle appears modern (not an obviously vintage/antique design), consistent with being a current patrol car.""]}}, ""level_2"": {""existence"": {""importance"": ""high"", ""facts"": [""A roof-mounted emergency light unit (lightbar or beacon lights) is present on the vehicle.""]}, ""counting"": {""importance"": ""low"", ""facts"": []}, ""relation"": {""importance"": ""high"", ""facts"": [""The vehicle’s police identity is communicated via decals/wording on the exterior body."", ""The vehicle’s South Korean identity is communicated via Korean (Hangul) text on the exterior.""]}, ""shape"": {""importance"": ""low"", ""facts"": []}, ""size"": {""importance"": ""low"", ""facts"": []}, ""color"": {""importance"": ""low"", ""facts"": []}, ""posture"": {""importance"": ""low"", ""facts"": []}, ""scene"": {""importance"": ""low"", ""facts"": []}, ""others"": {""importance"": ""high"", ""facts"": [""The Hangul text '경찰' is visible on the vehicle’s exterior.""]}}, ""level_3"": {""existence"": {""importance"": ""low"", ""facts"": []}, ""counting"": {""importance"": ""low"", ""facts"": []}, ""relation"": {""importance"": ""low"", ""facts"": []}, ""shape"": {""importance"": ""low"", ""facts"": []}, ""size"": {""importance"": ""low"", ""facts"": []}, ""color"": {""importance"": ""low"", ""facts"": []}, ""posture"": {""importance"": ""low"", ""facts"": []}, ""scene"": {""importance"": ""low"", ""facts"": []}, ""others"": {""importance"": ""low"", ""facts"": []}}}","{
  ""level_1"": {
    ""existence"": {
      ""importance"": ""high"",
      ""facts"": [
        ""At least one road vehicle (car) is depicted as a police patrol car.""
      ]
    },
    ""counting"": {
      ""importance"": ""low"",
      ""facts"": []
    },
    ""relation"": {
      ""importance"": ""high"",
      ""facts"": [
        ""The vehicle has visible exterior markings/identifiers indicating it is a police vehicle."",
        ""The vehicle has visible exterior markings/identifiers indicating it is South Korean.""
      ]
    },
    ""shape"": {
      ""importance"": ""medium"",
      ""facts"": [
        ""The vehicle is a typical passenger-car body style used for patrol duty (e.g., sedan/SUV/wagon/van), not a motorcycle or bicycle.""
      ]
    },
    ""size"": {
      ""importance"": ""low"",
      ""facts"": []
    },
    ""color"": {
      ""importance"": ""low"",
      ""facts"": []
    },
    ""posture"": {
      ""importance"": ""low"",
      ""facts"": []
    },
    ""scene"": {
      ""importance"": ""low"",
      ""facts"": []
    },
    ""others"": {
      ""importance"": ""medium"",
      ""facts"": [
        ""The vehicle appears modern (not an obviously vintage/antique design), consistent with being a current patrol car.""
      ]
    }
  },
  ""level_2"": {
    ""existence"": {
      ""importance"": ""high"",
      ""facts"": [
        ""A roof-mounted emergency light unit (lightbar or beacon lights) is present on the vehicle.""
      ]
    },
    ""counting"": {
      ""importance"": ""low"",
      ""facts"": []
    },
    ""relation"": {
      ""importance"": ""high"",
      ""facts"": [
        ""The vehicle’s police identity is communicated via decals/wording on the exterior body."",
        ""The vehicle’s South Korean identity is communicated via Korean (Hangul) text on the exterior.""
      ]
    },
    ""shape"": {
      ""importance"": ""low"",
      ""facts"": []
    },
    ""size"": {
      ""importance"": ""low"",
      ""facts"": []
    },
    ""color"": {
      ""importance"": ""low"",
      ""facts"": []
    },
    ""posture"": {
      ""importance"": ""low"",
      ""facts"": []
    },
    ""scene"": {
      ""importance"": ""low"",
      ""facts"": []
    },
    ""others"": {
      ""importance"": ""high"",
      ""facts"": [
        ""The Hangul text '경찰' is visible on the vehicle’s exterior.""
      ]
    }
  },
  ""level_3"": {
    ""existence"": {
      ""importance"": ""low"",
      ""facts"": []
    },
    ""counting"": {
      ""importance"": ""low"",
      ""facts"": []
    },
    ""relation"": {
      ""importance"": ""low"",
      ""facts"": []
    },
    ""shape"": {
      ""importance"": ""low"",
      ""facts"": []
    },
    ""size"": {
      ""importance"": ""low"",
      ""facts"": []
    },
    ""color"": {
      ""importance"": ""low"",
      ""facts"": []
    },
    ""posture"": {
      ""importance"": ""low"",
      ""facts"": []
    },
    ""scene"": {
      ""importance"": ""low"",
      ""facts"": []
    },
    ""others"": {
      ""importance"": ""low"",
      ""facts"": []
    }
  }
}",high,At least one road vehicle (car) is depicted as a police patrol car.,low,,high,The vehicle has visible exterior markings/identifiers indicating it is a police vehicle. | The vehicle has visible exterior markings/identifiers indicating it is South Korean.,medium,"The vehicle is a typical passenger-car body style used for patrol duty (e.g., sedan/SUV/wagon/van), not a motorcycle or bicycle.",low,,low,,low,,low,,medium,"The vehicle appears modern (not an obviously vintage/antique design), consistent with being a current patrol car.",high,A roof-mounted emergency light unit (lightbar or beacon lights) is present on the vehicle.,low,,high,The vehicle’s police identity is communicated via decals/wording on the exterior body. | The vehicle’s South Korean identity is communicated via Korean (Hangul) text on the exterior.,low,,low,,low,,low,,low,,high,The Hangul text '경찰' is visible on the vehicle’s exterior.,low,,low,,low,,low,,low,,low,,low,,low,,low,
13,"A current South Korean 50,000 won banknote front side","{""level_1"": {""existence"": {""importance"": ""high"", ""facts"": [""A South Korean 50,000 won banknote is depicted."", ""The banknote shown is the front (obverse) side design.""]}, ""counting"": {""importance"": ""high"", ""facts"": [""Exactly one banknote is shown.""]}, ""relation"": {""importance"": ""low"", ""facts"": []}, ""shape"": {""importance"": ""high"", ""facts"": [""The banknote is a flat, rectangular piece of paper with printed designs.""]}, ""size"": {""importance"": ""low"", ""facts"": []}, ""color"": {""importance"": ""high"", ""facts"": [""The image is in color."", ""The banknote’s overall color scheme is predominantly yellow/gold.""]}, ""posture"": {""importance"": ""low"", ""facts"": []}, ""scene"": {""importance"": ""medium"", ""facts"": [""The banknote’s printed front-side design is visible (not turned over to show only the reverse).""]}, ""others"": {""importance"": ""high"", ""facts"": [""The banknote matches the current (modern circulating) 50,000 won front-side design rather than a different denomination or a nonstandard design.""]}}, ""level_2"": {""existence"": {""importance"": ""high"", ""facts"": [""A portrait of a woman is printed on the front side of the banknote."", ""The denomination is printed as numerals indicating fifty thousand won (e.g., “50000” or “50,000”)."", ""The denomination is also printed in Korean (Hangul) as “오만원”."", ""Issuer identification text for the central bank is present (e.g., “한국은행” and/or “BANK OF KOREA”)."", ""At least one serial number string is printed on the note.""]}, ""counting"": {""importance"": ""medium"", ""facts"": [""Two serial-number strings are printed on the note.""]}, ""relation"": {""importance"": ""high"", ""facts"": [""The portrait is part of the front-side layout (i.e., the side shown includes the portrait side).""]}, ""shape"": {""importance"": ""medium"", ""facts"": [""Printed ornamental/guilloche-style background patterns appear on the note."", ""Additional printed illustration elements (non-portrait motifs) are present on the front side.""]}, ""size"": {""importance"": ""low"", ""facts"": []}, ""color"": {""importance"": ""medium"", ""facts"": [""The portrait and printed elements use multiple ink tones/shades within the yellow/gold-dominant palette.""]}, ""posture"": {""importance"": ""low"", ""facts"": []}, ""scene"": {""importance"": ""low"", ""facts"": []}, ""others"": {""importance"": ""medium"", ""facts"": [""A visible anti-counterfeiting feature area typical of the front side (e.g., a holographic/iridescent patch or strip) is present on the note.""]}}, ""level_3"": {""existence"": {""importance"": ""medium"", ""facts"": [""The portrait depicts the woman facing generally toward the viewer (a forward/three-quarter portrait rather than a full-body figure).""]}, ""counting"": {""importance"": ""low"", ""facts"": []}, ""relation"": {""importance"": ""medium"", ""facts"": [""The large denomination numerals are placed in at least two separate locations on the front side (e.g., a corner value and another value elsewhere).""]}, ""shape"": {""importance"": ""low"", ""facts"": []}, ""size"": {""importance"": ""low"", ""facts"": []}, ""color"": {""importance"": ""low"", ""facts"": []}, ""posture"": {""importance"": ""low"", ""facts"": []}, ""scene"": {""importance"": ""low"", ""facts"": []}, ""others"": {""importance"": ""low"", ""facts"": []}}}","{
  ""level_1"": {
    ""existence"": {
      ""importance"": ""high"",
      ""facts"": [
        ""A South Korean 50,000 won banknote is depicted."",
        ""The banknote shown is the front (obverse) side design.""
      ]
    },
    ""counting"": {
      ""importance"": ""high"",
      ""facts"": [
        ""Exactly one banknote is shown.""
      ]
    },
    ""relation"": {
      ""importance"": ""low"",
      ""facts"": []
    },
    ""shape"": {
      ""importance"": ""high"",
      ""facts"": [
        ""The banknote is a flat, rectangular piece of paper with printed designs.""
      ]
    },
    ""size"": {
      ""importance"": ""low"",
      ""facts"": []
    },
    ""color"": {
      ""importance"": ""high"",
      ""facts"": [
        ""The image is in color."",
        ""The banknote’s overall color scheme is predominantly yellow/gold.""
      ]
    },
    ""posture"": {
      ""importance"": ""low"",
      ""facts"": []
    },
    ""scene"": {
      ""importance"": ""medium"",
      ""facts"": [
        ""The banknote’s printed front-side design is visible (not turned over to show only the reverse).""
      ]
    },
    ""others"": {
      ""importance"": ""high"",
      ""facts"": [
        ""The banknote matches the current (modern circulating) 50,000 won front-side design rather than a different denomination or a nonstandard design.""
      ]
    }
  },
  ""level_2"": {
    ""existence"": {
      ""importance"": ""high"",
      ""facts"": [
        ""A portrait of a woman is printed on the front side of the banknote."",
        ""The denomination is printed as numerals indicating fifty thousand won (e.g., “50000” or “50,000”)."",
        ""The denomination is also printed in Korean (Hangul) as “오만원”."",
        ""Issuer identification text for the central bank is present (e.g., “한국은행” and/or “BANK OF KOREA”)."",
        ""At least one serial number string is printed on the note.""
      ]
    },
    ""counting"": {
      ""importance"": ""medium"",
      ""facts"": [
        ""Two serial-number strings are printed on the note.""
      ]
    },
    ""relation"": {
      ""importance"": ""high"",
      ""facts"": [
        ""The portrait is part of the front-side layout (i.e., the side shown includes the portrait side).""
      ]
    },
    ""shape"": {
      ""importance"": ""medium"",
      ""facts"": [
        ""Printed ornamental/guilloche-style background patterns appear on the note."",
        ""Additional printed illustration elements (non-portrait motifs) are present on the front side.""
      ]
    },
    ""size"": {
      ""importance"": ""low"",
      ""facts"": []
    },
    ""color"": {
      ""importance"": ""medium"",
      ""facts"": [
        ""The portrait and printed elements use multiple ink tones/shades within the yellow/gold-dominant palette.""
      ]
    },
    ""posture"": {
      ""importance"": ""low"",
      ""facts"": []
    },
    ""scene"": {
      ""importance"": ""low"",
      ""facts"": []
    },
    ""others"": {
      ""importance"": ""medium"",
      ""facts"": [
        ""A visible anti-counterfeiting feature area typical of the front side (e.g., a holographic/iridescent patch or strip) is present on the note.""
      ]
    }
  },
  ""level_3"": {
    ""existence"": {
      ""importance"": ""medium"",
      ""facts"": [
        ""The portrait depicts the woman facing generally toward the viewer (a forward/three-quarter portrait rather than a full-body figure).""
      ]
    },
    ""counting"": {
      ""importance"": ""low"",
      ""facts"": []
    },
    ""relation"": {
      ""importance"": ""medium"",
      ""facts"": [
        ""The large denomination numerals are placed in at least two separate locations on the front side (e.g., a corner value and another value elsewhere).""
      ]
    },
    ""shape"": {
      ""importance"": ""low"",
      ""facts"": []
    },
    ""size"": {
      ""importance"": ""low"",
      ""facts"": []
    },
    ""color"": {
      ""importance"": ""low"",
      ""facts"": []
    },
    ""posture"": {
      ""importance"": ""low"",
      ""facts"": []
    },
    ""scene"": {
      ""importance"": ""low"",
      ""facts"": []
    },
    ""others"": {
      ""importance"": ""low"",
      ""facts"": []
    }
  }
}",high,"A South Korean 50,000 won banknote is depicted. | The banknote shown is the front (obverse) side design.",high,Exactly one banknote is shown.,low,,high,"The banknote is a flat, rectangular piece of paper with printed designs.",low,,high,The image is in color. | The banknote’s overall color scheme is predominantly yellow/gold.,low,,medium,The banknote’s printed front-side design is visible (not turned over to show only the reverse).,high,"The banknote matches the current (modern circulating) 50,000 won front-side design rather than a different denomination or a nonstandard design.",high,"A portrait of a woman is printed on the front side of the banknote. | The denomination is printed as numerals indicating fifty thousand won (e.g., “50000” or “50,000”). | The denomination is also printed in Korean (Hangul) as “오만원”. | Issuer identification text for the central bank is present (e.g., “한국은행” and/or “BANK OF KOREA”). | At least one serial number string is printed on the note.",medium,Two serial-number strings are printed on the note.,high,"The portrait is part of the front-side layout (i.e., the side shown includes the portrait side).",medium,Printed ornamental/guilloche-style background patterns appear on the note. | Additional printed illustration elements (non-portrait motifs) are present on the front side.,low,,medium,The portrait and printed elements use multiple ink tones/shades within the yellow/gold-dominant palette.,low,,low,,medium,"A visible anti-counterfeiting feature area typical of the front side (e.g., a holographic/iridescent patch or strip) is present on the note.",medium,The portrait depicts the woman facing generally toward the viewer (a forward/three-quarter portrait rather than a full-body figure).,low,,medium,"The large denomination numerals are placed in at least two separate locations on the front side (e.g., a corner value and another value elsewhere).",low,,low,,low,,low,,low,,low,
14,A current German Autobahn no-speed-limit sign,"{""level_1"": {""existence"": {""importance"": ""high"", ""facts"": [""A German-style road traffic sign indicating no speed limit is depicted.""]}, ""counting"": {""importance"": ""medium"", ""facts"": [""There is one main sign face.""]}, ""relation"": {""importance"": ""low"", ""facts"": []}, ""shape"": {""importance"": ""high"", ""facts"": [""The sign face is circular.""]}, ""size"": {""importance"": ""low"", ""facts"": []}, ""color"": {""importance"": ""high"", ""facts"": [""The sign face background is white.""]}, ""posture"": {""importance"": ""low"", ""facts"": []}, ""scene"": {""importance"": ""low"", ""facts"": []}, ""others"": {""importance"": ""low"", ""facts"": []}}, ""level_2"": {""existence"": {""importance"": ""high"", ""facts"": [""Diagonal black stripes are present on the sign face."", ""A circular border/outline is present around the edge of the sign face.""]}, ""counting"": {""importance"": ""high"", ""facts"": [""There are exactly five diagonal black stripes.""]}, ""relation"": {""importance"": ""high"", ""facts"": [""The diagonal black stripes run across the white circular sign face."", ""The stripes are slanted from upper-left toward lower-right.""]}, ""shape"": {""importance"": ""medium"", ""facts"": [""The stripes are straight, band-like diagonal lines.""]}, ""size"": {""importance"": ""low"", ""facts"": []}, ""color"": {""importance"": ""high"", ""facts"": [""The stripes are black."", ""The circular border/outline is black.""]}, ""posture"": {""importance"": ""low"", ""facts"": []}, ""scene"": {""importance"": ""low"", ""facts"": []}, ""others"": {""importance"": ""high"", ""facts"": [""No speed number or text is shown on the sign face.""]}}, ""level_3"": {""existence"": {""importance"": ""low"", ""facts"": []}, ""counting"": {""importance"": ""low"", ""facts"": []}, ""relation"": {""importance"": ""low"", ""facts"": []}, ""shape"": {""importance"": ""low"", ""facts"": []}, ""size"": {""importance"": ""low"", ""facts"": []}, ""color"": {""importance"": ""low"", ""facts"": []}, ""posture"": {""importance"": ""low"", ""facts"": []}, ""scene"": {""importance"": ""low"", ""facts"": []}, ""others"": {""importance"": ""low"", ""facts"": []}}}","{
  ""level_1"": {
    ""existence"": {
      ""importance"": ""high"",
      ""facts"": [
        ""A German-style road traffic sign indicating no speed limit is depicted.""
      ]
    },
    ""counting"": {
      ""importance"": ""medium"",
      ""facts"": [
        ""There is one main sign face.""
      ]
    },
    ""relation"": {
      ""importance"": ""low"",
      ""facts"": []
    },
    ""shape"": {
      ""importance"": ""high"",
      ""facts"": [
        ""The sign face is circular.""
      ]
    },
    ""size"": {
      ""importance"": ""low"",
      ""facts"": []
    },
    ""color"": {
      ""importance"": ""high"",
      ""facts"": [
        ""The sign face background is white.""
      ]
    },
    ""posture"": {
      ""importance"": ""low"",
      ""facts"": []
    },
    ""scene"": {
      ""importance"": ""low"",
      ""facts"": []
    },
    ""others"": {
      ""importance"": ""low"",
      ""facts"": []
    }
  },
  ""level_2"": {
    ""existence"": {
      ""importance"": ""high"",
      ""facts"": [
        ""Diagonal black stripes are present on the sign face."",
        ""A circular border/outline is present around the edge of the sign face.""
      ]
    },
    ""counting"": {
      ""importance"": ""high"",
      ""facts"": [
        ""There are exactly five diagonal black stripes.""
      ]
    },
    ""relation"": {
      ""importance"": ""high"",
      ""facts"": [
        ""The diagonal black stripes run across the white circular sign face."",
        ""The stripes are slanted from upper-left toward lower-right.""
      ]
    },
    ""shape"": {
      ""importance"": ""medium"",
      ""facts"": [
        ""The stripes are straight, band-like diagonal lines.""
      ]
    },
    ""size"": {
      ""importance"": ""low"",
      ""facts"": []
    },
    ""color"": {
      ""importance"": ""high"",
      ""facts"": [
        ""The stripes are black."",
        ""The circular border/outline is black.""
      ]
    },
    ""posture"": {
      ""importance"": ""low"",
      ""facts"": []
    },
    ""scene"": {
      ""importance"": ""low"",
      ""facts"": []
    },
    ""others"": {
      ""importance"": ""high"",
      ""facts"": [
        ""No speed number or text is shown on the sign face.""
      ]
    }
  },
  ""level_3"": {
    ""existence"": {
      ""importance"": ""low"",
      ""facts"": []
    },
    ""counting"": {
      ""importance"": ""low"",
      ""facts"": []
    },
    ""relation"": {
      ""importance"": ""low"",
      ""facts"": []
    },
    ""shape"": {
      ""importance"": ""low"",
      ""facts"": []
    },
    ""size"": {
      ""importance"": ""low"",
      ""facts"": []
    },
    ""color"": {
      ""importance"": ""low"",
      ""facts"": []
    },
    ""posture"": {
      ""importance"": ""low"",
      ""facts"": []
    },
    ""scene"": {
      ""importance"": ""low"",
      ""facts"": []
    },
    ""others"": {
      ""importance"": ""low"",
      ""facts"": []
    }
  }
}",high,A German-style road traffic sign indicating no speed limit is depicted.,medium,There is one main sign face.,low,,high,The sign face is circular.,low,,high,The sign face background is white.,low,,low,,low,,high,Diagonal black stripes are present on the sign face. | A circular border/outline is present around the edge of the sign face.,high,There are exactly five diagonal black stripes.,high,The diagonal black stripes run across the white circular sign face. | The stripes are slanted from upper-left toward lower-right.,medium,"The stripes are straight, band-like diagonal lines.",low,,high,The stripes are black. | The circular border/outline is black.,low,,low,,high,No speed number or text is shown on the sign face.,low,,low,,low,,low,,low,,low,,low,,low,,low,
15,A current London black cab seen from the front,"{""level_1"": {""existence"": {""importance"": ""high"", ""facts"": [""A London-style taxi cab (black cab) is depicted.""]}, ""counting"": {""importance"": ""medium"", ""facts"": [""Exactly one taxi cab is the primary subject.""]}, ""relation"": {""importance"": ""high"", ""facts"": [""The cab is viewed from the front (the vehicle’s front faces the viewer).""]}, ""shape"": {""importance"": ""high"", ""facts"": [""The vehicle has the characteristic tall, boxy/arched-roof silhouette of a London black cab.""]}, ""size"": {""importance"": ""medium"", ""facts"": [""The cab’s front occupies a substantial portion of the frame (not a tiny distant vehicle).""]}, ""color"": {""importance"": ""high"", ""facts"": [""The cab’s exterior body is black.""]}, ""posture"": {""importance"": ""low"", ""facts"": []}, ""scene"": {""importance"": ""low"", ""facts"": []}, ""others"": {""importance"": ""low"", ""facts"": []}}, ""level_2"": {""existence"": {""importance"": ""high"", ""facts"": [""A roof-mounted taxi sign/light is present on top of the cab."", ""A front windshield is visible."", ""Two front headlights are visible.""]}, ""counting"": {""importance"": ""high"", ""facts"": [""There are exactly two front headlights visible.""]}, ""relation"": {""importance"": ""high"", ""facts"": [""The roof taxi sign/light sits above the windshield on the roofline."", ""Both headlights are positioned on the front of the vehicle, one on each side.""]}, ""shape"": {""importance"": ""medium"", ""facts"": [""The front end shows a short hood/nose typical of a purpose-built London taxi rather than a long sedan hood.""]}, ""size"": {""importance"": ""low"", ""facts"": []}, ""color"": {""importance"": ""medium"", ""facts"": [""The roof taxi sign/light contrasts with the black body enough to be visually identifiable as a separate element.""]}, ""posture"": {""importance"": ""low"", ""facts"": []}, ""scene"": {""importance"": ""low"", ""facts"": []}, ""others"": {""importance"": ""low"", ""facts"": []}}, ""level_3"": {""existence"": {""importance"": ""medium"", ""facts"": [""A front grille or front air-intake area is visible between/under the headlights.""]}, ""counting"": {""importance"": ""low"", ""facts"": []}, ""relation"": {""importance"": ""low"", ""facts"": []}, ""shape"": {""importance"": ""low"", ""facts"": []}, ""size"": {""importance"": ""low"", ""facts"": []}, ""color"": {""importance"": ""low"", ""facts"": []}, ""posture"": {""importance"": ""low"", ""facts"": []}, ""scene"": {""importance"": ""low"", ""facts"": []}, ""others"": {""importance"": ""low"", ""facts"": []}}}","{
  ""level_1"": {
    ""existence"": {
      ""importance"": ""high"",
      ""facts"": [
        ""A London-style taxi cab (black cab) is depicted.""
      ]
    },
    ""counting"": {
      ""importance"": ""medium"",
      ""facts"": [
        ""Exactly one taxi cab is the primary subject.""
      ]
    },
    ""relation"": {
      ""importance"": ""high"",
      ""facts"": [
        ""The cab is viewed from the front (the vehicle’s front faces the viewer).""
      ]
    },
    ""shape"": {
      ""importance"": ""high"",
      ""facts"": [
        ""The vehicle has the characteristic tall, boxy/arched-roof silhouette of a London black cab.""
      ]
    },
    ""size"": {
      ""importance"": ""medium"",
      ""facts"": [
        ""The cab’s front occupies a substantial portion of the frame (not a tiny distant vehicle).""
      ]
    },
    ""color"": {
      ""importance"": ""high"",
      ""facts"": [
        ""The cab’s exterior body is black.""
      ]
    },
    ""posture"": {
      ""importance"": ""low"",
      ""facts"": []
    },
    ""scene"": {
      ""importance"": ""low"",
      ""facts"": []
    },
    ""others"": {
      ""importance"": ""low"",
      ""facts"": []
    }
  },
  ""level_2"": {
    ""existence"": {
      ""importance"": ""high"",
      ""facts"": [
        ""A roof-mounted taxi sign/light is present on top of the cab."",
        ""A front windshield is visible."",
        ""Two front headlights are visible.""
      ]
    },
    ""counting"": {
      ""importance"": ""high"",
      ""facts"": [
        ""There are exactly two front headlights visible.""
      ]
    },
    ""relation"": {
      ""importance"": ""high"",
      ""facts"": [
        ""The roof taxi sign/light sits above the windshield on the roofline."",
        ""Both headlights are positioned on the front of the vehicle, one on each side.""
      ]
    },
    ""shape"": {
      ""importance"": ""medium"",
      ""facts"": [
        ""The front end shows a short hood/nose typical of a purpose-built London taxi rather than a long sedan hood.""
      ]
    },
    ""size"": {
      ""importance"": ""low"",
      ""facts"": []
    },
    ""color"": {
      ""importance"": ""medium"",
      ""facts"": [
        ""The roof taxi sign/light contrasts with the black body enough to be visually identifiable as a separate element.""
      ]
    },
    ""posture"": {
      ""importance"": ""low"",
      ""facts"": []
    },
    ""scene"": {
      ""importance"": ""low"",
      ""facts"": []
    },
    ""others"": {
      ""importance"": ""low"",
      ""facts"": []
    }
  },
  ""level_3"": {
    ""existence"": {
      ""importance"": ""medium"",
      ""facts"": [
        ""A front grille or front air-intake area is visible between/under the headlights.""
      ]
    },
    ""counting"": {
      ""importance"": ""low"",
      ""facts"": []
    },
    ""relation"": {
      ""importance"": ""low"",
      ""facts"": []
    },
    ""shape"": {
      ""importance"": ""low"",
      ""facts"": []
    },
    ""size"": {
      ""importance"": ""low"",
      ""facts"": []
    },
    ""color"": {
      ""importance"": ""low"",
      ""facts"": []
    },
    ""posture"": {
      ""importance"": ""low"",
      ""facts"": []
    },
    ""scene"": {
      ""importance"": ""low"",
      ""facts"": []
    },
    ""others"": {
      ""importance"": ""low"",
      ""facts"": []
    }
  }
}",high,A London-style taxi cab (black cab) is depicted.,medium,Exactly one taxi cab is the primary subject.,high,The cab is viewed from the front (the vehicle’s front faces the viewer).,high,"The vehicle has the characteristic tall, boxy/arched-roof silhouette of a London black cab.",medium,The cab’s front occupies a substantial portion of the frame (not a tiny distant vehicle).,high,The cab’s exterior body is black.,low,,low,,low,,high,A roof-mounted taxi sign/light is present on top of the cab. | A front windshield is visible. | Two front headlights are visible.,high,There are exactly two front headlights visible.,high,"The roof taxi sign/light sits above the windshield on the roofline. | Both headlights are positioned on the front of the vehicle, one on each side.",medium,The front end shows a short hood/nose typical of a purpose-built London taxi rather than a long sedan hood.,low,,medium,The roof taxi sign/light contrasts with the black body enough to be visually identifiable as a separate element.,low,,low,,low,,medium,A front grille or front air-intake area is visible between/under the headlights.,low,,low,,low,,low,,low,,low,,low,,low,
16,A current South Korean electric vehicle license plate,"{""level_1"": {""existence"": {""importance"": ""high"", ""facts"": [""A vehicle license plate is depicted.""]}, ""counting"": {""importance"": ""low"", ""facts"": []}, ""relation"": {""importance"": ""low"", ""facts"": []}, ""shape"": {""importance"": ""high"", ""facts"": [""The license plate is a horizontally oriented rectangle.""]}, ""size"": {""importance"": ""low"", ""facts"": []}, ""color"": {""importance"": ""high"", ""facts"": [""The plate has a light-blue (pale blue) background.""]}, ""posture"": {""importance"": ""low"", ""facts"": []}, ""scene"": {""importance"": ""low"", ""facts"": []}, ""others"": {""importance"": ""high"", ""facts"": [""The plate displays a South Korean-style registration number that includes Arabic numerals and at least one Hangul character.""]}}, ""level_2"": {""existence"": {""importance"": ""high"", ""facts"": [""Arabic numerals appear on the plate."", ""A single Hangul syllable character appears on the plate as part of the registration number.""]}, ""counting"": {""importance"": ""high"", ""facts"": [""The registration number contains exactly one Hangul syllable character.""]}, ""relation"": {""importance"": ""high"", ""facts"": [""The registration number is arranged in the modern South Korean pattern: three digits followed by one Hangul character, followed by four digits.""]}, ""shape"": {""importance"": ""low"", ""facts"": []}, ""size"": {""importance"": ""low"", ""facts"": []}, ""color"": {""importance"": ""medium"", ""facts"": [""The characters on the plate are dark (e.g., black or very dark gray) and clearly contrast with the light-blue background.""]}, ""posture"": {""importance"": ""low"", ""facts"": []}, ""scene"": {""importance"": ""low"", ""facts"": []}, ""others"": {""importance"": ""low"", ""facts"": []}}, ""level_3"": {""existence"": {""importance"": ""low"", ""facts"": []}, ""counting"": {""importance"": ""low"", ""facts"": []}, ""relation"": {""importance"": ""low"", ""facts"": []}, ""shape"": {""importance"": ""low"", ""facts"": []}, ""size"": {""importance"": ""low"", ""facts"": []}, ""color"": {""importance"": ""low"", ""facts"": []}, ""posture"": {""importance"": ""low"", ""facts"": []}, ""scene"": {""importance"": ""low"", ""facts"": []}, ""others"": {""importance"": ""low"", ""facts"": []}}}","{
  ""level_1"": {
    ""existence"": {
      ""importance"": ""high"",
      ""facts"": [
        ""A vehicle license plate is depicted.""
      ]
    },
    ""counting"": {
      ""importance"": ""low"",
      ""facts"": []
    },
    ""relation"": {
      ""importance"": ""low"",
      ""facts"": []
    },
    ""shape"": {
      ""importance"": ""high"",
      ""facts"": [
        ""The license plate is a horizontally oriented rectangle.""
      ]
    },
    ""size"": {
      ""importance"": ""low"",
      ""facts"": []
    },
    ""color"": {
      ""importance"": ""high"",
      ""facts"": [
        ""The plate has a light-blue (pale blue) background.""
      ]
    },
    ""posture"": {
      ""importance"": ""low"",
      ""facts"": []
    },
    ""scene"": {
      ""importance"": ""low"",
      ""facts"": []
    },
    ""others"": {
      ""importance"": ""high"",
      ""facts"": [
        ""The plate displays a South Korean-style registration number that includes Arabic numerals and at least one Hangul character.""
      ]
    }
  },
  ""level_2"": {
    ""existence"": {
      ""importance"": ""high"",
      ""facts"": [
        ""Arabic numerals appear on the plate."",
        ""A single Hangul syllable character appears on the plate as part of the registration number.""
      ]
    },
    ""counting"": {
      ""importance"": ""high"",
      ""facts"": [
        ""The registration number contains exactly one Hangul syllable character.""
      ]
    },
    ""relation"": {
      ""importance"": ""high"",
      ""facts"": [
        ""The registration number is arranged in the modern South Korean pattern: three digits followed by one Hangul character, followed by four digits.""
      ]
    },
    ""shape"": {
      ""importance"": ""low"",
      ""facts"": []
    },
    ""size"": {
      ""importance"": ""low"",
      ""facts"": []
    },
    ""color"": {
      ""importance"": ""medium"",
      ""facts"": [
        ""The characters on the plate are dark (e.g., black or very dark gray) and clearly contrast with the light-blue background.""
      ]
    },
    ""posture"": {
      ""importance"": ""low"",
      ""facts"": []
    },
    ""scene"": {
      ""importance"": ""low"",
      ""facts"": []
    },
    ""others"": {
      ""importance"": ""low"",
      ""facts"": []
    }
  },
  ""level_3"": {
    ""existence"": {
      ""importance"": ""low"",
      ""facts"": []
    },
    ""counting"": {
      ""importance"": ""low"",
      ""facts"": []
    },
    ""relation"": {
      ""importance"": ""low"",
      ""facts"": []
    },
    ""shape"": {
      ""importance"": ""low"",
      ""facts"": []
    },
    ""size"": {
      ""importance"": ""low"",
      ""facts"": []
    },
    ""color"": {
      ""importance"": ""low"",
      ""facts"": []
    },
    ""posture"": {
      ""importance"": ""low"",
      ""facts"": []
    },
    ""scene"": {
      ""importance"": ""low"",
      ""facts"": []
    },
    ""others"": {
      ""importance"": ""low"",
      ""facts"": []
    }
  }
}",high,A vehicle license plate is depicted.,low,,low,,high,The license plate is a horizontally oriented rectangle.,low,,high,The plate has a light-blue (pale blue) background.,low,,low,,high,The plate displays a South Korean-style registration number that includes Arabic numerals and at least one Hangul character.,high,Arabic numerals appear on the plate. | A single Hangul syllable character appears on the plate as part of the registration number.,high,The registration number contains exactly one Hangul syllable character.,high,"The registration number is arranged in the modern South Korean pattern: three digits followed by one Hangul character, followed by four digits.",low,,low,,medium,"The characters on the plate are dark (e.g., black or very dark gray) and clearly contrast with the light-blue background.",low,,low,,low,,low,,low,,low,,low,,low,,low,,low,,low,,low,
17,A Beefeater guard at the Tower of London in formal uniform,"{""level_1"": {""existence"": {""importance"": ""high"", ""facts"": [""A Beefeater (Yeoman Warder) guard is depicted.""]}, ""counting"": {""importance"": ""medium"", ""facts"": [""At least one guard is visible.""]}, ""relation"": {""importance"": ""high"", ""facts"": [""The guard is shown at the Tower of London (the location is visually indicated by recognizable Tower of London architecture or signage in the scene).""]}, ""shape"": {""importance"": ""low"", ""facts"": []}, ""size"": {""importance"": ""low"", ""facts"": []}, ""color"": {""importance"": ""high"", ""facts"": [""The guard’s uniform includes prominent red as a main color.""]}, ""posture"": {""importance"": ""low"", ""facts"": []}, ""scene"": {""importance"": ""high"", ""facts"": [""The scene is an outdoor setting associated with a historic stone fortress/castle-like complex (consistent with the Tower of London).""]}, ""others"": {""importance"": ""high"", ""facts"": [""The guard is wearing a formal/ceremonial-style uniform rather than casual clothing.""]}}, ""level_2"": {""existence"": {""importance"": ""high"", ""facts"": [""The guard wears a formal tunic/coat as part of the uniform."", ""The guard wears a hat as part of the uniform.""]}, ""counting"": {""importance"": ""low"", ""facts"": []}, ""relation"": {""importance"": ""medium"", ""facts"": [""The tunic/coat and hat are worn by the guard (not carried separately).""]}, ""shape"": {""importance"": ""medium"", ""facts"": [""The hat has a traditional formal, flat-brimmed or flat-topped ceremonial appearance consistent with a Beefeater-style hat (not a modern cap or helmet).""]}, ""size"": {""importance"": ""low"", ""facts"": []}, ""color"": {""importance"": ""high"", ""facts"": [""The formal tunic/coat includes contrasting decorative trim/embellishment (commonly gold/yellow) visible on the front.""]}, ""posture"": {""importance"": ""low"", ""facts"": []}, ""scene"": {""importance"": ""medium"", ""facts"": [""Stone walls/towers/courtyard elements typical of the Tower of London are visible in the background.""]}, ""others"": {""importance"": ""medium"", ""facts"": [""The uniform looks historic/ceremonial in cut and decoration (not a modern military camouflage or police-style uniform).""]}}, ""level_3"": {""existence"": {""importance"": ""low"", ""facts"": []}, ""counting"": {""importance"": ""low"", ""facts"": []}, ""relation"": {""importance"": ""low"", ""facts"": []}, ""shape"": {""importance"": ""low"", ""facts"": []}, ""size"": {""importance"": ""low"", ""facts"": []}, ""color"": {""importance"": ""low"", ""facts"": []}, ""posture"": {""importance"": ""low"", ""facts"": []}, ""scene"": {""importance"": ""low"", ""facts"": []}, ""others"": {""importance"": ""low"", ""facts"": []}}}","{
  ""level_1"": {
    ""existence"": {
      ""importance"": ""high"",
      ""facts"": [
        ""A Beefeater (Yeoman Warder) guard is depicted.""
      ]
    },
    ""counting"": {
      ""importance"": ""medium"",
      ""facts"": [
        ""At least one guard is visible.""
      ]
    },
    ""relation"": {
      ""importance"": ""high"",
      ""facts"": [
        ""The guard is shown at the Tower of London (the location is visually indicated by recognizable Tower of London architecture or signage in the scene).""
      ]
    },
    ""shape"": {
      ""importance"": ""low"",
      ""facts"": []
    },
    ""size"": {
      ""importance"": ""low"",
      ""facts"": []
    },
    ""color"": {
      ""importance"": ""high"",
      ""facts"": [
        ""The guard’s uniform includes prominent red as a main color.""
      ]
    },
    ""posture"": {
      ""importance"": ""low"",
      ""facts"": []
    },
    ""scene"": {
      ""importance"": ""high"",
      ""facts"": [
        ""The scene is an outdoor setting associated with a historic stone fortress/castle-like complex (consistent with the Tower of London).""
      ]
    },
    ""others"": {
      ""importance"": ""high"",
      ""facts"": [
        ""The guard is wearing a formal/ceremonial-style uniform rather than casual clothing.""
      ]
    }
  },
  ""level_2"": {
    ""existence"": {
      ""importance"": ""high"",
      ""facts"": [
        ""The guard wears a formal tunic/coat as part of the uniform."",
        ""The guard wears a hat as part of the uniform.""
      ]
    },
    ""counting"": {
      ""importance"": ""low"",
      ""facts"": []
    },
    ""relation"": {
      ""importance"": ""medium"",
      ""facts"": [
        ""The tunic/coat and hat are worn by the guard (not carried separately).""
      ]
    },
    ""shape"": {
      ""importance"": ""medium"",
      ""facts"": [
        ""The hat has a traditional formal, flat-brimmed or flat-topped ceremonial appearance consistent with a Beefeater-style hat (not a modern cap or helmet).""
      ]
    },
    ""size"": {
      ""importance"": ""low"",
      ""facts"": []
    },
    ""color"": {
      ""importance"": ""high"",
      ""facts"": [
        ""The formal tunic/coat includes contrasting decorative trim/embellishment (commonly gold/yellow) visible on the front.""
      ]
    },
    ""posture"": {
      ""importance"": ""low"",
      ""facts"": []
    },
    ""scene"": {
      ""importance"": ""medium"",
      ""facts"": [
        ""Stone walls/towers/courtyard elements typical of the Tower of London are visible in the background.""
      ]
    },
    ""others"": {
      ""importance"": ""medium"",
      ""facts"": [
        ""The uniform looks historic/ceremonial in cut and decoration (not a modern military camouflage or police-style uniform).""
      ]
    }
  },
  ""level_3"": {
    ""existence"": {
      ""importance"": ""low"",
      ""facts"": []
    },
    ""counting"": {
      ""importance"": ""low"",
      ""facts"": []
    },
    ""relation"": {
      ""importance"": ""low"",
      ""facts"": []
    },
    ""shape"": {
      ""importance"": ""low"",
      ""facts"": []
    },
    ""size"": {
      ""importance"": ""low"",
      ""facts"": []
    },
    ""color"": {
      ""importance"": ""low"",
      ""facts"": []
    },
    ""posture"": {
      ""importance"": ""low"",
      ""facts"": []
    },
    ""scene"": {
      ""importance"": ""low"",
      ""facts"": []
    },
    ""others"": {
      ""importance"": ""low"",
      ""facts"": []
    }
  }
}",high,A Beefeater (Yeoman Warder) guard is depicted.,medium,At least one guard is visible.,high,The guard is shown at the Tower of London (the location is visually indicated by recognizable Tower of London architecture or signage in the scene).,low,,low,,high,The guard’s uniform includes prominent red as a main color.,low,,high,The scene is an outdoor setting associated with a historic stone fortress/castle-like complex (consistent with the Tower of London).,high,The guard is wearing a formal/ceremonial-style uniform rather than casual clothing.,high,The guard wears a formal tunic/coat as part of the uniform. | The guard wears a hat as part of the uniform.,low,,medium,The tunic/coat and hat are worn by the guard (not carried separately).,medium,"The hat has a traditional formal, flat-brimmed or flat-topped ceremonial appearance consistent with a Beefeater-style hat (not a modern cap or helmet).",low,,high,The formal tunic/coat includes contrasting decorative trim/embellishment (commonly gold/yellow) visible on the front.,low,,medium,Stone walls/towers/courtyard elements typical of the Tower of London are visible in the background.,medium,The uniform looks historic/ceremonial in cut and decoration (not a modern military camouflage or police-style uniform).,low,,low,,low,,low,,low,,low,,low,,low,,low,
18,A current London Underground roundel sign,"{""level_1"": {""existence"": {""importance"": ""high"", ""facts"": [""A London Underground roundel sign is depicted.""]}, ""counting"": {""importance"": ""low"", ""facts"": []}, ""relation"": {""importance"": ""medium"", ""facts"": [""The sign shows a circular element with a horizontal bar across its center.""]}, ""shape"": {""importance"": ""high"", ""facts"": [""The roundel includes a circle shape and a straight horizontal bar shape.""]}, ""size"": {""importance"": ""low"", ""facts"": []}, ""color"": {""importance"": ""high"", ""facts"": [""The circle is red."", ""The horizontal bar is blue.""]}, ""posture"": {""importance"": ""low"", ""facts"": []}, ""scene"": {""importance"": ""low"", ""facts"": []}, ""others"": {""importance"": ""low"", ""facts"": []}}, ""level_2"": {""existence"": {""importance"": ""high"", ""facts"": [""The word \""UNDERGROUND\"" appears on the horizontal bar.""]}, ""counting"": {""importance"": ""low"", ""facts"": []}, ""relation"": {""importance"": ""high"", ""facts"": [""The text \""UNDERGROUND\"" is placed within the blue horizontal bar."", ""The blue bar passes through the center of the red circle.""]}, ""shape"": {""importance"": ""medium"", ""facts"": [""The circle is a ring (hollow center) rather than a solid filled disk.""]}, ""size"": {""importance"": ""low"", ""facts"": []}, ""color"": {""importance"": ""high"", ""facts"": [""The letters in \""UNDERGROUND\"" are white.""]}, ""posture"": {""importance"": ""low"", ""facts"": []}, ""scene"": {""importance"": ""low"", ""facts"": []}, ""others"": {""importance"": ""medium"", ""facts"": [""The text \""UNDERGROUND\"" is in uppercase.""]}}, ""level_3"": {""existence"": {""importance"": ""low"", ""facts"": []}, ""counting"": {""importance"": ""low"", ""facts"": []}, ""relation"": {""importance"": ""medium"", ""facts"": [""The blue horizontal bar extends beyond the outer edge of the red circle on both left and right sides."", ""The word \""UNDERGROUND\"" is horizontally centered within the bar.""]}, ""shape"": {""importance"": ""low"", ""facts"": []}, ""size"": {""importance"": ""low"", ""facts"": []}, ""color"": {""importance"": ""low"", ""facts"": []}, ""posture"": {""importance"": ""low"", ""facts"": []}, ""scene"": {""importance"": ""low"", ""facts"": []}, ""others"": {""importance"": ""low"", ""facts"": [""The \""UNDERGROUND\"" lettering appears in a sans-serif style.""]}}}","{
  ""level_1"": {
    ""existence"": {
      ""importance"": ""high"",
      ""facts"": [
        ""A London Underground roundel sign is depicted.""
      ]
    },
    ""counting"": {
      ""importance"": ""low"",
      ""facts"": []
    },
    ""relation"": {
      ""importance"": ""medium"",
      ""facts"": [
        ""The sign shows a circular element with a horizontal bar across its center.""
      ]
    },
    ""shape"": {
      ""importance"": ""high"",
      ""facts"": [
        ""The roundel includes a circle shape and a straight horizontal bar shape.""
      ]
    },
    ""size"": {
      ""importance"": ""low"",
      ""facts"": []
    },
    ""color"": {
      ""importance"": ""high"",
      ""facts"": [
        ""The circle is red."",
        ""The horizontal bar is blue.""
      ]
    },
    ""posture"": {
      ""importance"": ""low"",
      ""facts"": []
    },
    ""scene"": {
      ""importance"": ""low"",
      ""facts"": []
    },
    ""others"": {
      ""importance"": ""low"",
      ""facts"": []
    }
  },
  ""level_2"": {
    ""existence"": {
      ""importance"": ""high"",
      ""facts"": [
        ""The word \""UNDERGROUND\"" appears on the horizontal bar.""
      ]
    },
    ""counting"": {
      ""importance"": ""low"",
      ""facts"": []
    },
    ""relation"": {
      ""importance"": ""high"",
      ""facts"": [
        ""The text \""UNDERGROUND\"" is placed within the blue horizontal bar."",
        ""The blue bar passes through the center of the red circle.""
      ]
    },
    ""shape"": {
      ""importance"": ""medium"",
      ""facts"": [
        ""The circle is a ring (hollow center) rather than a solid filled disk.""
      ]
    },
    ""size"": {
      ""importance"": ""low"",
      ""facts"": []
    },
    ""color"": {
      ""importance"": ""high"",
      ""facts"": [
        ""The letters in \""UNDERGROUND\"" are white.""
      ]
    },
    ""posture"": {
      ""importance"": ""low"",
      ""facts"": []
    },
    ""scene"": {
      ""importance"": ""low"",
      ""facts"": []
    },
    ""others"": {
      ""importance"": ""medium"",
      ""facts"": [
        ""The text \""UNDERGROUND\"" is in uppercase.""
      ]
    }
  },
  ""level_3"": {
    ""existence"": {
      ""importance"": ""low"",
      ""facts"": []
    },
    ""counting"": {
      ""importance"": ""low"",
      ""facts"": []
    },
    ""relation"": {
      ""importance"": ""medium"",
      ""facts"": [
        ""The blue horizontal bar extends beyond the outer edge of the red circle on both left and right sides."",
        ""The word \""UNDERGROUND\"" is horizontally centered within the bar.""
      ]
    },
    ""shape"": {
      ""importance"": ""low"",
      ""facts"": []
    },
    ""size"": {
      ""importance"": ""low"",
      ""facts"": []
    },
    ""color"": {
      ""importance"": ""low"",
      ""facts"": []
    },
    ""posture"": {
      ""importance"": ""low"",
      ""facts"": []
    },
    ""scene"": {
      ""importance"": ""low"",
      ""facts"": []
    },
    ""others"": {
      ""importance"": ""low"",
      ""facts"": [
        ""The \""UNDERGROUND\"" lettering appears in a sans-serif style.""
      ]
    }
  }
}",high,A London Underground roundel sign is depicted.,low,,medium,The sign shows a circular element with a horizontal bar across its center.,high,The roundel includes a circle shape and a straight horizontal bar shape.,low,,high,The circle is red. | The horizontal bar is blue.,low,,low,,low,,high,"The word ""UNDERGROUND"" appears on the horizontal bar.",low,,high,"The text ""UNDERGROUND"" is placed within the blue horizontal bar. | The blue bar passes through the center of the red circle.",medium,The circle is a ring (hollow center) rather than a solid filled disk.,low,,high,"The letters in ""UNDERGROUND"" are white.",low,,low,,medium,"The text ""UNDERGROUND"" is in uppercase.",low,,low,,medium,"The blue horizontal bar extends beyond the outer edge of the red circle on both left and right sides. | The word ""UNDERGROUND"" is horizontally centered within the bar.",low,,low,,low,,low,,low,,low,"The ""UNDERGROUND"" lettering appears in a sans-serif style."
19,A current Paris Metro entrance sign,"{""level_1"": {""existence"": {""importance"": ""high"", ""facts"": [""A sign for a Paris Métro entrance is depicted.""]}, ""counting"": {""importance"": ""low"", ""facts"": []}, ""relation"": {""importance"": ""medium"", ""facts"": [""The sign is positioned as an entrance sign (e.g., mounted above/near an entrance opening rather than displayed like an interior wall plaque).""]}, ""shape"": {""importance"": ""low"", ""facts"": []}, ""size"": {""importance"": ""low"", ""facts"": []}, ""color"": {""importance"": ""low"", ""facts"": []}, ""posture"": {""importance"": ""low"", ""facts"": []}, ""scene"": {""importance"": ""medium"", ""facts"": [""At least part of a metro entrance context is visible (e.g., stairwell opening, entrance railing, or entrance canopy/structure).""]}, ""others"": {""importance"": ""low"", ""facts"": []}}, ""level_2"": {""existence"": {""importance"": ""high"", ""facts"": [""The sign includes the word indicating the Paris metro: “Métro” (or “Metro”) is visibly written on the sign.""]}, ""counting"": {""importance"": ""low"", ""facts"": []}, ""relation"": {""importance"": ""low"", ""facts"": []}, ""shape"": {""importance"": ""low"", ""facts"": []}, ""size"": {""importance"": ""low"", ""facts"": []}, ""color"": {""importance"": ""low"", ""facts"": []}, ""posture"": {""importance"": ""low"", ""facts"": []}, ""scene"": {""importance"": ""low"", ""facts"": []}, ""others"": {""importance"": ""low"", ""facts"": [""The sign’s design appears contemporary/in-use rather than clearly a historic/antique sign (e.g., not depicted as a museum exhibit label or archival document).""]}}, ""level_3"": {""existence"": {""importance"": ""low"", ""facts"": []}, ""counting"": {""importance"": ""low"", ""facts"": []}, ""relation"": {""importance"": ""low"", ""facts"": []}, ""shape"": {""importance"": ""low"", ""facts"": []}, ""size"": {""importance"": ""low"", ""facts"": []}, ""color"": {""importance"": ""low"", ""facts"": []}, ""posture"": {""importance"": ""low"", ""facts"": []}, ""scene"": {""importance"": ""low"", ""facts"": []}, ""others"": {""importance"": ""low"", ""facts"": []}}}","{
  ""level_1"": {
    ""existence"": {
      ""importance"": ""high"",
      ""facts"": [
        ""A sign for a Paris Métro entrance is depicted.""
      ]
    },
    ""counting"": {
      ""importance"": ""low"",
      ""facts"": []
    },
    ""relation"": {
      ""importance"": ""medium"",
      ""facts"": [
        ""The sign is positioned as an entrance sign (e.g., mounted above/near an entrance opening rather than displayed like an interior wall plaque).""
      ]
    },
    ""shape"": {
      ""importance"": ""low"",
      ""facts"": []
    },
    ""size"": {
      ""importance"": ""low"",
      ""facts"": []
    },
    ""color"": {
      ""importance"": ""low"",
      ""facts"": []
    },
    ""posture"": {
      ""importance"": ""low"",
      ""facts"": []
    },
    ""scene"": {
      ""importance"": ""medium"",
      ""facts"": [
        ""At least part of a metro entrance context is visible (e.g., stairwell opening, entrance railing, or entrance canopy/structure).""
      ]
    },
    ""others"": {
      ""importance"": ""low"",
      ""facts"": []
    }
  },
  ""level_2"": {
    ""existence"": {
      ""importance"": ""high"",
      ""facts"": [
        ""The sign includes the word indicating the Paris metro: “Métro” (or “Metro”) is visibly written on the sign.""
      ]
    },
    ""counting"": {
      ""importance"": ""low"",
      ""facts"": []
    },
    ""relation"": {
      ""importance"": ""low"",
      ""facts"": []
    },
    ""shape"": {
      ""importance"": ""low"",
      ""facts"": []
    },
    ""size"": {
      ""importance"": ""low"",
      ""facts"": []
    },
    ""color"": {
      ""importance"": ""low"",
      ""facts"": []
    },
    ""posture"": {
      ""importance"": ""low"",
      ""facts"": []
    },
    ""scene"": {
      ""importance"": ""low"",
      ""facts"": []
    },
    ""others"": {
      ""importance"": ""low"",
      ""facts"": [
        ""The sign’s design appears contemporary/in-use rather than clearly a historic/antique sign (e.g., not depicted as a museum exhibit label or archival document).""
      ]
    }
  },
  ""level_3"": {
    ""existence"": {
      ""importance"": ""low"",
      ""facts"": []
    },
    ""counting"": {
      ""importance"": ""low"",
      ""facts"": []
    },
    ""relation"": {
      ""importance"": ""low"",
      ""facts"": []
    },
    ""shape"": {
      ""importance"": ""low"",
      ""facts"": []
    },
    ""size"": {
      ""importance"": ""low"",
      ""facts"": []
    },
    ""color"": {
      ""importance"": ""low"",
      ""facts"": []
    },
    ""posture"": {
      ""importance"": ""low"",
      ""facts"": []
    },
    ""scene"": {
      ""importance"": ""low"",
      ""facts"": []
    },
    ""others"": {
      ""importance"": ""low"",
      ""facts"": []
    }
  }
}",high,A sign for a Paris Métro entrance is depicted.,low,,medium,"The sign is positioned as an entrance sign (e.g., mounted above/near an entrance opening rather than displayed like an interior wall plaque).",low,,low,,low,,low,,medium,"At least part of a metro entrance context is visible (e.g., stairwell opening, entrance railing, or entrance canopy/structure).",low,,high,The sign includes the word indicating the Paris metro: “Métro” (or “Metro”) is visibly written on the sign.,low,,low,,low,,low,,low,,low,,low,,low,"The sign’s design appears contemporary/in-use rather than clearly a historic/antique sign (e.g., not depicted as a museum exhibit label or archival document).",low,,low,,low,,low,,low,,low,,low,,low,,low,
20,A current Royal Mail post box in the United Kingdom,"{""level_1"": {""existence"": {""importance"": ""high"", ""facts"": [""A postal letter box (post box) is depicted.""]}, ""counting"": {""importance"": ""low"", ""facts"": []}, ""relation"": {""importance"": ""low"", ""facts"": []}, ""shape"": {""importance"": ""medium"", ""facts"": [""The object has a built-in mail posting opening/slot.""]}, ""size"": {""importance"": ""low"", ""facts"": []}, ""color"": {""importance"": ""high"", ""facts"": [""The post box is predominantly red.""]}, ""posture"": {""importance"": ""low"", ""facts"": []}, ""scene"": {""importance"": ""medium"", ""facts"": [""The post box is shown installed for public use (e.g., mounted in place outdoors or on a wall), not as a handheld miniature object.""]}, ""others"": {""importance"": ""high"", ""facts"": [""The post box is identifiable as a United Kingdom Royal Mail post box via visible Royal Mail branding/markings.""]}}, ""level_2"": {""existence"": {""importance"": ""high"", ""facts"": [""A collection information plate/panel is present on the post box (a dedicated flat area for pickup times/notice).""]}, ""counting"": {""importance"": ""low"", ""facts"": []}, ""relation"": {""importance"": ""medium"", ""facts"": [""The posting slot/opening is part of the post box body (not a separate object).""]}, ""shape"": {""importance"": ""medium"", ""facts"": [""The post box has an access door/panel (for mail retrieval) visible on its body.""]}, ""size"": {""importance"": ""low"", ""facts"": []}, ""color"": {""importance"": ""medium"", ""facts"": [""The collection information plate/panel contrasts with the red body (commonly a lighter-colored plate area).""]}, ""posture"": {""importance"": ""low"", ""facts"": []}, ""scene"": {""importance"": ""low"", ""facts"": []}, ""others"": {""importance"": ""high"", ""facts"": [""The words \""Royal Mail\"" are visible on the post box.""]}}, ""level_3"": {""existence"": {""importance"": ""medium"", ""facts"": [""A crown/royal emblem is visible as part of the post box’s official markings (e.g., on the logo area or cypher area).""]}, ""counting"": {""importance"": ""low"", ""facts"": []}, ""relation"": {""importance"": ""low"", ""facts"": []}, ""shape"": {""importance"": ""low"", ""facts"": []}, ""size"": {""importance"": ""low"", ""facts"": []}, ""color"": {""importance"": ""low"", ""facts"": []}, ""posture"": {""importance"": ""low"", ""facts"": []}, ""scene"": {""importance"": ""low"", ""facts"": []}, ""others"": {""importance"": ""low"", ""facts"": []}}}","{
  ""level_1"": {
    ""existence"": {
      ""importance"": ""high"",
      ""facts"": [
        ""A postal letter box (post box) is depicted.""
      ]
    },
    ""counting"": {
      ""importance"": ""low"",
      ""facts"": []
    },
    ""relation"": {
      ""importance"": ""low"",
      ""facts"": []
    },
    ""shape"": {
      ""importance"": ""medium"",
      ""facts"": [
        ""The object has a built-in mail posting opening/slot.""
      ]
    },
    ""size"": {
      ""importance"": ""low"",
      ""facts"": []
    },
    ""color"": {
      ""importance"": ""high"",
      ""facts"": [
        ""The post box is predominantly red.""
      ]
    },
    ""posture"": {
      ""importance"": ""low"",
      ""facts"": []
    },
    ""scene"": {
      ""importance"": ""medium"",
      ""facts"": [
        ""The post box is shown installed for public use (e.g., mounted in place outdoors or on a wall), not as a handheld miniature object.""
      ]
    },
    ""others"": {
      ""importance"": ""high"",
      ""facts"": [
        ""The post box is identifiable as a United Kingdom Royal Mail post box via visible Royal Mail branding/markings.""
      ]
    }
  },
  ""level_2"": {
    ""existence"": {
      ""importance"": ""high"",
      ""facts"": [
        ""A collection information plate/panel is present on the post box (a dedicated flat area for pickup times/notice).""
      ]
    },
    ""counting"": {
      ""importance"": ""low"",
      ""facts"": []
    },
    ""relation"": {
      ""importance"": ""medium"",
      ""facts"": [
        ""The posting slot/opening is part of the post box body (not a separate object).""
      ]
    },
    ""shape"": {
      ""importance"": ""medium"",
      ""facts"": [
        ""The post box has an access door/panel (for mail retrieval) visible on its body.""
      ]
    },
    ""size"": {
      ""importance"": ""low"",
      ""facts"": []
    },
    ""color"": {
      ""importance"": ""medium"",
      ""facts"": [
        ""The collection information plate/panel contrasts with the red body (commonly a lighter-colored plate area).""
      ]
    },
    ""posture"": {
      ""importance"": ""low"",
      ""facts"": []
    },
    ""scene"": {
      ""importance"": ""low"",
      ""facts"": []
    },
    ""others"": {
      ""importance"": ""high"",
      ""facts"": [
        ""The words \""Royal Mail\"" are visible on the post box.""
      ]
    }
  },
  ""level_3"": {
    ""existence"": {
      ""importance"": ""medium"",
      ""facts"": [
        ""A crown/royal emblem is visible as part of the post box’s official markings (e.g., on the logo area or cypher area).""
      ]
    },
    ""counting"": {
      ""importance"": ""low"",
      ""facts"": []
    },
    ""relation"": {
      ""importance"": ""low"",
      ""facts"": []
    },
    ""shape"": {
      ""importance"": ""low"",
      ""facts"": []
    },
    ""size"": {
      ""importance"": ""low"",
      ""facts"": []
    },
    ""color"": {
      ""importance"": ""low"",
      ""facts"": []
    },
    ""posture"": {
      ""importance"": ""low"",
      ""facts"": []
    },
    ""scene"": {
      ""importance"": ""low"",
      ""facts"": []
    },
    ""others"": {
      ""importance"": ""low"",
      ""facts"": []
    }
  }
}",high,A postal letter box (post box) is depicted.,low,,low,,medium,The object has a built-in mail posting opening/slot.,low,,high,The post box is predominantly red.,low,,medium,"The post box is shown installed for public use (e.g., mounted in place outdoors or on a wall), not as a handheld miniature object.",high,The post box is identifiable as a United Kingdom Royal Mail post box via visible Royal Mail branding/markings.,high,A collection information plate/panel is present on the post box (a dedicated flat area for pickup times/notice).,low,,medium,The posting slot/opening is part of the post box body (not a separate object).,medium,The post box has an access door/panel (for mail retrieval) visible on its body.,low,,medium,The collection information plate/panel contrasts with the red body (commonly a lighter-colored plate area).,low,,low,,high,"The words ""Royal Mail"" are visible on the post box.",medium,"A crown/royal emblem is visible as part of the post box’s official markings (e.g., on the logo area or cypher area).",low,,low,,low,,low,,low,,low,,low,,low,
21,A current Deutsche Post mailbox in Germany,"{""level_1"": {""existence"": {""importance"": ""high"", ""facts"": [""A mail collection box (mailbox/letterbox) is depicted.""]}, ""counting"": {""importance"": ""medium"", ""facts"": [""Exactly one primary mailbox is the main subject of the image.""]}, ""relation"": {""importance"": ""low"", ""facts"": []}, ""shape"": {""importance"": ""high"", ""facts"": [""The mailbox has an enclosed box-like body with at least one visible mail insertion slot/opening.""]}, ""size"": {""importance"": ""low"", ""facts"": []}, ""color"": {""importance"": ""high"", ""facts"": [""The mailbox is predominantly yellow.""]}, ""posture"": {""importance"": ""low"", ""facts"": []}, ""scene"": {""importance"": ""high"", ""facts"": [""The mailbox is shown in an outdoor public setting (e.g., street/sidewalk/building exterior visible)."", ""The image includes some visible cue consistent with Germany (e.g., German-language text on the mailbox and/or nearby German-language street/public signage).""]}, ""others"": {""importance"": ""high"", ""facts"": [""The mailbox is identifiable as Deutsche Post (Deutsche Post branding is visible on the mailbox).""]}}, ""level_2"": {""existence"": {""importance"": ""high"", ""facts"": [""Deutsche Post name and/or Deutsche Post post-horn logo is visible on the mailbox.""]}, ""counting"": {""importance"": ""low"", ""facts"": []}, ""relation"": {""importance"": ""high"", ""facts"": [""The branding (text/logo) appears on the exterior of the yellow mailbox body.""]}, ""shape"": {""importance"": ""high"", ""facts"": [""A horizontal or near-horizontal mail slot/opening is visible on the mailbox.""]}, ""size"": {""importance"": ""low"", ""facts"": []}, ""color"": {""importance"": ""medium"", ""facts"": [""The Deutsche Post branding elements appear in a dark contrasting color (e.g., black) against the yellow mailbox.""]}, ""posture"": {""importance"": ""low"", ""facts"": []}, ""scene"": {""importance"": ""medium"", ""facts"": [""German-language information typically associated with German post boxes is visible (e.g., collection times/days written in German).""]}, ""others"": {""importance"": ""medium"", ""facts"": [""The mailbox appears to be an in-service public postal letterbox (not a private home mailbox).""]}}, ""level_3"": {""existence"": {""importance"": ""medium"", ""facts"": [""A posted information panel/label is visible on the mailbox (e.g., pickup/emptying schedule area).""]}, ""counting"": {""importance"": ""low"", ""facts"": []}, ""relation"": {""importance"": ""low"", ""facts"": []}, ""shape"": {""importance"": ""low"", ""facts"": []}, ""size"": {""importance"": ""low"", ""facts"": []}, ""color"": {""importance"": ""low"", ""facts"": []}, ""posture"": {""importance"": ""low"", ""facts"": []}, ""scene"": {""importance"": ""low"", ""facts"": []}, ""others"": {""importance"": ""low"", ""facts"": []}}}","{
  ""level_1"": {
    ""existence"": {
      ""importance"": ""high"",
      ""facts"": [
        ""A mail collection box (mailbox/letterbox) is depicted.""
      ]
    },
    ""counting"": {
      ""importance"": ""medium"",
      ""facts"": [
        ""Exactly one primary mailbox is the main subject of the image.""
      ]
    },
    ""relation"": {
      ""importance"": ""low"",
      ""facts"": []
    },
    ""shape"": {
      ""importance"": ""high"",
      ""facts"": [
        ""The mailbox has an enclosed box-like body with at least one visible mail insertion slot/opening.""
      ]
    },
    ""size"": {
      ""importance"": ""low"",
      ""facts"": []
    },
    ""color"": {
      ""importance"": ""high"",
      ""facts"": [
        ""The mailbox is predominantly yellow.""
      ]
    },
    ""posture"": {
      ""importance"": ""low"",
      ""facts"": []
    },
    ""scene"": {
      ""importance"": ""high"",
      ""facts"": [
        ""The mailbox is shown in an outdoor public setting (e.g., street/sidewalk/building exterior visible)."",
        ""The image includes some visible cue consistent with Germany (e.g., German-language text on the mailbox and/or nearby German-language street/public signage).""
      ]
    },
    ""others"": {
      ""importance"": ""high"",
      ""facts"": [
        ""The mailbox is identifiable as Deutsche Post (Deutsche Post branding is visible on the mailbox).""
      ]
    }
  },
  ""level_2"": {
    ""existence"": {
      ""importance"": ""high"",
      ""facts"": [
        ""Deutsche Post name and/or Deutsche Post post-horn logo is visible on the mailbox.""
      ]
    },
    ""counting"": {
      ""importance"": ""low"",
      ""facts"": []
    },
    ""relation"": {
      ""importance"": ""high"",
      ""facts"": [
        ""The branding (text/logo) appears on the exterior of the yellow mailbox body.""
      ]
    },
    ""shape"": {
      ""importance"": ""high"",
      ""facts"": [
        ""A horizontal or near-horizontal mail slot/opening is visible on the mailbox.""
      ]
    },
    ""size"": {
      ""importance"": ""low"",
      ""facts"": []
    },
    ""color"": {
      ""importance"": ""medium"",
      ""facts"": [
        ""The Deutsche Post branding elements appear in a dark contrasting color (e.g., black) against the yellow mailbox.""
      ]
    },
    ""posture"": {
      ""importance"": ""low"",
      ""facts"": []
    },
    ""scene"": {
      ""importance"": ""medium"",
      ""facts"": [
        ""German-language information typically associated with German post boxes is visible (e.g., collection times/days written in German).""
      ]
    },
    ""others"": {
      ""importance"": ""medium"",
      ""facts"": [
        ""The mailbox appears to be an in-service public postal letterbox (not a private home mailbox).""
      ]
    }
  },
  ""level_3"": {
    ""existence"": {
      ""importance"": ""medium"",
      ""facts"": [
        ""A posted information panel/label is visible on the mailbox (e.g., pickup/emptying schedule area).""
      ]
    },
    ""counting"": {
      ""importance"": ""low"",
      ""facts"": []
    },
    ""relation"": {
      ""importance"": ""low"",
      ""facts"": []
    },
    ""shape"": {
      ""importance"": ""low"",
      ""facts"": []
    },
    ""size"": {
      ""importance"": ""low"",
      ""facts"": []
    },
    ""color"": {
      ""importance"": ""low"",
      ""facts"": []
    },
    ""posture"": {
      ""importance"": ""low"",
      ""facts"": []
    },
    ""scene"": {
      ""importance"": ""low"",
      ""facts"": []
    },
    ""others"": {
      ""importance"": ""low"",
      ""facts"": []
    }
  }
}",high,A mail collection box (mailbox/letterbox) is depicted.,medium,Exactly one primary mailbox is the main subject of the image.,low,,high,The mailbox has an enclosed box-like body with at least one visible mail insertion slot/opening.,low,,high,The mailbox is predominantly yellow.,low,,high,"The mailbox is shown in an outdoor public setting (e.g., street/sidewalk/building exterior visible). | The image includes some visible cue consistent with Germany (e.g., German-language text on the mailbox and/or nearby German-language street/public signage).",high,The mailbox is identifiable as Deutsche Post (Deutsche Post branding is visible on the mailbox).,high,Deutsche Post name and/or Deutsche Post post-horn logo is visible on the mailbox.,low,,high,The branding (text/logo) appears on the exterior of the yellow mailbox body.,high,A horizontal or near-horizontal mail slot/opening is visible on the mailbox.,low,,medium,"The Deutsche Post branding elements appear in a dark contrasting color (e.g., black) against the yellow mailbox.",low,,medium,"German-language information typically associated with German post boxes is visible (e.g., collection times/days written in German).",medium,The mailbox appears to be an in-service public postal letterbox (not a private home mailbox).,medium,"A posted information panel/label is visible on the mailbox (e.g., pickup/emptying schedule area).",low,,low,,low,,low,,low,,low,,low,,low,
22,The front side of an Indian 500-rupee banknote in 2026,"{""level_1"": {""existence"": {""importance"": ""high"", ""facts"": [""An Indian 500-rupee banknote is depicted."", ""Only the front (obverse) side of the banknote is shown.""]}, ""counting"": {""importance"": ""low"", ""facts"": []}, ""relation"": {""importance"": ""medium"", ""facts"": [""The banknote design elements are arranged as on a single face of the note (not a mix of front and back elements).""]}, ""shape"": {""importance"": ""medium"", ""facts"": [""The banknote is rectangular.""]}, ""size"": {""importance"": ""low"", ""facts"": []}, ""color"": {""importance"": ""low"", ""facts"": []}, ""posture"": {""importance"": ""medium"", ""facts"": [""The banknote is shown facing the viewer so the obverse design is readable/visible.""]}, ""scene"": {""importance"": ""low"", ""facts"": []}, ""others"": {""importance"": ""medium"", ""facts"": [""The depicted note corresponds to a 500-rupee Indian banknote design used in/around 2026 (i.e., a modern ₹500 note, not an obsolete historical design).""]}}, ""level_2"": {""existence"": {""importance"": ""high"", ""facts"": [""A portrait of Mahatma Gandhi appears on the obverse."", ""The denomination is shown as 500 rupees on the obverse."", ""The text 'RESERVE BANK OF INDIA' appears on the obverse."", ""The Ashoka Pillar emblem appears on the obverse."", ""Serial number(s) appear on the obverse.""]}, ""counting"": {""importance"": ""medium"", ""facts"": [""Two serial-number strings are present on the obverse (one on the left side and one on the right side).""]}, ""relation"": {""importance"": ""high"", ""facts"": [""Mahatma Gandhi’s portrait is positioned on the right side of the note (as seen on the obverse of modern Indian ₹500 notes).""]}, ""shape"": {""importance"": ""low"", ""facts"": []}, ""size"": {""importance"": ""low"", ""facts"": []}, ""color"": {""importance"": ""low"", ""facts"": []}, ""posture"": {""importance"": ""low"", ""facts"": []}, ""scene"": {""importance"": ""low"", ""facts"": []}, ""others"": {""importance"": ""medium"", ""facts"": [""The note includes both English and Devanagari/Hindi script on the obverse.""]}}, ""level_3"": {""existence"": {""importance"": ""medium"", ""facts"": [""The currency symbol '₹' appears on the obverse."", ""A Devanagari denomination marking (e.g., '५००') appears on the obverse."", ""A guarantee/promise clause text block with the RBI Governor’s signature appears on the obverse."", ""A Reserve Bank of India seal/logo mark appears on the obverse.""]}, ""counting"": {""importance"": ""low"", ""facts"": []}, ""relation"": {""importance"": ""low"", ""facts"": []}, ""shape"": {""importance"": ""low"", ""facts"": []}, ""size"": {""importance"": ""low"", ""facts"": []}, ""color"": {""importance"": ""low"", ""facts"": []}, ""posture"": {""importance"": ""low"", ""facts"": []}, ""scene"": {""importance"": ""low"", ""facts"": []}, ""others"": {""importance"": ""low"", ""facts"": []}}}","{
  ""level_1"": {
    ""existence"": {
      ""importance"": ""high"",
      ""facts"": [
        ""An Indian 500-rupee banknote is depicted."",
        ""Only the front (obverse) side of the banknote is shown.""
      ]
    },
    ""counting"": {
      ""importance"": ""low"",
      ""facts"": []
    },
    ""relation"": {
      ""importance"": ""medium"",
      ""facts"": [
        ""The banknote design elements are arranged as on a single face of the note (not a mix of front and back elements).""
      ]
    },
    ""shape"": {
      ""importance"": ""medium"",
      ""facts"": [
        ""The banknote is rectangular.""
      ]
    },
    ""size"": {
      ""importance"": ""low"",
      ""facts"": []
    },
    ""color"": {
      ""importance"": ""low"",
      ""facts"": []
    },
    ""posture"": {
      ""importance"": ""medium"",
      ""facts"": [
        ""The banknote is shown facing the viewer so the obverse design is readable/visible.""
      ]
    },
    ""scene"": {
      ""importance"": ""low"",
      ""facts"": []
    },
    ""others"": {
      ""importance"": ""medium"",
      ""facts"": [
        ""The depicted note corresponds to a 500-rupee Indian banknote design used in/around 2026 (i.e., a modern ₹500 note, not an obsolete historical design).""
      ]
    }
  },
  ""level_2"": {
    ""existence"": {
      ""importance"": ""high"",
      ""facts"": [
        ""A portrait of Mahatma Gandhi appears on the obverse."",
        ""The denomination is shown as 500 rupees on the obverse."",
        ""The text 'RESERVE BANK OF INDIA' appears on the obverse."",
        ""The Ashoka Pillar emblem appears on the obverse."",
        ""Serial number(s) appear on the obverse.""
      ]
    },
    ""counting"": {
      ""importance"": ""medium"",
      ""facts"": [
        ""Two serial-number strings are present on the obverse (one on the left side and one on the right side).""
      ]
    },
    ""relation"": {
      ""importance"": ""high"",
      ""facts"": [
        ""Mahatma Gandhi’s portrait is positioned on the right side of the note (as seen on the obverse of modern Indian ₹500 notes).""
      ]
    },
    ""shape"": {
      ""importance"": ""low"",
      ""facts"": []
    },
    ""size"": {
      ""importance"": ""low"",
      ""facts"": []
    },
    ""color"": {
      ""importance"": ""low"",
      ""facts"": []
    },
    ""posture"": {
      ""importance"": ""low"",
      ""facts"": []
    },
    ""scene"": {
      ""importance"": ""low"",
      ""facts"": []
    },
    ""others"": {
      ""importance"": ""medium"",
      ""facts"": [
        ""The note includes both English and Devanagari/Hindi script on the obverse.""
      ]
    }
  },
  ""level_3"": {
    ""existence"": {
      ""importance"": ""medium"",
      ""facts"": [
        ""The currency symbol '₹' appears on the obverse."",
        ""A Devanagari denomination marking (e.g., '५००') appears on the obverse."",
        ""A guarantee/promise clause text block with the RBI Governor’s signature appears on the obverse."",
        ""A Reserve Bank of India seal/logo mark appears on the obverse.""
      ]
    },
    ""counting"": {
      ""importance"": ""low"",
      ""facts"": []
    },
    ""relation"": {
      ""importance"": ""low"",
      ""facts"": []
    },
    ""shape"": {
      ""importance"": ""low"",
      ""facts"": []
    },
    ""size"": {
      ""importance"": ""low"",
      ""facts"": []
    },
    ""color"": {
      ""importance"": ""low"",
      ""facts"": []
    },
    ""posture"": {
      ""importance"": ""low"",
      ""facts"": []
    },
    ""scene"": {
      ""importance"": ""low"",
      ""facts"": []
    },
    ""others"": {
      ""importance"": ""low"",
      ""facts"": []
    }
  }
}",high,An Indian 500-rupee banknote is depicted. | Only the front (obverse) side of the banknote is shown.,low,,medium,The banknote design elements are arranged as on a single face of the note (not a mix of front and back elements).,medium,The banknote is rectangular.,low,,low,,medium,The banknote is shown facing the viewer so the obverse design is readable/visible.,low,,medium,"The depicted note corresponds to a 500-rupee Indian banknote design used in/around 2026 (i.e., a modern ₹500 note, not an obsolete historical design).",high,A portrait of Mahatma Gandhi appears on the obverse. | The denomination is shown as 500 rupees on the obverse. | The text 'RESERVE BANK OF INDIA' appears on the obverse. | The Ashoka Pillar emblem appears on the obverse. | Serial number(s) appear on the obverse.,medium,Two serial-number strings are present on the obverse (one on the left side and one on the right side).,high,Mahatma Gandhi’s portrait is positioned on the right side of the note (as seen on the obverse of modern Indian ₹500 notes).,low,,low,,low,,low,,low,,medium,The note includes both English and Devanagari/Hindi script on the obverse.,medium,"The currency symbol '₹' appears on the obverse. | A Devanagari denomination marking (e.g., '५००') appears on the obverse. | A guarantee/promise clause text block with the RBI Governor’s signature appears on the obverse. | A Reserve Bank of India seal/logo mark appears on the obverse.",low,,low,,low,,low,,low,,low,,low,,low,
23,The front side of an Indian passport cover issued in 2026,"{""level_1"": {""existence"": {""importance"": ""high"", ""facts"": [""An Indian passport booklet cover is depicted."", ""Only the front side (front cover) of the passport is shown (not an open inside page).""]}, ""counting"": {""importance"": ""medium"", ""facts"": [""Exactly one passport front cover is shown.""]}, ""relation"": {""importance"": ""low"", ""facts"": []}, ""shape"": {""importance"": ""medium"", ""facts"": [""The object is a rectangular booklet cover with a vertical orientation.""]}, ""size"": {""importance"": ""low"", ""facts"": []}, ""color"": {""importance"": ""low"", ""facts"": []}, ""posture"": {""importance"": ""low"", ""facts"": []}, ""scene"": {""importance"": ""low"", ""facts"": []}, ""others"": {""importance"": ""low"", ""facts"": []}}, ""level_2"": {""existence"": {""importance"": ""high"", ""facts"": [""The front cover includes the State Emblem of India (Lion Capital of Ashoka)."", ""The front cover includes the word \""PASSPORT\""."", ""The front cover includes the phrase \""REPUBLIC OF INDIA\"".""]}, ""counting"": {""importance"": ""low"", ""facts"": []}, ""relation"": {""importance"": ""high"", ""facts"": [""The State Emblem of India is positioned above the word \""PASSPORT\"" on the front cover.""]}, ""shape"": {""importance"": ""low"", ""facts"": []}, ""size"": {""importance"": ""low"", ""facts"": []}, ""color"": {""importance"": ""medium"", ""facts"": [""The State Emblem and the main cover text appear in a contrasting, metallic-looking print (commonly gold-colored) against the cover background.""]}, ""posture"": {""importance"": ""low"", ""facts"": []}, ""scene"": {""importance"": ""low"", ""facts"": []}, ""others"": {""importance"": ""medium"", ""facts"": [""The cover does not show another country’s coat of arms/flag as the primary national identifier.""]}}, ""level_3"": {""existence"": {""importance"": ""medium"", ""facts"": [""The front cover includes Hindi (Devanagari) text corresponding to the country name and passport label.""]}, ""counting"": {""importance"": ""low"", ""facts"": []}, ""relation"": {""importance"": ""medium"", ""facts"": [""The Hindi text appears alongside the English text on the front cover.""]}, ""shape"": {""importance"": ""low"", ""facts"": []}, ""size"": {""importance"": ""low"", ""facts"": []}, ""color"": {""importance"": ""low"", ""facts"": []}, ""posture"": {""importance"": ""low"", ""facts"": []}, ""scene"": {""importance"": ""low"", ""facts"": []}, ""others"": {""importance"": ""low"", ""facts"": []}}}","{
  ""level_1"": {
    ""existence"": {
      ""importance"": ""high"",
      ""facts"": [
        ""An Indian passport booklet cover is depicted."",
        ""Only the front side (front cover) of the passport is shown (not an open inside page).""
      ]
    },
    ""counting"": {
      ""importance"": ""medium"",
      ""facts"": [
        ""Exactly one passport front cover is shown.""
      ]
    },
    ""relation"": {
      ""importance"": ""low"",
      ""facts"": []
    },
    ""shape"": {
      ""importance"": ""medium"",
      ""facts"": [
        ""The object is a rectangular booklet cover with a vertical orientation.""
      ]
    },
    ""size"": {
      ""importance"": ""low"",
      ""facts"": []
    },
    ""color"": {
      ""importance"": ""low"",
      ""facts"": []
    },
    ""posture"": {
      ""importance"": ""low"",
      ""facts"": []
    },
    ""scene"": {
      ""importance"": ""low"",
      ""facts"": []
    },
    ""others"": {
      ""importance"": ""low"",
      ""facts"": []
    }
  },
  ""level_2"": {
    ""existence"": {
      ""importance"": ""high"",
      ""facts"": [
        ""The front cover includes the State Emblem of India (Lion Capital of Ashoka)."",
        ""The front cover includes the word \""PASSPORT\""."",
        ""The front cover includes the phrase \""REPUBLIC OF INDIA\"".""
      ]
    },
    ""counting"": {
      ""importance"": ""low"",
      ""facts"": []
    },
    ""relation"": {
      ""importance"": ""high"",
      ""facts"": [
        ""The State Emblem of India is positioned above the word \""PASSPORT\"" on the front cover.""
      ]
    },
    ""shape"": {
      ""importance"": ""low"",
      ""facts"": []
    },
    ""size"": {
      ""importance"": ""low"",
      ""facts"": []
    },
    ""color"": {
      ""importance"": ""medium"",
      ""facts"": [
        ""The State Emblem and the main cover text appear in a contrasting, metallic-looking print (commonly gold-colored) against the cover background.""
      ]
    },
    ""posture"": {
      ""importance"": ""low"",
      ""facts"": []
    },
    ""scene"": {
      ""importance"": ""low"",
      ""facts"": []
    },
    ""others"": {
      ""importance"": ""medium"",
      ""facts"": [
        ""The cover does not show another country’s coat of arms/flag as the primary national identifier.""
      ]
    }
  },
  ""level_3"": {
    ""existence"": {
      ""importance"": ""medium"",
      ""facts"": [
        ""The front cover includes Hindi (Devanagari) text corresponding to the country name and passport label.""
      ]
    },
    ""counting"": {
      ""importance"": ""low"",
      ""facts"": []
    },
    ""relation"": {
      ""importance"": ""medium"",
      ""facts"": [
        ""The Hindi text appears alongside the English text on the front cover.""
      ]
    },
    ""shape"": {
      ""importance"": ""low"",
      ""facts"": []
    },
    ""size"": {
      ""importance"": ""low"",
      ""facts"": []
    },
    ""color"": {
      ""importance"": ""low"",
      ""facts"": []
    },
    ""posture"": {
      ""importance"": ""low"",
      ""facts"": []
    },
    ""scene"": {
      ""importance"": ""low"",
      ""facts"": []
    },
    ""others"": {
      ""importance"": ""low"",
      ""facts"": []
    }
  }
}",high,An Indian passport booklet cover is depicted. | Only the front side (front cover) of the passport is shown (not an open inside page).,medium,Exactly one passport front cover is shown.,low,,medium,The object is a rectangular booklet cover with a vertical orientation.,low,,low,,low,,low,,low,,high,"The front cover includes the State Emblem of India (Lion Capital of Ashoka). | The front cover includes the word ""PASSPORT"". | The front cover includes the phrase ""REPUBLIC OF INDIA"".",low,,high,"The State Emblem of India is positioned above the word ""PASSPORT"" on the front cover.",low,,low,,medium,"The State Emblem and the main cover text appear in a contrasting, metallic-looking print (commonly gold-colored) against the cover background.",low,,low,,medium,The cover does not show another country’s coat of arms/flag as the primary national identifier.,medium,The front cover includes Hindi (Devanagari) text corresponding to the country name and passport label.,low,,medium,The Hindi text appears alongside the English text on the front cover.,low,,low,,low,,low,,low,,low,
24,A current Thai tuk-tuk in Bangkok,"{""level_1"": {""existence"": {""importance"": ""high"", ""facts"": [""A tuk-tuk (motorized auto rickshaw) is depicted.""]}, ""counting"": {""importance"": ""medium"", ""facts"": [""At least one tuk-tuk is visible.""]}, ""relation"": {""importance"": ""low"", ""facts"": []}, ""shape"": {""importance"": ""high"", ""facts"": [""The tuk-tuk is a three-wheeled vehicle.""]}, ""size"": {""importance"": ""low"", ""facts"": []}, ""color"": {""importance"": ""low"", ""facts"": []}, ""posture"": {""importance"": ""low"", ""facts"": []}, ""scene"": {""importance"": ""high"", ""facts"": [""The tuk-tuk is shown in an outdoor urban street/road setting.""]}, ""others"": {""importance"": ""low"", ""facts"": []}}, ""level_2"": {""existence"": {""importance"": ""high"", ""facts"": [""The tuk-tuk has a driver area and a separate passenger seating area."", ""A roof/canopy covers the passenger area."", ""The sides of the passenger area are open or partially open (not a fully enclosed car body).""]}, ""counting"": {""importance"": ""high"", ""facts"": [""Exactly one front wheel is visible or implied at the front of the tuk-tuk."", ""Exactly two rear wheels are visible or implied at the rear of the tuk-tuk.""]}, ""relation"": {""importance"": ""high"", ""facts"": [""The front wheel is positioned ahead of the passenger/driver cabin, consistent with a tuk-tuk layout.""]}, ""shape"": {""importance"": ""medium"", ""facts"": [""The vehicle body is compact and rickshaw-like rather than car-like (short wheelbase, small cabin with exposed/open sides).""]}, ""size"": {""importance"": ""low"", ""facts"": []}, ""color"": {""importance"": ""low"", ""facts"": []}, ""posture"": {""importance"": ""low"", ""facts"": []}, ""scene"": {""importance"": ""high"", ""facts"": [""The setting includes a visually recognizable indicator of Bangkok (e.g., a clearly identifiable Bangkok landmark or a readable sign that indicates Bangkok)."", ""The overall street scene appears contemporary/modern (e.g., modern vehicles, modern buildings, or modern storefront signage are visible).""]}, ""others"": {""importance"": ""medium"", ""facts"": [""At least one Thailand-specific visual cue is present (e.g., Thai-script signage, a Thai-style vehicle license plate, or other clearly Thai street/traffic signage).""]}}, ""level_3"": {""existence"": {""importance"": ""low"", ""facts"": []}, ""counting"": {""importance"": ""low"", ""facts"": []}, ""relation"": {""importance"": ""low"", ""facts"": []}, ""shape"": {""importance"": ""low"", ""facts"": []}, ""size"": {""importance"": ""low"", ""facts"": []}, ""color"": {""importance"": ""low"", ""facts"": []}, ""posture"": {""importance"": ""low"", ""facts"": []}, ""scene"": {""importance"": ""low"", ""facts"": []}, ""others"": {""importance"": ""low"", ""facts"": []}}}","{
  ""level_1"": {
    ""existence"": {
      ""importance"": ""high"",
      ""facts"": [
        ""A tuk-tuk (motorized auto rickshaw) is depicted.""
      ]
    },
    ""counting"": {
      ""importance"": ""medium"",
      ""facts"": [
        ""At least one tuk-tuk is visible.""
      ]
    },
    ""relation"": {
      ""importance"": ""low"",
      ""facts"": []
    },
    ""shape"": {
      ""importance"": ""high"",
      ""facts"": [
        ""The tuk-tuk is a three-wheeled vehicle.""
      ]
    },
    ""size"": {
      ""importance"": ""low"",
      ""facts"": []
    },
    ""color"": {
      ""importance"": ""low"",
      ""facts"": []
    },
    ""posture"": {
      ""importance"": ""low"",
      ""facts"": []
    },
    ""scene"": {
      ""importance"": ""high"",
      ""facts"": [
        ""The tuk-tuk is shown in an outdoor urban street/road setting.""
      ]
    },
    ""others"": {
      ""importance"": ""low"",
      ""facts"": []
    }
  },
  ""level_2"": {
    ""existence"": {
      ""importance"": ""high"",
      ""facts"": [
        ""The tuk-tuk has a driver area and a separate passenger seating area."",
        ""A roof/canopy covers the passenger area."",
        ""The sides of the passenger area are open or partially open (not a fully enclosed car body).""
      ]
    },
    ""counting"": {
      ""importance"": ""high"",
      ""facts"": [
        ""Exactly one front wheel is visible or implied at the front of the tuk-tuk."",
        ""Exactly two rear wheels are visible or implied at the rear of the tuk-tuk.""
      ]
    },
    ""relation"": {
      ""importance"": ""high"",
      ""facts"": [
        ""The front wheel is positioned ahead of the passenger/driver cabin, consistent with a tuk-tuk layout.""
      ]
    },
    ""shape"": {
      ""importance"": ""medium"",
      ""facts"": [
        ""The vehicle body is compact and rickshaw-like rather than car-like (short wheelbase, small cabin with exposed/open sides).""
      ]
    },
    ""size"": {
      ""importance"": ""low"",
      ""facts"": []
    },
    ""color"": {
      ""importance"": ""low"",
      ""facts"": []
    },
    ""posture"": {
      ""importance"": ""low"",
      ""facts"": []
    },
    ""scene"": {
      ""importance"": ""high"",
      ""facts"": [
        ""The setting includes a visually recognizable indicator of Bangkok (e.g., a clearly identifiable Bangkok landmark or a readable sign that indicates Bangkok)."",
        ""The overall street scene appears contemporary/modern (e.g., modern vehicles, modern buildings, or modern storefront signage are visible).""
      ]
    },
    ""others"": {
      ""importance"": ""medium"",
      ""facts"": [
        ""At least one Thailand-specific visual cue is present (e.g., Thai-script signage, a Thai-style vehicle license plate, or other clearly Thai street/traffic signage).""
      ]
    }
  },
  ""level_3"": {
    ""existence"": {
      ""importance"": ""low"",
      ""facts"": []
    },
    ""counting"": {
      ""importance"": ""low"",
      ""facts"": []
    },
    ""relation"": {
      ""importance"": ""low"",
      ""facts"": []
    },
    ""shape"": {
      ""importance"": ""low"",
      ""facts"": []
    },
    ""size"": {
      ""importance"": ""low"",
      ""facts"": []
    },
    ""color"": {
      ""importance"": ""low"",
      ""facts"": []
    },
    ""posture"": {
      ""importance"": ""low"",
      ""facts"": []
    },
    ""scene"": {
      ""importance"": ""low"",
      ""facts"": []
    },
    ""others"": {
      ""importance"": ""low"",
      ""facts"": []
    }
  }
}",high,A tuk-tuk (motorized auto rickshaw) is depicted.,medium,At least one tuk-tuk is visible.,low,,high,The tuk-tuk is a three-wheeled vehicle.,low,,low,,low,,high,The tuk-tuk is shown in an outdoor urban street/road setting.,low,,high,The tuk-tuk has a driver area and a separate passenger seating area. | A roof/canopy covers the passenger area. | The sides of the passenger area are open or partially open (not a fully enclosed car body).,high,Exactly one front wheel is visible or implied at the front of the tuk-tuk. | Exactly two rear wheels are visible or implied at the rear of the tuk-tuk.,high,"The front wheel is positioned ahead of the passenger/driver cabin, consistent with a tuk-tuk layout.",medium,"The vehicle body is compact and rickshaw-like rather than car-like (short wheelbase, small cabin with exposed/open sides).",low,,low,,low,,high,"The setting includes a visually recognizable indicator of Bangkok (e.g., a clearly identifiable Bangkok landmark or a readable sign that indicates Bangkok). | The overall street scene appears contemporary/modern (e.g., modern vehicles, modern buildings, or modern storefront signage are visible).",medium,"At least one Thailand-specific visual cue is present (e.g., Thai-script signage, a Thai-style vehicle license plate, or other clearly Thai street/traffic signage).",low,,low,,low,,low,,low,,low,,low,,low,,low,
25,A current Singapore ERP gantry sign,"{""level_1"": {""existence"": {""importance"": ""high"", ""facts"": [""An ERP gantry sign is depicted.""]}, ""counting"": {""importance"": ""low"", ""facts"": []}, ""relation"": {""importance"": ""medium"", ""facts"": [""The sign is attached to a gantry structure rather than being a standalone roadside sign.""]}, ""shape"": {""importance"": ""medium"", ""facts"": [""A gantry structure (a horizontal crossbeam supported by upright supports) is visible.""]}, ""size"": {""importance"": ""low"", ""facts"": []}, ""color"": {""importance"": ""low"", ""facts"": []}, ""posture"": {""importance"": ""low"", ""facts"": []}, ""scene"": {""importance"": ""medium"", ""facts"": [""The scene appears to be an outdoor road/traffic setting.""]}, ""others"": {""importance"": ""high"", ""facts"": [""The sign includes the text \""ERP\"" (readable in the image).""]}}, ""level_2"": {""existence"": {""importance"": ""high"", ""facts"": [""A sign panel on the gantry displays \""ERP\"".""]}, ""counting"": {""importance"": ""low"", ""facts"": []}, ""relation"": {""importance"": ""high"", ""facts"": [""The \""ERP\"" sign is positioned on the gantry above the roadway.""]}, ""shape"": {""importance"": ""low"", ""facts"": []}, ""size"": {""importance"": ""low"", ""facts"": []}, ""color"": {""importance"": ""low"", ""facts"": []}, ""posture"": {""importance"": ""low"", ""facts"": []}, ""scene"": {""importance"": ""medium"", ""facts"": [""At least part of a roadway (e.g., road surface and/or lanes beneath the gantry) is visible.""]}, ""others"": {""importance"": ""low"", ""facts"": []}}, ""level_3"": {""existence"": {""importance"": ""low"", ""facts"": []}, ""counting"": {""importance"": ""low"", ""facts"": []}, ""relation"": {""importance"": ""low"", ""facts"": []}, ""shape"": {""importance"": ""low"", ""facts"": []}, ""size"": {""importance"": ""low"", ""facts"": []}, ""color"": {""importance"": ""low"", ""facts"": []}, ""posture"": {""importance"": ""low"", ""facts"": []}, ""scene"": {""importance"": ""low"", ""facts"": []}, ""others"": {""importance"": ""low"", ""facts"": []}}}","{
  ""level_1"": {
    ""existence"": {
      ""importance"": ""high"",
      ""facts"": [
        ""An ERP gantry sign is depicted.""
      ]
    },
    ""counting"": {
      ""importance"": ""low"",
      ""facts"": []
    },
    ""relation"": {
      ""importance"": ""medium"",
      ""facts"": [
        ""The sign is attached to a gantry structure rather than being a standalone roadside sign.""
      ]
    },
    ""shape"": {
      ""importance"": ""medium"",
      ""facts"": [
        ""A gantry structure (a horizontal crossbeam supported by upright supports) is visible.""
      ]
    },
    ""size"": {
      ""importance"": ""low"",
      ""facts"": []
    },
    ""color"": {
      ""importance"": ""low"",
      ""facts"": []
    },
    ""posture"": {
      ""importance"": ""low"",
      ""facts"": []
    },
    ""scene"": {
      ""importance"": ""medium"",
      ""facts"": [
        ""The scene appears to be an outdoor road/traffic setting.""
      ]
    },
    ""others"": {
      ""importance"": ""high"",
      ""facts"": [
        ""The sign includes the text \""ERP\"" (readable in the image).""
      ]
    }
  },
  ""level_2"": {
    ""existence"": {
      ""importance"": ""high"",
      ""facts"": [
        ""A sign panel on the gantry displays \""ERP\"".""
      ]
    },
    ""counting"": {
      ""importance"": ""low"",
      ""facts"": []
    },
    ""relation"": {
      ""importance"": ""high"",
      ""facts"": [
        ""The \""ERP\"" sign is positioned on the gantry above the roadway.""
      ]
    },
    ""shape"": {
      ""importance"": ""low"",
      ""facts"": []
    },
    ""size"": {
      ""importance"": ""low"",
      ""facts"": []
    },
    ""color"": {
      ""importance"": ""low"",
      ""facts"": []
    },
    ""posture"": {
      ""importance"": ""low"",
      ""facts"": []
    },
    ""scene"": {
      ""importance"": ""medium"",
      ""facts"": [
        ""At least part of a roadway (e.g., road surface and/or lanes beneath the gantry) is visible.""
      ]
    },
    ""others"": {
      ""importance"": ""low"",
      ""facts"": []
    }
  },
  ""level_3"": {
    ""existence"": {
      ""importance"": ""low"",
      ""facts"": []
    },
    ""counting"": {
      ""importance"": ""low"",
      ""facts"": []
    },
    ""relation"": {
      ""importance"": ""low"",
      ""facts"": []
    },
    ""shape"": {
      ""importance"": ""low"",
      ""facts"": []
    },
    ""size"": {
      ""importance"": ""low"",
      ""facts"": []
    },
    ""color"": {
      ""importance"": ""low"",
      ""facts"": []
    },
    ""posture"": {
      ""importance"": ""low"",
      ""facts"": []
    },
    ""scene"": {
      ""importance"": ""low"",
      ""facts"": []
    },
    ""others"": {
      ""importance"": ""low"",
      ""facts"": []
    }
  }
}",high,An ERP gantry sign is depicted.,low,,medium,The sign is attached to a gantry structure rather than being a standalone roadside sign.,medium,A gantry structure (a horizontal crossbeam supported by upright supports) is visible.,low,,low,,low,,medium,The scene appears to be an outdoor road/traffic setting.,high,"The sign includes the text ""ERP"" (readable in the image).",high,"A sign panel on the gantry displays ""ERP"".",low,,high,"The ""ERP"" sign is positioned on the gantry above the roadway.",low,,low,,low,,low,,medium,"At least part of a roadway (e.g., road surface and/or lanes beneath the gantry) is visible.",low,,low,,low,,low,,low,,low,,low,,low,,low,,low,
26,The front side of a Turkish passport cover in 2026,"{""level_1"": {""existence"": {""importance"": ""high"", ""facts"": [""A passport cover is shown.""]}, ""counting"": {""importance"": ""medium"", ""facts"": [""Only the front cover of the passport is shown (not an open passport interior).""]}, ""relation"": {""importance"": ""high"", ""facts"": [""The visible side is the front side of the passport cover (the main cover face with the identifying markings).""]}, ""shape"": {""importance"": ""medium"", ""facts"": [""The object has a rectangular, book-like passport shape with rounded or slightly rounded corners.""]}, ""size"": {""importance"": ""low"", ""facts"": []}, ""color"": {""importance"": ""low"", ""facts"": []}, ""posture"": {""importance"": ""low"", ""facts"": []}, ""scene"": {""importance"": ""low"", ""facts"": []}, ""others"": {""importance"": ""high"", ""facts"": [""The front cover visually identifies the passport as Turkish (i.e., it includes Turkey-specific national markings/text/emblem rather than another country’s).""]}}, ""level_2"": {""existence"": {""importance"": ""high"", ""facts"": [""A Turkish national emblem featuring a crescent and star is present on the cover."", ""The word \""PASAPORT\"" appears on the cover.""]}, ""counting"": {""importance"": ""low"", ""facts"": []}, ""relation"": {""importance"": ""high"", ""facts"": [""The crescent-and-star emblem and the text are on the same front cover surface.""]}, ""shape"": {""importance"": ""low"", ""facts"": []}, ""size"": {""importance"": ""low"", ""facts"": []}, ""color"": {""importance"": ""medium"", ""facts"": [""The cover has a dark red/burgundy appearance typical of standard Turkish passports.""]}, ""posture"": {""importance"": ""low"", ""facts"": []}, ""scene"": {""importance"": ""low"", ""facts"": []}, ""others"": {""importance"": ""high"", ""facts"": [""The text \""TÜRKİYE CUMHURİYETİ\"" appears on the cover.""]}}, ""level_3"": {""existence"": {""importance"": ""medium"", ""facts"": [""A biometric passport symbol (the rectangle-with-circle e-passport icon) appears on the cover.""]}, ""counting"": {""importance"": ""low"", ""facts"": []}, ""relation"": {""importance"": ""low"", ""facts"": []}, ""shape"": {""importance"": ""low"", ""facts"": []}, ""size"": {""importance"": ""low"", ""facts"": []}, ""color"": {""importance"": ""medium"", ""facts"": [""The emblem and cover text appear in a metallic-gold or gold-like color against the darker cover.""]}, ""posture"": {""importance"": ""low"", ""facts"": []}, ""scene"": {""importance"": ""low"", ""facts"": []}, ""others"": {""importance"": ""low"", ""facts"": []}}}","{
  ""level_1"": {
    ""existence"": {
      ""importance"": ""high"",
      ""facts"": [
        ""A passport cover is shown.""
      ]
    },
    ""counting"": {
      ""importance"": ""medium"",
      ""facts"": [
        ""Only the front cover of the passport is shown (not an open passport interior).""
      ]
    },
    ""relation"": {
      ""importance"": ""high"",
      ""facts"": [
        ""The visible side is the front side of the passport cover (the main cover face with the identifying markings).""
      ]
    },
    ""shape"": {
      ""importance"": ""medium"",
      ""facts"": [
        ""The object has a rectangular, book-like passport shape with rounded or slightly rounded corners.""
      ]
    },
    ""size"": {
      ""importance"": ""low"",
      ""facts"": []
    },
    ""color"": {
      ""importance"": ""low"",
      ""facts"": []
    },
    ""posture"": {
      ""importance"": ""low"",
      ""facts"": []
    },
    ""scene"": {
      ""importance"": ""low"",
      ""facts"": []
    },
    ""others"": {
      ""importance"": ""high"",
      ""facts"": [
        ""The front cover visually identifies the passport as Turkish (i.e., it includes Turkey-specific national markings/text/emblem rather than another country’s).""
      ]
    }
  },
  ""level_2"": {
    ""existence"": {
      ""importance"": ""high"",
      ""facts"": [
        ""A Turkish national emblem featuring a crescent and star is present on the cover."",
        ""The word \""PASAPORT\"" appears on the cover.""
      ]
    },
    ""counting"": {
      ""importance"": ""low"",
      ""facts"": []
    },
    ""relation"": {
      ""importance"": ""high"",
      ""facts"": [
        ""The crescent-and-star emblem and the text are on the same front cover surface.""
      ]
    },
    ""shape"": {
      ""importance"": ""low"",
      ""facts"": []
    },
    ""size"": {
      ""importance"": ""low"",
      ""facts"": []
    },
    ""color"": {
      ""importance"": ""medium"",
      ""facts"": [
        ""The cover has a dark red/burgundy appearance typical of standard Turkish passports.""
      ]
    },
    ""posture"": {
      ""importance"": ""low"",
      ""facts"": []
    },
    ""scene"": {
      ""importance"": ""low"",
      ""facts"": []
    },
    ""others"": {
      ""importance"": ""high"",
      ""facts"": [
        ""The text \""TÜRKİYE CUMHURİYETİ\"" appears on the cover.""
      ]
    }
  },
  ""level_3"": {
    ""existence"": {
      ""importance"": ""medium"",
      ""facts"": [
        ""A biometric passport symbol (the rectangle-with-circle e-passport icon) appears on the cover.""
      ]
    },
    ""counting"": {
      ""importance"": ""low"",
      ""facts"": []
    },
    ""relation"": {
      ""importance"": ""low"",
      ""facts"": []
    },
    ""shape"": {
      ""importance"": ""low"",
      ""facts"": []
    },
    ""size"": {
      ""importance"": ""low"",
      ""facts"": []
    },
    ""color"": {
      ""importance"": ""medium"",
      ""facts"": [
        ""The emblem and cover text appear in a metallic-gold or gold-like color against the darker cover.""
      ]
    },
    ""posture"": {
      ""importance"": ""low"",
      ""facts"": []
    },
    ""scene"": {
      ""importance"": ""low"",
      ""facts"": []
    },
    ""others"": {
      ""importance"": ""low"",
      ""facts"": []
    }
  }
}",high,A passport cover is shown.,medium,Only the front cover of the passport is shown (not an open passport interior).,high,The visible side is the front side of the passport cover (the main cover face with the identifying markings).,medium,"The object has a rectangular, book-like passport shape with rounded or slightly rounded corners.",low,,low,,low,,low,,high,"The front cover visually identifies the passport as Turkish (i.e., it includes Turkey-specific national markings/text/emblem rather than another country’s).",high,"A Turkish national emblem featuring a crescent and star is present on the cover. | The word ""PASAPORT"" appears on the cover.",low,,high,The crescent-and-star emblem and the text are on the same front cover surface.,low,,low,,medium,The cover has a dark red/burgundy appearance typical of standard Turkish passports.,low,,low,,high,"The text ""TÜRKİYE CUMHURİYETİ"" appears on the cover.",medium,A biometric passport symbol (the rectangle-with-circle e-passport icon) appears on the cover.,low,,low,,low,,low,,medium,The emblem and cover text appear in a metallic-gold or gold-like color against the darker cover.,low,,low,,low,
27,A U.S. school bus stop sign arm extended from the side of the bus,"{""level_1"": {""existence"": {""importance"": ""high"", ""facts"": [""A school bus is shown."", ""A stop-sign arm assembly is shown attached to the bus.""]}, ""counting"": {""importance"": ""medium"", ""facts"": [""Exactly one stop-sign arm is shown extended from the bus.""]}, ""relation"": {""importance"": ""high"", ""facts"": [""The stop-sign arm extends outward from the side of the bus.""]}, ""shape"": {""importance"": ""medium"", ""facts"": [""The sign on the arm is an octagon (stop-sign shape).""]}, ""size"": {""importance"": ""low"", ""facts"": []}, ""color"": {""importance"": ""medium"", ""facts"": [""The stop sign is red with light/white lettering.""]}, ""posture"": {""importance"": ""high"", ""facts"": [""The stop-sign arm is in the extended (deployed) position rather than folded against the bus.""]}, ""scene"": {""importance"": ""medium"", ""facts"": [""The exterior side of the bus is visible (the stop-sign arm is clearly seen emerging from the side surface).""]}, ""others"": {""importance"": ""low"", ""facts"": []}}, ""level_2"": {""existence"": {""importance"": ""high"", ""facts"": [""A rigid arm/bracket is visibly connecting the stop sign to the bus side.""]}, ""counting"": {""importance"": ""low"", ""facts"": []}, ""relation"": {""importance"": ""high"", ""facts"": [""The stop sign is mounted at the outer end of the extending arm."", ""The arm’s inner end is attached to the side panel of the bus.""]}, ""shape"": {""importance"": ""medium"", ""facts"": [""The arm projects outward approximately perpendicular (sideways) relative to the bus side.""]}, ""size"": {""importance"": ""low"", ""facts"": []}, ""color"": {""importance"": ""high"", ""facts"": [""The word \""STOP\"" appears on the sign in Latin letters.""]}, ""posture"": {""importance"": ""low"", ""facts"": []}, ""scene"": {""importance"": ""low"", ""facts"": []}, ""others"": {""importance"": ""medium"", ""facts"": [""The bus has visual features consistent with a U.S. school bus (e.g., typical school-bus body style).""]}}, ""level_3"": {""existence"": {""importance"": ""low"", ""facts"": []}, ""counting"": {""importance"": ""low"", ""facts"": []}, ""relation"": {""importance"": ""low"", ""facts"": []}, ""shape"": {""importance"": ""low"", ""facts"": []}, ""size"": {""importance"": ""low"", ""facts"": []}, ""color"": {""importance"": ""low"", ""facts"": [""The bus body is painted a school-bus yellow color.""]}, ""posture"": {""importance"": ""low"", ""facts"": []}, ""scene"": {""importance"": ""low"", ""facts"": []}, ""others"": {""importance"": ""low"", ""facts"": []}}}","{
  ""level_1"": {
    ""existence"": {
      ""importance"": ""high"",
      ""facts"": [
        ""A school bus is shown."",
        ""A stop-sign arm assembly is shown attached to the bus.""
      ]
    },
    ""counting"": {
      ""importance"": ""medium"",
      ""facts"": [
        ""Exactly one stop-sign arm is shown extended from the bus.""
      ]
    },
    ""relation"": {
      ""importance"": ""high"",
      ""facts"": [
        ""The stop-sign arm extends outward from the side of the bus.""
      ]
    },
    ""shape"": {
      ""importance"": ""medium"",
      ""facts"": [
        ""The sign on the arm is an octagon (stop-sign shape).""
      ]
    },
    ""size"": {
      ""importance"": ""low"",
      ""facts"": []
    },
    ""color"": {
      ""importance"": ""medium"",
      ""facts"": [
        ""The stop sign is red with light/white lettering.""
      ]
    },
    ""posture"": {
      ""importance"": ""high"",
      ""facts"": [
        ""The stop-sign arm is in the extended (deployed) position rather than folded against the bus.""
      ]
    },
    ""scene"": {
      ""importance"": ""medium"",
      ""facts"": [
        ""The exterior side of the bus is visible (the stop-sign arm is clearly seen emerging from the side surface).""
      ]
    },
    ""others"": {
      ""importance"": ""low"",
      ""facts"": []
    }
  },
  ""level_2"": {
    ""existence"": {
      ""importance"": ""high"",
      ""facts"": [
        ""A rigid arm/bracket is visibly connecting the stop sign to the bus side.""
      ]
    },
    ""counting"": {
      ""importance"": ""low"",
      ""facts"": []
    },
    ""relation"": {
      ""importance"": ""high"",
      ""facts"": [
        ""The stop sign is mounted at the outer end of the extending arm."",
        ""The arm’s inner end is attached to the side panel of the bus.""
      ]
    },
    ""shape"": {
      ""importance"": ""medium"",
      ""facts"": [
        ""The arm projects outward approximately perpendicular (sideways) relative to the bus side.""
      ]
    },
    ""size"": {
      ""importance"": ""low"",
      ""facts"": []
    },
    ""color"": {
      ""importance"": ""high"",
      ""facts"": [
        ""The word \""STOP\"" appears on the sign in Latin letters.""
      ]
    },
    ""posture"": {
      ""importance"": ""low"",
      ""facts"": []
    },
    ""scene"": {
      ""importance"": ""low"",
      ""facts"": []
    },
    ""others"": {
      ""importance"": ""medium"",
      ""facts"": [
        ""The bus has visual features consistent with a U.S. school bus (e.g., typical school-bus body style).""
      ]
    }
  },
  ""level_3"": {
    ""existence"": {
      ""importance"": ""low"",
      ""facts"": []
    },
    ""counting"": {
      ""importance"": ""low"",
      ""facts"": []
    },
    ""relation"": {
      ""importance"": ""low"",
      ""facts"": []
    },
    ""shape"": {
      ""importance"": ""low"",
      ""facts"": []
    },
    ""size"": {
      ""importance"": ""low"",
      ""facts"": []
    },
    ""color"": {
      ""importance"": ""low"",
      ""facts"": [
        ""The bus body is painted a school-bus yellow color.""
      ]
    },
    ""posture"": {
      ""importance"": ""low"",
      ""facts"": []
    },
    ""scene"": {
      ""importance"": ""low"",
      ""facts"": []
    },
    ""others"": {
      ""importance"": ""low"",
      ""facts"": []
    }
  }
}",high,A school bus is shown. | A stop-sign arm assembly is shown attached to the bus.,medium,Exactly one stop-sign arm is shown extended from the bus.,high,The stop-sign arm extends outward from the side of the bus.,medium,The sign on the arm is an octagon (stop-sign shape).,low,,medium,The stop sign is red with light/white lettering.,high,The stop-sign arm is in the extended (deployed) position rather than folded against the bus.,medium,The exterior side of the bus is visible (the stop-sign arm is clearly seen emerging from the side surface).,low,,high,A rigid arm/bracket is visibly connecting the stop sign to the bus side.,low,,high,The stop sign is mounted at the outer end of the extending arm. | The arm’s inner end is attached to the side panel of the bus.,medium,The arm projects outward approximately perpendicular (sideways) relative to the bus side.,low,,high,"The word ""STOP"" appears on the sign in Latin letters.",low,,low,,medium,"The bus has visual features consistent with a U.S. school bus (e.g., typical school-bus body style).",low,,low,,low,,low,,low,,low,The bus body is painted a school-bus yellow color.,low,,low,,low,
28,A galaxy fold 7,"{""level_1"": {""existence"": {""importance"": ""high"", ""facts"": [""A foldable smartphone device is depicted.""]}, ""counting"": {""importance"": ""medium"", ""facts"": [""Exactly one foldable smartphone device is depicted.""]}, ""relation"": {""importance"": ""low"", ""facts"": []}, ""shape"": {""importance"": ""high"", ""facts"": [""The device has a foldable form factor consistent with a book-style fold (two halves connected by a hinge).""]}, ""size"": {""importance"": ""low"", ""facts"": []}, ""color"": {""importance"": ""low"", ""facts"": []}, ""posture"": {""importance"": ""low"", ""facts"": []}, ""scene"": {""importance"": ""low"", ""facts"": []}, ""others"": {""importance"": ""low"", ""facts"": []}}, ""level_2"": {""existence"": {""importance"": ""high"", ""facts"": [""The text 'Galaxy Fold 7' is visibly present on the device, its screen, or its packaging/documentation within the image.""]}, ""counting"": {""importance"": ""low"", ""facts"": []}, ""relation"": {""importance"": ""low"", ""facts"": []}, ""shape"": {""importance"": ""medium"", ""facts"": [""A hinge/spine area between the two halves is visible (or clearly implied by the fold).""]}, ""size"": {""importance"": ""low"", ""facts"": []}, ""color"": {""importance"": ""low"", ""facts"": []}, ""posture"": {""importance"": ""low"", ""facts"": []}, ""scene"": {""importance"": ""low"", ""facts"": []}, ""others"": {""importance"": ""low"", ""facts"": []}}, ""level_3"": {""existence"": {""importance"": ""low"", ""facts"": []}, ""counting"": {""importance"": ""low"", ""facts"": []}, ""relation"": {""importance"": ""low"", ""facts"": []}, ""shape"": {""importance"": ""low"", ""facts"": []}, ""size"": {""importance"": ""low"", ""facts"": []}, ""color"": {""importance"": ""low"", ""facts"": []}, ""posture"": {""importance"": ""low"", ""facts"": []}, ""scene"": {""importance"": ""low"", ""facts"": []}, ""others"": {""importance"": ""low"", ""facts"": []}}}","{
  ""level_1"": {
    ""existence"": {
      ""importance"": ""high"",
      ""facts"": [
        ""A foldable smartphone device is depicted.""
      ]
    },
    ""counting"": {
      ""importance"": ""medium"",
      ""facts"": [
        ""Exactly one foldable smartphone device is depicted.""
      ]
    },
    ""relation"": {
      ""importance"": ""low"",
      ""facts"": []
    },
    ""shape"": {
      ""importance"": ""high"",
      ""facts"": [
        ""The device has a foldable form factor consistent with a book-style fold (two halves connected by a hinge).""
      ]
    },
    ""size"": {
      ""importance"": ""low"",
      ""facts"": []
    },
    ""color"": {
      ""importance"": ""low"",
      ""facts"": []
    },
    ""posture"": {
      ""importance"": ""low"",
      ""facts"": []
    },
    ""scene"": {
      ""importance"": ""low"",
      ""facts"": []
    },
    ""others"": {
      ""importance"": ""low"",
      ""facts"": []
    }
  },
  ""level_2"": {
    ""existence"": {
      ""importance"": ""high"",
      ""facts"": [
        ""The text 'Galaxy Fold 7' is visibly present on the device, its screen, or its packaging/documentation within the image.""
      ]
    },
    ""counting"": {
      ""importance"": ""low"",
      ""facts"": []
    },
    ""relation"": {
      ""importance"": ""low"",
      ""facts"": []
    },
    ""shape"": {
      ""importance"": ""medium"",
      ""facts"": [
        ""A hinge/spine area between the two halves is visible (or clearly implied by the fold).""
      ]
    },
    ""size"": {
      ""importance"": ""low"",
      ""facts"": []
    },
    ""color"": {
      ""importance"": ""low"",
      ""facts"": []
    },
    ""posture"": {
      ""importance"": ""low"",
      ""facts"": []
    },
    ""scene"": {
      ""importance"": ""low"",
      ""facts"": []
    },
    ""others"": {
      ""importance"": ""low"",
      ""facts"": []
    }
  },
  ""level_3"": {
    ""existence"": {
      ""importance"": ""low"",
      ""facts"": []
    },
    ""counting"": {
      ""importance"": ""low"",
      ""facts"": []
    },
    ""relation"": {
      ""importance"": ""low"",
      ""facts"": []
    },
    ""shape"": {
      ""importance"": ""low"",
      ""facts"": []
    },
    ""size"": {
      ""importance"": ""low"",
      ""facts"": []
    },
    ""color"": {
      ""importance"": ""low"",
      ""facts"": []
    },
    ""posture"": {
      ""importance"": ""low"",
      ""facts"": []
    },
    ""scene"": {
      ""importance"": ""low"",
      ""facts"": []
    },
    ""others"": {
      ""importance"": ""low"",
      ""facts"": []
    }
  }
}",high,A foldable smartphone device is depicted.,medium,Exactly one foldable smartphone device is depicted.,low,,high,The device has a foldable form factor consistent with a book-style fold (two halves connected by a hinge).,low,,low,,low,,low,,low,,high,"The text 'Galaxy Fold 7' is visibly present on the device, its screen, or its packaging/documentation within the image.",low,,low,,medium,A hinge/spine area between the two halves is visible (or clearly implied by the fold).,low,,low,,low,,low,,low,,low,,low,,low,,low,,low,,low,,low,,low,,low,
29,A current U.S. pedestrian signal showing the orange upraised hand and number,"{""level_1"": {""existence"": {""importance"": ""high"", ""facts"": [""A pedestrian crossing signal (pedestrian signal head/display) is shown.""]}, ""counting"": {""importance"": ""medium"", ""facts"": [""Exactly one pedestrian signal head/display is visible as the main subject.""]}, ""relation"": {""importance"": ""low"", ""facts"": []}, ""shape"": {""importance"": ""medium"", ""facts"": [""The signal includes a dedicated illuminated display area intended for pedestrian indications.""]}, ""size"": {""importance"": ""low"", ""facts"": []}, ""color"": {""importance"": ""high"", ""facts"": [""The pedestrian indication shown is orange.""]}, ""posture"": {""importance"": ""low"", ""facts"": []}, ""scene"": {""importance"": ""low"", ""facts"": []}, ""others"": {""importance"": ""low"", ""facts"": []}}, ""level_2"": {""existence"": {""importance"": ""high"", ""facts"": [""An upraised hand pedestrian symbol is visible on the signal display."", ""A numeric display (at least one digit) is visible on the signal display.""]}, ""counting"": {""importance"": ""low"", ""facts"": []}, ""relation"": {""importance"": ""high"", ""facts"": [""The upraised hand symbol and the numeric display are both shown on the same pedestrian signal head/display.""]}, ""shape"": {""importance"": ""high"", ""facts"": [""The pedestrian symbol is an upraised hand silhouette (palm-forward hand shape)."", ""The numeric display forms recognizable Arabic numeral digit(s) (e.g., 0–9).""]}, ""size"": {""importance"": ""low"", ""facts"": []}, ""color"": {""importance"": ""high"", ""facts"": [""The upraised hand symbol is illuminated in orange."", ""The number digit(s) are illuminated in orange.""]}, ""posture"": {""importance"": ""low"", ""facts"": []}, ""scene"": {""importance"": ""low"", ""facts"": []}, ""others"": {""importance"": ""low"", ""facts"": []}}, ""level_3"": {""existence"": {""importance"": ""low"", ""facts"": []}, ""counting"": {""importance"": ""medium"", ""facts"": [""The numeric display shows one or two digits.""]}, ""relation"": {""importance"": ""high"", ""facts"": [""The upraised hand symbol and the number are illuminated at the same time (both visibly lit in the image).""]}, ""shape"": {""importance"": ""low"", ""facts"": []}, ""size"": {""importance"": ""low"", ""facts"": []}, ""color"": {""importance"": ""low"", ""facts"": []}, ""posture"": {""importance"": ""low"", ""facts"": []}, ""scene"": {""importance"": ""low"", ""facts"": []}, ""others"": {""importance"": ""low"", ""facts"": []}}}","{
  ""level_1"": {
    ""existence"": {
      ""importance"": ""high"",
      ""facts"": [
        ""A pedestrian crossing signal (pedestrian signal head/display) is shown.""
      ]
    },
    ""counting"": {
      ""importance"": ""medium"",
      ""facts"": [
        ""Exactly one pedestrian signal head/display is visible as the main subject.""
      ]
    },
    ""relation"": {
      ""importance"": ""low"",
      ""facts"": []
    },
    ""shape"": {
      ""importance"": ""medium"",
      ""facts"": [
        ""The signal includes a dedicated illuminated display area intended for pedestrian indications.""
      ]
    },
    ""size"": {
      ""importance"": ""low"",
      ""facts"": []
    },
    ""color"": {
      ""importance"": ""high"",
      ""facts"": [
        ""The pedestrian indication shown is orange.""
      ]
    },
    ""posture"": {
      ""importance"": ""low"",
      ""facts"": []
    },
    ""scene"": {
      ""importance"": ""low"",
      ""facts"": []
    },
    ""others"": {
      ""importance"": ""low"",
      ""facts"": []
    }
  },
  ""level_2"": {
    ""existence"": {
      ""importance"": ""high"",
      ""facts"": [
        ""An upraised hand pedestrian symbol is visible on the signal display."",
        ""A numeric display (at least one digit) is visible on the signal display.""
      ]
    },
    ""counting"": {
      ""importance"": ""low"",
      ""facts"": []
    },
    ""relation"": {
      ""importance"": ""high"",
      ""facts"": [
        ""The upraised hand symbol and the numeric display are both shown on the same pedestrian signal head/display.""
      ]
    },
    ""shape"": {
      ""importance"": ""high"",
      ""facts"": [
        ""The pedestrian symbol is an upraised hand silhouette (palm-forward hand shape)."",
        ""The numeric display forms recognizable Arabic numeral digit(s) (e.g., 0–9).""
      ]
    },
    ""size"": {
      ""importance"": ""low"",
      ""facts"": []
    },
    ""color"": {
      ""importance"": ""high"",
      ""facts"": [
        ""The upraised hand symbol is illuminated in orange."",
        ""The number digit(s) are illuminated in orange.""
      ]
    },
    ""posture"": {
      ""importance"": ""low"",
      ""facts"": []
    },
    ""scene"": {
      ""importance"": ""low"",
      ""facts"": []
    },
    ""others"": {
      ""importance"": ""low"",
      ""facts"": []
    }
  },
  ""level_3"": {
    ""existence"": {
      ""importance"": ""low"",
      ""facts"": []
    },
    ""counting"": {
      ""importance"": ""medium"",
      ""facts"": [
        ""The numeric display shows one or two digits.""
      ]
    },
    ""relation"": {
      ""importance"": ""high"",
      ""facts"": [
        ""The upraised hand symbol and the number are illuminated at the same time (both visibly lit in the image).""
      ]
    },
    ""shape"": {
      ""importance"": ""low"",
      ""facts"": []
    },
    ""size"": {
      ""importance"": ""low"",
      ""facts"": []
    },
    ""color"": {
      ""importance"": ""low"",
      ""facts"": []
    },
    ""posture"": {
      ""importance"": ""low"",
      ""facts"": []
    },
    ""scene"": {
      ""importance"": ""low"",
      ""facts"": []
    },
    ""others"": {
      ""importance"": ""low"",
      ""facts"": []
    }
  }
}",high,A pedestrian crossing signal (pedestrian signal head/display) is shown.,medium,Exactly one pedestrian signal head/display is visible as the main subject.,low,,medium,The signal includes a dedicated illuminated display area intended for pedestrian indications.,low,,high,The pedestrian indication shown is orange.,low,,low,,low,,high,An upraised hand pedestrian symbol is visible on the signal display. | A numeric display (at least one digit) is visible on the signal display.,low,,high,The upraised hand symbol and the numeric display are both shown on the same pedestrian signal head/display.,high,"The pedestrian symbol is an upraised hand silhouette (palm-forward hand shape). | The numeric display forms recognizable Arabic numeral digit(s) (e.g., 0–9).",low,,high,The upraised hand symbol is illuminated in orange. | The number digit(s) are illuminated in orange.,low,,low,,low,,low,,medium,The numeric display shows one or two digits.,high,The upraised hand symbol and the number are illuminated at the same time (both visibly lit in the image).,low,,low,,low,,low,,low,,low,
30,"The front side of a Japanese 10,000 yen banknote in 2026","{""level_1"": {""existence"": {""importance"": ""high"", ""facts"": [""A single Japanese 10,000 yen banknote is depicted."", ""The front (obverse) side of the banknote is shown (not the reverse).""]}, ""counting"": {""importance"": ""high"", ""facts"": [""Exactly one banknote is visible.""]}, ""relation"": {""importance"": ""low"", ""facts"": []}, ""shape"": {""importance"": ""high"", ""facts"": [""The banknote is a rectangular note shown in a flat, front-on view where the obverse design is readable.""]}, ""size"": {""importance"": ""low"", ""facts"": []}, ""color"": {""importance"": ""low"", ""facts"": []}, ""posture"": {""importance"": ""low"", ""facts"": []}, ""scene"": {""importance"": ""low"", ""facts"": []}, ""others"": {""importance"": ""high"", ""facts"": [""The obverse design corresponds to the Japanese 10,000 yen banknote design used in 2026.""]}}, ""level_2"": {""existence"": {""importance"": ""high"", ""facts"": [""A portrait of Eiichi Shibusawa appears on the obverse of the banknote."", ""Denomination markings indicating 10,000 yen are present on the obverse."", ""Japanese text is present on the obverse."", ""A security hologram/foil element is present on the obverse.""]}, ""counting"": {""importance"": ""medium"", ""facts"": [""There is one main portrait on the obverse.""]}, ""relation"": {""importance"": ""high"", ""facts"": [""The portrait is part of the printed banknote design (not a separate photo placed on top)."", ""The denomination markings are printed on the banknote face.""]}, ""shape"": {""importance"": ""medium"", ""facts"": [""The portrait is a head-and-shoulders style engraved portrait typical of banknote printing.""]}, ""size"": {""importance"": ""medium"", ""facts"": [""A large '10000' (Arabic numerals) appears prominently compared to surrounding text.""]}, ""color"": {""importance"": ""low"", ""facts"": []}, ""posture"": {""importance"": ""low"", ""facts"": []}, ""scene"": {""importance"": ""low"", ""facts"": []}, ""others"": {""importance"": ""medium"", ""facts"": [""A serial number (alphanumeric) is printed on the obverse.""]}}, ""level_3"": {""existence"": {""importance"": ""medium"", ""facts"": [""The kanji denomination '壱万円' appears on the obverse."", ""A watermark area is visible on the obverse (a lighter region in the paper).""]}, ""counting"": {""importance"": ""low"", ""facts"": []}, ""relation"": {""importance"": ""medium"", ""facts"": [""The watermark depicts the same person as the main portrait (Eiichi Shibusawa) in the watermark area.""]}, ""shape"": {""importance"": ""low"", ""facts"": []}, ""size"": {""importance"": ""low"", ""facts"": []}, ""color"": {""importance"": ""low"", ""facts"": []}, ""posture"": {""importance"": ""low"", ""facts"": []}, ""scene"": {""importance"": ""low"", ""facts"": []}, ""others"": {""importance"": ""medium"", ""facts"": [""The hologram/foil element shows changing imagery when viewed as a holographic feature (e.g., portrait/denomination within the hologram area).""]}}}","{
  ""level_1"": {
    ""existence"": {
      ""importance"": ""high"",
      ""facts"": [
        ""A single Japanese 10,000 yen banknote is depicted."",
        ""The front (obverse) side of the banknote is shown (not the reverse).""
      ]
    },
    ""counting"": {
      ""importance"": ""high"",
      ""facts"": [
        ""Exactly one banknote is visible.""
      ]
    },
    ""relation"": {
      ""importance"": ""low"",
      ""facts"": []
    },
    ""shape"": {
      ""importance"": ""high"",
      ""facts"": [
        ""The banknote is a rectangular note shown in a flat, front-on view where the obverse design is readable.""
      ]
    },
    ""size"": {
      ""importance"": ""low"",
      ""facts"": []
    },
    ""color"": {
      ""importance"": ""low"",
      ""facts"": []
    },
    ""posture"": {
      ""importance"": ""low"",
      ""facts"": []
    },
    ""scene"": {
      ""importance"": ""low"",
      ""facts"": []
    },
    ""others"": {
      ""importance"": ""high"",
      ""facts"": [
        ""The obverse design corresponds to the Japanese 10,000 yen banknote design used in 2026.""
      ]
    }
  },
  ""level_2"": {
    ""existence"": {
      ""importance"": ""high"",
      ""facts"": [
        ""A portrait of Eiichi Shibusawa appears on the obverse of the banknote."",
        ""Denomination markings indicating 10,000 yen are present on the obverse."",
        ""Japanese text is present on the obverse."",
        ""A security hologram/foil element is present on the obverse.""
      ]
    },
    ""counting"": {
      ""importance"": ""medium"",
      ""facts"": [
        ""There is one main portrait on the obverse.""
      ]
    },
    ""relation"": {
      ""importance"": ""high"",
      ""facts"": [
        ""The portrait is part of the printed banknote design (not a separate photo placed on top)."",
        ""The denomination markings are printed on the banknote face.""
      ]
    },
    ""shape"": {
      ""importance"": ""medium"",
      ""facts"": [
        ""The portrait is a head-and-shoulders style engraved portrait typical of banknote printing.""
      ]
    },
    ""size"": {
      ""importance"": ""medium"",
      ""facts"": [
        ""A large '10000' (Arabic numerals) appears prominently compared to surrounding text.""
      ]
    },
    ""color"": {
      ""importance"": ""low"",
      ""facts"": []
    },
    ""posture"": {
      ""importance"": ""low"",
      ""facts"": []
    },
    ""scene"": {
      ""importance"": ""low"",
      ""facts"": []
    },
    ""others"": {
      ""importance"": ""medium"",
      ""facts"": [
        ""A serial number (alphanumeric) is printed on the obverse.""
      ]
    }
  },
  ""level_3"": {
    ""existence"": {
      ""importance"": ""medium"",
      ""facts"": [
        ""The kanji denomination '壱万円' appears on the obverse."",
        ""A watermark area is visible on the obverse (a lighter region in the paper).""
      ]
    },
    ""counting"": {
      ""importance"": ""low"",
      ""facts"": []
    },
    ""relation"": {
      ""importance"": ""medium"",
      ""facts"": [
        ""The watermark depicts the same person as the main portrait (Eiichi Shibusawa) in the watermark area.""
      ]
    },
    ""shape"": {
      ""importance"": ""low"",
      ""facts"": []
    },
    ""size"": {
      ""importance"": ""low"",
      ""facts"": []
    },
    ""color"": {
      ""importance"": ""low"",
      ""facts"": []
    },
    ""posture"": {
      ""importance"": ""low"",
      ""facts"": []
    },
    ""scene"": {
      ""importance"": ""low"",
      ""facts"": []
    },
    ""others"": {
      ""importance"": ""medium"",
      ""facts"": [
        ""The hologram/foil element shows changing imagery when viewed as a holographic feature (e.g., portrait/denomination within the hologram area).""
      ]
    }
  }
}",high,"A single Japanese 10,000 yen banknote is depicted. | The front (obverse) side of the banknote is shown (not the reverse).",high,Exactly one banknote is visible.,low,,high,"The banknote is a rectangular note shown in a flat, front-on view where the obverse design is readable.",low,,low,,low,,low,,high,"The obverse design corresponds to the Japanese 10,000 yen banknote design used in 2026.",high,"A portrait of Eiichi Shibusawa appears on the obverse of the banknote. | Denomination markings indicating 10,000 yen are present on the obverse. | Japanese text is present on the obverse. | A security hologram/foil element is present on the obverse.",medium,There is one main portrait on the obverse.,high,The portrait is part of the printed banknote design (not a separate photo placed on top). | The denomination markings are printed on the banknote face.,medium,The portrait is a head-and-shoulders style engraved portrait typical of banknote printing.,medium,A large '10000' (Arabic numerals) appears prominently compared to surrounding text.,low,,low,,low,,medium,A serial number (alphanumeric) is printed on the obverse.,medium,The kanji denomination '壱万円' appears on the obverse. | A watermark area is visible on the obverse (a lighter region in the paper).,low,,medium,The watermark depicts the same person as the main portrait (Eiichi Shibusawa) in the watermark area.,low,,low,,low,,low,,low,,medium,"The hologram/foil element shows changing imagery when viewed as a holographic feature (e.g., portrait/denomination within the hologram area)."
