index,prompt,level,category,importance,question,gold_answer,answer_space,source_fact
1,"Amazon Elements Melatonin 3mg, 260 Tablets",level_1,existence,high,Is a packaged consumer product for melatonin tablets shown?,yes,yes|no|unknown,"A packaged consumer product for melatonin tablets is shown (e.g., a bottle or similar retail container)."
1,"Amazon Elements Melatonin 3mg, 260 Tablets",level_1,existence,high,Is the product label or packaging visible enough to identify the product?,yes,yes|no|unknown,The product label/packaging is visible enough to identify the product.
1,"Amazon Elements Melatonin 3mg, 260 Tablets",level_2,existence,high,"Does the label or packaging show the brand name ""Amazon Elements""?",yes,yes|no|unknown,"The label/packaging shows the brand name ""Amazon Elements""."
1,"Amazon Elements Melatonin 3mg, 260 Tablets",level_2,existence,high,"Does the label or packaging show the product name ""Melatonin""?",yes,yes|no|unknown,"The label/packaging shows the product name ""Melatonin""."
1,"Amazon Elements Melatonin 3mg, 260 Tablets",level_2,counting,high,Does the label or packaging indicate 260 tablets?,yes,yes|no|unknown,"The label/packaging indicates a quantity of ""260 tablets"" (using text and/or numerals)."
1,"Amazon Elements Melatonin 3mg, 260 Tablets",level_2,others,high,Does the label show 3 mg?,yes,yes|no|unknown,"The label/packaging indicates the strength/dosage as ""3 mg"" (using text and/or numerals)."
1,"Amazon Elements Melatonin 3mg, 260 Tablets",level_3,color,low,Is the bottle brown with a black cap?,yes,yes|no|unknown,The bottle is brown with a black cap.
1,"Amazon Elements Melatonin 3mg, 260 Tablets",level_3,color,low,Is the label white with blue and black text?,yes,yes|no|unknown,The label is white with blue and black text.
3,"365 Everyday Value, Organic Pumpkin Spice Coffee, 12 oz",level_1,existence,high,Is a packaged consumer coffee product shown?,yes,yes|no|unknown,"A packaged consumer product of coffee is shown (e.g., a bag, can, box, or jar intended to contain coffee)."
3,"365 Everyday Value, Organic Pumpkin Spice Coffee, 12 oz",level_1,relation,high,Does the product packaging display readable labeling identifying it as the specified coffee product?,yes,yes|no|unknown,The product packaging displays readable labeling identifying it as the specified coffee product.
3,"365 Everyday Value, Organic Pumpkin Spice Coffee, 12 oz",level_2,existence,high,"Does the packaging include the words ""Organic"", ""Pumpkin Spice"", and ""Coffee""?",yes,yes|no|unknown,"The product name includes the words ""Organic"", ""Pumpkin Spice"", and ""Coffee"" on the packaging."
3,"365 Everyday Value, Organic Pumpkin Spice Coffee, 12 oz",level_2,existence,high,"Does the packaging show the brand/logo ""365""?",yes,yes|no|unknown,The brand/logo '365' appears on the packaging.
3,"365 Everyday Value, Organic Pumpkin Spice Coffee, 12 oz",level_2,relation,high,"Are the words ""Organic Pumpkin Spice Coffee"" presented as the coffee’s description or name on the package?",yes,yes|no|unknown,"The words ""Organic Pumpkin Spice Coffee"" (or the same words clearly forming the product name) are presented as the coffee’s description/name on the package."
3,"365 Everyday Value, Organic Pumpkin Spice Coffee, 12 oz",level_2,others,medium,Does the packaging show that the product is organic?,yes,yes|no|unknown,"The packaging includes a visible indication that the product is organic (e.g., the word ""Organic"" and/or an organic certification mark)."
3,"365 Everyday Value, Organic Pumpkin Spice Coffee, 12 oz",level_3,existence,high,"Does the packaging show ""12 oz""?",yes,yes|no|unknown,"The net quantity ""12 oz"" appears on the packaging."
3,"365 Everyday Value, Organic Pumpkin Spice Coffee, 12 oz",level_3,relation,medium,"Is the ""12 oz"" quantity shown on the same package as the brand and product name?",yes,yes|no|unknown,"The ""12 oz"" quantity is presented as the product’s net weight/size on the same package as the brand and product name."
4,"WHOLE FOODS MARKET Women's Care Probiotic, 30 CT",level_1,existence,high,Is a packaged consumer product shown?,yes,yes|no|unknown,A packaged consumer product is shown.
4,"WHOLE FOODS MARKET Women's Care Probiotic, 30 CT",level_1,color,low,Is the bottle amber-colored?,yes,yes|no|unknown,The bottle is amber-colored.
4,"WHOLE FOODS MARKET Women's Care Probiotic, 30 CT",level_1,color,low,Does the bottle have a black cap?,yes,yes|no|unknown,The bottle has a black cap.
4,"WHOLE FOODS MARKET Women's Care Probiotic, 30 CT",level_2,existence,high,"Does the product label show the product name ""Women's Care Probiotic""?",yes,yes|no|unknown,"The product label shows the product name ""Women's Care Probiotic""."
4,"WHOLE FOODS MARKET Women's Care Probiotic, 30 CT",level_2,counting,high,Does the product label show 30 CT?,yes,yes|no|unknown,"The product label shows a count of ""30 CT"" (30 count)."
4,"WHOLE FOODS MARKET Women's Care Probiotic, 30 CT",level_3,color,low,Does the label have a pink and purple abstract design?,yes,yes|no|unknown,The label has a pink and purple abstract design.
4,"WHOLE FOODS MARKET Women's Care Probiotic, 30 CT",level_3,color,low,Does the label have a green circular logo?,yes,yes|no|unknown,The label has a green circular logo.
4,"WHOLE FOODS MARKET Women's Care Probiotic, 30 CT",level_3,others,low,"Does the label show ""50 Billion CFU""?",yes,yes|no|unknown,"The label shows ""50 Billion CFU""."
4,"WHOLE FOODS MARKET Women's Care Probiotic, 30 CT",level_3,others,low,"Does the label show ""With Lacto & Bifido Probiotic Cultures""?",yes,yes|no|unknown,"The label shows ""With Lacto & Bifido Probiotic Cultures""."
5,"Amazon Brand - Happy Belly Vanilla Wafers, 12 Ounce",level_1,existence,high,Is a retail package of vanilla wafer cookies shown?,yes,yes|no|unknown,A retail product package for vanilla wafer cookies is shown.
5,"Amazon Brand - Happy Belly Vanilla Wafers, 12 Ounce",level_1,counting,medium,Is one primary package prominently shown?,yes,yes|no|unknown,One primary package is prominently shown.
5,"Amazon Brand - Happy Belly Vanilla Wafers, 12 Ounce",level_2,existence,high,"Do the words ""Happy Belly"" appear on the package?",yes,yes|no|unknown,The words 'Happy Belly' appear on the package.
5,"Amazon Brand - Happy Belly Vanilla Wafers, 12 Ounce",level_2,existence,high,Do the words 'Vanilla Wafers' appear on the package?,yes,yes|no|unknown,The words 'Vanilla Wafers' appear on the package.
5,"Amazon Brand - Happy Belly Vanilla Wafers, 12 Ounce",level_2,existence,high,"Does the package display the full product text ""ARTIFICIALLY FLAVORED VANILLA WAFERS""?",yes,yes|no|unknown,The package displays the full product text 'ARTIFICIALLY FLAVORED VANILLA WAFERS'.
5,"Amazon Brand - Happy Belly Vanilla Wafers, 12 Ounce",level_2,color,low,Does the package have a white main background with a black top section?,yes,yes|no|unknown,The package has a white main background with a black top section.
5,"Amazon Brand - Happy Belly Vanilla Wafers, 12 Ounce",level_2,others,medium,Are vanilla wafer cookies shown on the package?,yes,yes|no|unknown,"Vanilla wafer cookies are visually indicated as the product (e.g., wafers visible in the package or pictured on the package)."
5,"Amazon Brand - Happy Belly Vanilla Wafers, 12 Ounce",level_2,others,medium,Does the package have a blue circular HAPPY BELLY logo with white text?,yes,yes|no|unknown,The package features a blue circular HAPPY BELLY logo with white text.
5,"Amazon Brand - Happy Belly Vanilla Wafers, 12 Ounce",level_3,existence,high,Is the net weight shown as 12 Ounce or 12 oz on the package?,yes,yes|no|unknown,The net weight is shown as '12 Ounce' or '12 oz' on the package.
10,"365 EVERYDAY VALUE Toronto Steak Dry Rub, 5 OZ",level_1,existence,high,Is a single packaged food seasoning product shown?,yes,yes|no|unknown,A single packaged food seasoning product is shown.
10,"365 EVERYDAY VALUE Toronto Steak Dry Rub, 5 OZ",level_1,counting,medium,Is exactly one product package or container shown as the main subject?,yes,yes|no|unknown,Only one product package/container is shown as the main subject.
10,"365 EVERYDAY VALUE Toronto Steak Dry Rub, 5 OZ",level_2,existence,high,Does the package have a visible front label?,yes,yes|no|unknown,The package/container has a visible front label.
10,"365 EVERYDAY VALUE Toronto Steak Dry Rub, 5 OZ",level_2,relation,high,"Does the label include the net weight text ""5 OZ""?",yes,yes|no|unknown,The label includes the net weight text '5 OZ'.
10,"365 EVERYDAY VALUE Toronto Steak Dry Rub, 5 OZ",level_2,shape,low,Is the container cylindrical?,yes,yes|no|unknown,The container is cylindrical.
10,"365 EVERYDAY VALUE Toronto Steak Dry Rub, 5 OZ",level_2,color,low,Does the bottle have a black cap?,yes,yes|no|unknown,The bottle has a black cap.
10,"365 EVERYDAY VALUE Toronto Steak Dry Rub, 5 OZ",level_2,others,medium,Is the product presented as a dry rub or seasoning?,yes,yes|no|unknown,The product is presented as a dry rub/seasoning (not a liquid sauce).
10,"365 EVERYDAY VALUE Toronto Steak Dry Rub, 5 OZ",level_2,others,medium,Does the bottle contain granular seasoning?,yes,yes|no|unknown,The bottle contains granular seasoning.
10,"365 EVERYDAY VALUE Toronto Steak Dry Rub, 5 OZ",level_3,relation,medium,"Does the label include the phrase ""MADE FOR STEAK, CHICKEN & PORK""?",yes,yes|no|unknown,"The label also includes the phrase 'MADE FOR STEAK, CHICKEN & PORK'."
10,"365 EVERYDAY VALUE Toronto Steak Dry Rub, 5 OZ",level_3,color,low,Is the label background light blue?,yes,yes|no|unknown,The label background is light blue.
10,"365 EVERYDAY VALUE Toronto Steak Dry Rub, 5 OZ",level_3,color,low,Does the label have red and white borders?,yes,yes|no|unknown,The label has red and white borders.
10,"365 EVERYDAY VALUE Toronto Steak Dry Rub, 5 OZ",level_3,color,low,Does the label have a colorful square design?,yes,yes|no|unknown,The label has a colorful square design.
13,"Women's Beau, (Blue), 5 UK",level_1,existence,high,Is a shoe shown?,yes,yes|no|unknown,At least one footwear item (a shoe) is shown.
13,"Women's Beau, (Blue), 5 UK",level_1,color,high,Is the shoe blue?,yes,yes|no|unknown,The shoe is blue.
13,"Women's Beau, (Blue), 5 UK",level_2,shape,low,Is the shoe a slip-on style?,yes,yes|no|unknown,The shoe is slip-on style.
13,"Women's Beau, (Blue), 5 UK",level_2,shape,low,Does the shoe have a block heel?,yes,yes|no|unknown,The shoe has a block heel.
13,"Women's Beau, (Blue), 5 UK",level_3,others,high,Does the shoe have a fringed toe detail?,yes,yes|no|unknown,The shoe has a fringed toe detail.
17,"365 Everyday Value, Organic Unfiltered Apple Cider Vinegar, 32 fl oz",level_1,existence,high,Is a packaged consumer product labeled as apple cider vinegar shown?,yes,yes|no|unknown,A packaged consumer product labeled as apple cider vinegar is shown.
17,"365 Everyday Value, Organic Unfiltered Apple Cider Vinegar, 32 fl oz",level_1,counting,medium,Is exactly one primary product package shown?,yes,yes|no|unknown,Exactly one primary product package/container is shown.
17,"365 Everyday Value, Organic Unfiltered Apple Cider Vinegar, 32 fl oz",level_1,shape,medium,Is the product in a bottle-like container suitable for liquids?,yes,yes|no|unknown,The product is contained in a bottle-like container suitable for liquids.
17,"365 Everyday Value, Organic Unfiltered Apple Cider Vinegar, 32 fl oz",level_1,color,low,Does the bottle have a white cap?,yes,yes|no|unknown,The bottle has a white cap.
17,"365 Everyday Value, Organic Unfiltered Apple Cider Vinegar, 32 fl oz",level_1,others,high,Does the package have a readable label showing the product identity?,yes,yes|no|unknown,The package/container has a readable label indicating the product identity.
17,"365 Everyday Value, Organic Unfiltered Apple Cider Vinegar, 32 fl oz",level_2,existence,high,"Does the label show the product description ""Organic Unfiltered Apple Cider Vinegar""?",yes,yes|no|unknown,The label shows the product description 'Organic Unfiltered Apple Cider Vinegar'.
17,"365 Everyday Value, Organic Unfiltered Apple Cider Vinegar, 32 fl oz",level_2,existence,high,Does the label show a 365 logo?,yes,yes|no|unknown,The label shows a '365' logo.
17,"365 Everyday Value, Organic Unfiltered Apple Cider Vinegar, 32 fl oz",level_2,others,high,"Are the words ""Organic"" and ""Unfiltered"" both visible on the product label?",yes,yes|no|unknown,The words 'Organic' and 'Unfiltered' are both visibly present in the product labeling.
17,"365 Everyday Value, Organic Unfiltered Apple Cider Vinegar, 32 fl oz",level_3,existence,high,"Does the label text include ""Organic Unfiltered Apple Cider Vinegar"" exactly?",yes,yes|no|unknown,The label text includes 'Organic Unfiltered Apple Cider Vinegar' exactly.
17,"365 Everyday Value, Organic Unfiltered Apple Cider Vinegar, 32 fl oz",level_3,others,low,Does the label feature apple imagery?,yes,yes|no|unknown,The label features apple imagery.
18,"AmazonBasics Patio Dining Chair Cover (2 Pack), Grey",level_1,existence,high,Are patio dining chair cover products depicted?,yes,yes|no|unknown,Patio dining chair cover product(s) are depicted.
18,"AmazonBasics Patio Dining Chair Cover (2 Pack), Grey",level_1,shape,high,Does each cover have a shape with a backrest section and a seat section?,yes,yes|no|unknown,"Each cover has a form consistent with covering a dining chair, including a backrest section and a seat section (not just a flat sheet)."
18,"AmazonBasics Patio Dining Chair Cover (2 Pack), Grey",level_1,size,medium,Does each cover look sized to fit a single dining chair?,yes,yes|no|unknown,Each cover appears sized to fit a single dining chair (not a sofa/loveseat-sized cover).
18,"AmazonBasics Patio Dining Chair Cover (2 Pack), Grey",level_1,color,high,Are the chair covers grey overall?,yes,yes|no|unknown,The chair covers are grey in overall appearance.
18,"AmazonBasics Patio Dining Chair Cover (2 Pack), Grey",level_2,existence,medium,Does each cover appear to be made of one continuous fabric-like material enclosing the chair shape?,yes,yes|no|unknown,"Each cover appears to be made of a continuous fabric-like material (typical cover construction), enclosing the chair shape."
19,"AmazonBasics In-ear Headphones with Mic, Green",level_1,existence,high,Are a pair of in-ear headphones depicted?,yes,yes|no|unknown,A pair of in-ear headphones (earbuds) is depicted.
19,"AmazonBasics In-ear Headphones with Mic, Green",level_1,counting,medium,Are two earbuds shown as a left/right pair?,yes,yes|no|unknown,Two earbuds are depicted as a left/right pair.
19,"AmazonBasics In-ear Headphones with Mic, Green",level_1,relation,medium,Are the earbuds part of the same headphone set?,yes,yes|no|unknown,The earbuds are part of the same headphone set.
19,"AmazonBasics In-ear Headphones with Mic, Green",level_1,shape,medium,Do the earbuds have an in-ear shape?,yes,yes|no|unknown,Each earbud has an in-ear shape intended to fit into an ear canal (not an over-ear/on-ear headset).
19,"AmazonBasics In-ear Headphones with Mic, Green",level_1,color,high,Are the headphones green as the primary visible color?,yes,yes|no|unknown,"The headphones are green as the primary visible color (at least the earbuds, and typically the cable as well)."
19,"AmazonBasics In-ear Headphones with Mic, Green",level_2,existence,high,Is a cable connecting the earbuds visible?,yes,yes|no|unknown,A cable connecting the earbuds is visible.
19,"AmazonBasics In-ear Headphones with Mic, Green",level_2,shape,medium,Do the earbuds have in-ear tips or nozzles?,yes,yes|no|unknown,Each earbud has a tip/nozzle area consistent with an in-ear earbud design (often with a silicone/rubber ear tip).
19,"AmazonBasics In-ear Headphones with Mic, Green",level_2,color,high,"Is the inline microphone module, cable, or earbuds green?",yes,yes|no|unknown,The inline microphone module and/or cable and/or earbuds appear green (not a different dominant color such as black/white/red).
22,"Fresh Brand – Red Potatoes, 5 lb",level_1,existence,high,Are red potatoes shown?,yes,yes|no|unknown,Red potatoes are shown.
22,"Fresh Brand – Red Potatoes, 5 lb",level_1,relation,high,Are the red potatoes shown as a packaged branded product or labelable item?,yes,yes|no|unknown,"The red potatoes are presented as a packaged/branded product or labelable item (i.e., not just unlabeled loose potatoes)."
22,"Fresh Brand – Red Potatoes, 5 lb",level_1,color,high,Do the potatoes have visibly red skin?,yes,yes|no|unknown,The potatoes have visibly red skin (or are clearly identified as red potatoes via visible labeling).
22,"Fresh Brand – Red Potatoes, 5 lb",level_1,others,high,"Does the visible text say ""Red Potatoes""?",yes,yes|no|unknown,"Visible text indicates the product name ""Red Potatoes""."
22,"Fresh Brand – Red Potatoes, 5 lb",level_1,others,high,"Does the visible text show ""5 lb""?",yes,yes|no|unknown,"Visible text indicates the weight ""5 lb""."
22,"Fresh Brand – Red Potatoes, 5 lb",level_2,existence,medium,Are the potatoes shown together in a single retail package with the labeling visible?,yes,yes|no|unknown,"The potatoes are shown together in a single product presentation (e.g., in a bag, net, or other retail package) with the labeling visible."
22,"Fresh Brand – Red Potatoes, 5 lb",level_2,relation,high,"Does the package show the words ""fresh"", ""Red Potatoes"", and ""5 LB"" together?",yes,yes|no|unknown,The package shows the word 'fresh' together with 'Red Potatoes' and '5 LB'.
22,"Fresh Brand – Red Potatoes, 5 lb",level_2,others,high,"Is the text ""Red Potatoes"" readable?",yes,yes|no|unknown,"The text ""Red Potatoes"" is readable."
22,"Fresh Brand – Red Potatoes, 5 lb",level_2,others,high,"Is the text ""5 lb"" readable?",yes,yes|no|unknown,"The text ""5 lb"" is readable."
22,"Fresh Brand – Red Potatoes, 5 lb",level_2,others,high,Is the bag made of clear plastic with a white tie?,yes,yes|no|unknown,The bag is made of clear plastic with a white tie.
22,"Fresh Brand – Red Potatoes, 5 lb",level_2,others,high,Is the label background green and white?,yes,yes|no|unknown,The label background is green and white.
22,"Fresh Brand – Red Potatoes, 5 lb",level_2,others,high,Are the potatoes visible through the transparent bag?,yes,yes|no|unknown,Potatoes are visible through the transparent bag.
22,"Fresh Brand – Red Potatoes, 5 lb",level_3,others,low,Does the label have a leaf-like graphic?,yes,yes|no|unknown,The label has a leaf-like graphic.
22,"Fresh Brand – Red Potatoes, 5 lb",level_3,others,low,"Does the label show ""NET WT 5 LB""?",yes,yes|no|unknown,The label has 'NET WT 5 LB' visible.
23,"Moon and Back Baby Set of 5 Organic Reversible Bibs, Pink Blush, One Size",level_1,existence,high,Are baby bibs depicted?,yes,yes|no|unknown,Baby bibs are depicted.
23,"Moon and Back Baby Set of 5 Organic Reversible Bibs, Pink Blush, One Size",level_1,counting,high,Are more than one bib visible in the image?,yes,yes|no|unknown,The image depicts a set of bibs (more than one bib visible).
23,"Moon and Back Baby Set of 5 Organic Reversible Bibs, Pink Blush, One Size",level_1,shape,high,Do the items have the recognizable shape of baby bibs with a neck opening and a wider lower section to cover the chest?,yes,yes|no|unknown,Each item has the recognizable shape of a baby bib with a neck opening/neck area and a wider lower section to cover the chest.
23,"Moon and Back Baby Set of 5 Organic Reversible Bibs, Pink Blush, One Size",level_1,color,high,Are the bibs predominantly pink blush?,yes,yes|no|unknown,The bibs are predominantly in a pink blush color family (light/soft pink tones).
23,"Moon and Back Baby Set of 5 Organic Reversible Bibs, Pink Blush, One Size",level_2,existence,high,Are five separate bibs visible?,yes,yes|no|unknown,At least five separate bib items are visible.
23,"Moon and Back Baby Set of 5 Organic Reversible Bibs, Pink Blush, One Size",level_2,counting,high,Are exactly five bibs depicted?,yes,yes|no|unknown,Exactly five bibs are depicted.
23,"Moon and Back Baby Set of 5 Organic Reversible Bibs, Pink Blush, One Size",level_2,relation,medium,Are the bibs presented together as a single set in the image?,yes,yes|no|unknown,"The bibs are presented together as a single set (e.g., grouped/stacked/arranged together in one image)."
23,"Moon and Back Baby Set of 5 Organic Reversible Bibs, Pink Blush, One Size",level_2,color,high,"Does the set include one solid pink bib, two pink-and-white striped bibs, one solid white bib, and one white bib with pink polka dots?",yes,yes|no|unknown,"The set shows one solid pink bib, two pink-and-white striped bibs, one solid white bib, and one white bib with pink polka dots."
23,"Moon and Back Baby Set of 5 Organic Reversible Bibs, Pink Blush, One Size",level_2,others,medium,Are the bibs shown as fabric textile items?,yes,yes|no|unknown,The bibs are shown as fabric/textile items (not illustrated icons of bibs).
23,"Moon and Back Baby Set of 5 Organic Reversible Bibs, Pink Blush, One Size",level_3,shape,low,Do the bibs have rounded corners and a rounded neckline?,yes,yes|no|unknown,The bibs have rounded corners and a rounded neckline.
23,"Moon and Back Baby Set of 5 Organic Reversible Bibs, Pink Blush, One Size",level_3,color,medium,Do all bibs have pink trim along the edges?,yes,yes|no|unknown,All bibs have pink trim along the edges.
23,"Moon and Back Baby Set of 5 Organic Reversible Bibs, Pink Blush, One Size",level_3,others,high,"Does the visible text include the brand name ""Moon and Back""?",yes,yes|no|unknown,"Visible text includes the brand name ""Moon and Back""."
23,"Moon and Back Baby Set of 5 Organic Reversible Bibs, Pink Blush, One Size",level_3,others,high,"Does the visible text include the word ""Organic""?",yes,yes|no|unknown,"Visible text includes the word ""Organic"" (or ""Organic"" appears as part of a visible product label/tag/packaging text)."
24,"Amazon Brand - The Fix Women's Mischa Block Heel Ankle Wrap Sandal with Bows, dove suede, 9 B US",level_1,existence,high,Is at least one ankle-wrap sandal depicted?,yes,yes|no|unknown,At least one ankle-wrap sandal is depicted.
24,"Amazon Brand - The Fix Women's Mischa Block Heel Ankle Wrap Sandal with Bows, dove suede, 9 B US",level_1,shape,high,Is the footwear a sandal with an open construction?,yes,yes|no|unknown,"The footwear is a sandal (open construction, not a closed shoe/boot)."
24,"Amazon Brand - The Fix Women's Mischa Block Heel Ankle Wrap Sandal with Bows, dove suede, 9 B US",level_1,shape,high,Does the sandal have a block-style heel?,yes,yes|no|unknown,"The sandal has a block-style heel (a thick, chunky heel rather than a stiletto or wedge)."
24,"Amazon Brand - The Fix Women's Mischa Block Heel Ankle Wrap Sandal with Bows, dove suede, 9 B US",level_1,shape,high,Does the sandal have straps that wrap around the ankle?,yes,yes|no|unknown,The sandal includes straps that wrap around the ankle.
24,"Amazon Brand - The Fix Women's Mischa Block Heel Ankle Wrap Sandal with Bows, dove suede, 9 B US",level_1,color,high,Is the sandal dove-colored?,yes,yes|no|unknown,The sandal is a dove-colored shade (light gray/gray-beige).
24,"Amazon Brand - The Fix Women's Mischa Block Heel Ankle Wrap Sandal with Bows, dove suede, 9 B US",level_1,others,high,Does the sandal have bows?,yes,yes|no|unknown,The sandal has bows as part of its design (visible bow shapes on the sandal).
24,"Amazon Brand - The Fix Women's Mischa Block Heel Ankle Wrap Sandal with Bows, dove suede, 9 B US",level_2,existence,high,Does the sandal have a heel?,yes,yes|no|unknown,A heel is present on the sandal.
24,"Amazon Brand - The Fix Women's Mischa Block Heel Ankle Wrap Sandal with Bows, dove suede, 9 B US",level_2,existence,high,Is there an ankle-wrap strap on the sandal?,yes,yes|no|unknown,An ankle-wrap strap is present on the sandal.
24,"Amazon Brand - The Fix Women's Mischa Block Heel Ankle Wrap Sandal with Bows, dove suede, 9 B US",level_2,existence,high,Is there at least one bow embellishment on the sandal?,yes,yes|no|unknown,At least one bow embellishment is present on the sandal.
24,"Amazon Brand - The Fix Women's Mischa Block Heel Ankle Wrap Sandal with Bows, dove suede, 9 B US",level_2,relation,high,Does the ankle-wrap strap extend around the ankle area of the sandal?,yes,yes|no|unknown,The ankle-wrap strap visually extends around the ankle area of the sandal (positioned above the foot/near the ankle).
24,"Amazon Brand - The Fix Women's Mischa Block Heel Ankle Wrap Sandal with Bows, dove suede, 9 B US",level_2,relation,high,Are the bows attached to the sandal?,yes,yes|no|unknown,The bow(s) are attached to the sandal (not separate accessories placed nearby).
24,"Amazon Brand - The Fix Women's Mischa Block Heel Ankle Wrap Sandal with Bows, dove suede, 9 B US",level_2,shape,high,"Does the heel have a block, rectangular profile?",yes,yes|no|unknown,The heel has a block/rectangular profile (not needle-thin).
24,"Amazon Brand - The Fix Women's Mischa Block Heel Ankle Wrap Sandal with Bows, dove suede, 9 B US",level_2,shape,high,Do the bows have a typical bow form with two loops and a central knot-like section?,yes,yes|no|unknown,The bows have a typical bow form (two loops and a central knot-like section).
24,"Amazon Brand - The Fix Women's Mischa Block Heel Ankle Wrap Sandal with Bows, dove suede, 9 B US",level_2,color,high,Are the visible upper and straps of the sandal in the dove light gray color family?,yes,yes|no|unknown,The visible upper/straps of the sandal are the same dove (light gray/gray-beige) color family.
24,"Amazon Brand - The Fix Women's Mischa Block Heel Ankle Wrap Sandal with Bows, dove suede, 9 B US",level_2,others,high,Does the sandal have a suede-like exterior texture?,yes,yes|no|unknown,"The sandal’s exterior material appears suede-like (matte, fuzzy/nap texture rather than glossy leather or fabric weave)."
25,"Amazon Brand – Stone & Beam Casual Geometric Wool Runner Rug, 8' x 2' 3"", Green",level_1,existence,high,Is a runner rug depicted?,yes,yes|no|unknown,A runner rug is depicted.
25,"Amazon Brand – Stone & Beam Casual Geometric Wool Runner Rug, 8' x 2' 3"", Green",level_1,counting,medium,Is there exactly one rug in the image?,yes,yes|no|unknown,Exactly one rug is the primary subject of the image.
25,"Amazon Brand – Stone & Beam Casual Geometric Wool Runner Rug, 8' x 2' 3"", Green",level_1,shape,high,Is the rug long and rectangular?,yes,yes|no|unknown,The rug has a long rectangular shape (runner form).
25,"Amazon Brand – Stone & Beam Casual Geometric Wool Runner Rug, 8' x 2' 3"", Green",level_1,size,medium,Does the rug appear much longer than it is wide?,yes,yes|no|unknown,The rug appears much longer than it is wide.
25,"Amazon Brand – Stone & Beam Casual Geometric Wool Runner Rug, 8' x 2' 3"", Green",level_1,color,high,Is green a primary visible color of the rug?,yes,yes|no|unknown,Green is a primary visible color of the rug.
25,"Amazon Brand – Stone & Beam Casual Geometric Wool Runner Rug, 8' x 2' 3"", Green",level_2,color,high,Is a substantial portion of the rug green?,yes,yes|no|unknown,The green color appears on a substantial portion of the rug (not just a small accent).
25,"Amazon Brand – Stone & Beam Casual Geometric Wool Runner Rug, 8' x 2' 3"", Green",level_3,others,low,Does the rug have a visible textured surface?,yes,yes|no|unknown,The rug has a visible textured surface.
28,"AmazonBasics Modern Adjustable Swivel Bar/Island Stools - PU with Chrome Air Lift - Set of 2, Black",level_1,existence,high,Are two bar/island stools shown?,yes,yes|no|unknown,Two bar/island stools are shown.
28,"AmazonBasics Modern Adjustable Swivel Bar/Island Stools - PU with Chrome Air Lift - Set of 2, Black",level_1,counting,high,Are there exactly two stools present?,yes,yes|no|unknown,Exactly two stools are present.
28,"AmazonBasics Modern Adjustable Swivel Bar/Island Stools - PU with Chrome Air Lift - Set of 2, Black",level_1,relation,medium,Do the two stools have the same overall design?,yes,yes|no|unknown,The two stools appear as a matching set (same overall design).
28,"AmazonBasics Modern Adjustable Swivel Bar/Island Stools - PU with Chrome Air Lift - Set of 2, Black",level_1,shape,medium,Does each stool have a seat mounted on a single central pedestal column with a base?,yes,yes|no|unknown,Each stool has a seat mounted on a single central pedestal column with a base (not four legs).
28,"AmazonBasics Modern Adjustable Swivel Bar/Island Stools - PU with Chrome Air Lift - Set of 2, Black",level_1,shape,medium,Are the stools backless and armless?,yes,yes|no|unknown,Each stool is backless and armless.
28,"AmazonBasics Modern Adjustable Swivel Bar/Island Stools - PU with Chrome Air Lift - Set of 2, Black",level_1,color,high,Are the stools’ seats black?,yes,yes|no|unknown,The stools’ seats are black.
28,"AmazonBasics Modern Adjustable Swivel Bar/Island Stools - PU with Chrome Air Lift - Set of 2, Black",level_1,posture,medium,Are both stools upright and standing on their bases?,yes,yes|no|unknown,Both stools are upright and standing on their bases.
28,"AmazonBasics Modern Adjustable Swivel Bar/Island Stools - PU with Chrome Air Lift - Set of 2, Black",level_2,existence,high,Does each stool have a metal pedestal base with a visible pneumatic gas-lift cylinder?,yes,yes|no|unknown,Each stool has a metal pedestal base with a visible pneumatic/gas-lift (air lift) cylinder.
28,"AmazonBasics Modern Adjustable Swivel Bar/Island Stools - PU with Chrome Air Lift - Set of 2, Black",level_2,counting,medium,Does each stool have one central support column and one base?,yes,yes|no|unknown,Each stool has one central support column and one base.
28,"AmazonBasics Modern Adjustable Swivel Bar/Island Stools - PU with Chrome Air Lift - Set of 2, Black",level_2,relation,high,Is each seat attached to the top of the gas-lift pedestal column?,yes,yes|no|unknown,Each seat is attached to the top of the gas-lift/pedestal column.
28,"AmazonBasics Modern Adjustable Swivel Bar/Island Stools - PU with Chrome Air Lift - Set of 2, Black",level_2,relation,high,Is a footrest integrated around the lower part of the pedestal column on each stool?,yes,yes|no|unknown,A footrest is integrated around the lower part of the pedestal column on each stool.
28,"AmazonBasics Modern Adjustable Swivel Bar/Island Stools - PU with Chrome Air Lift - Set of 2, Black",level_2,shape,high,Does each stool have a single round disc-style base?,yes,yes|no|unknown,"Each stool’s base is a single, round/disc-style base (typical pedestal base)."
28,"AmazonBasics Modern Adjustable Swivel Bar/Island Stools - PU with Chrome Air Lift - Set of 2, Black",level_2,color,high,"Are the pedestal, air-lift, or base components chrome or silver in appearance?",yes,yes|no|unknown,The pedestal/air-lift/base components are chrome/silver in appearance.
28,"AmazonBasics Modern Adjustable Swivel Bar/Island Stools - PU with Chrome Air Lift - Set of 2, Black",level_2,others,medium,Does the seat upholstery look smooth and leather-like?,yes,yes|no|unknown,The seat upholstery appears smooth and leather-like (consistent with PU-style upholstery).
28,"AmazonBasics Modern Adjustable Swivel Bar/Island Stools - PU with Chrome Air Lift - Set of 2, Black",level_3,existence,medium,Is an adjustment lever or handle visible on each stool near the underside of the seat or at the top of the gas-lift column?,yes,yes|no|unknown,An adjustment lever/handle is visible on each stool near the underside of the seat or at the top of the gas-lift column.
28,"AmazonBasics Modern Adjustable Swivel Bar/Island Stools - PU with Chrome Air Lift - Set of 2, Black",level_3,others,low,Does the seat have tufted upholstery?,yes,yes|no|unknown,The seat has tufted upholstery.
30,"10k White Gold Diamond Heart Ring (0.03 cttw, I-J Color, I2-I3 Clarity), Size 6",level_1,existence,high,Is a ring depicted?,yes,yes|no|unknown,A ring is depicted.
30,"10k White Gold Diamond Heart Ring (0.03 cttw, I-J Color, I2-I3 Clarity), Size 6",level_1,shape,high,Does the ring include a heart-shaped design element?,yes,yes|no|unknown,The ring includes a heart-shaped design element.
30,"10k White Gold Diamond Heart Ring (0.03 cttw, I-J Color, I2-I3 Clarity), Size 6",level_1,color,high,Does the ring appear white or silvery?,yes,yes|no|unknown,The ring’s metal appears white/silvery rather than yellow.
30,"10k White Gold Diamond Heart Ring (0.03 cttw, I-J Color, I2-I3 Clarity), Size 6",level_2,existence,high,Is at least one diamond or gemstone present on the ring?,yes,yes|no|unknown,At least one diamond/gemstone is present on the ring.
30,"10k White Gold Diamond Heart Ring (0.03 cttw, I-J Color, I2-I3 Clarity), Size 6",level_2,counting,low,Is there a visible diamond or gemstone on the ring?,yes,yes|no|unknown,There is at least one visible diamond/gemstone.
30,"10k White Gold Diamond Heart Ring (0.03 cttw, I-J Color, I2-I3 Clarity), Size 6",level_2,relation,high,Are the diamonds set on the heart-shaped design element?,yes,yes|no|unknown,"The diamond/gemstones are set as part of the heart-shaped design element (e.g., on/in the heart)."
30,"10k White Gold Diamond Heart Ring (0.03 cttw, I-J Color, I2-I3 Clarity), Size 6",level_2,shape,medium,Is the heart motif clearly recognizable as a heart shape?,yes,yes|no|unknown,The heart motif is clearly recognizable as a heart shape.
30,"10k White Gold Diamond Heart Ring (0.03 cttw, I-J Color, I2-I3 Clarity), Size 6",level_2,color,medium,Do the diamonds or gemstones appear clear or white?,yes,yes|no|unknown,The diamond/gemstones appear clear/white rather than strongly colored.
30,"10k White Gold Diamond Heart Ring (0.03 cttw, I-J Color, I2-I3 Clarity), Size 6",level_3,relation,low,Are small diamonds set along the band?,yes,yes|no|unknown,The band is adorned with small diamonds.
30,"10k White Gold Diamond Heart Ring (0.03 cttw, I-J Color, I2-I3 Clarity), Size 6",level_3,shape,low,Does the center heart have a smaller heart cutout inside?,yes,yes|no|unknown,The center heart has a smaller heart cutout inside.
31,"AmazonBasics Zinc Alloy Guitar Capo for Acoustic and Electric Guitar, Copper, 3-Pack",level_1,existence,high,Are guitar capos depicted?,yes,yes|no|unknown,Guitar capos are depicted.
31,"AmazonBasics Zinc Alloy Guitar Capo for Acoustic and Electric Guitar, Copper, 3-Pack",level_1,shape,medium,Does each item have a clamp-like capo form for attaching across a guitar neck or fretboard?,yes,yes|no|unknown,Each item has a clamp-like capo form intended to attach across a guitar neck/fretboard.
31,"AmazonBasics Zinc Alloy Guitar Capo for Acoustic and Electric Guitar, Copper, 3-Pack",level_1,color,high,Are the capos copper-colored?,yes,yes|no|unknown,The capos are copper-colored.
31,"AmazonBasics Zinc Alloy Guitar Capo for Acoustic and Electric Guitar, Copper, 3-Pack",level_2,color,medium,Is the main visible body of each capo copper-colored?,yes,yes|no|unknown,The primary visible body of each capo is copper-colored (not just a small copper accent).
31,"AmazonBasics Zinc Alloy Guitar Capo for Acoustic and Electric Guitar, Copper, 3-Pack",level_3,color,low,Is the grip area black?,yes,yes|no|unknown,The grip area is black.
32,"UMI Merryfeel Microfibre Duvet Cover Set, Light and Soft",level_1,existence,high,Is a duvet cover set depicted?,yes,yes|no|unknown,A duvet cover set (bedding set) is depicted.
32,"UMI Merryfeel Microfibre Duvet Cover Set, Light and Soft",level_1,counting,high,Does the image show more than one bedding item?,yes,yes|no|unknown,"The image shows more than one bedding item (it is presented as a set, not a single standalone piece)."
32,"UMI Merryfeel Microfibre Duvet Cover Set, Light and Soft",level_1,relation,medium,Do the items look like one coordinated duvet cover set with matching design and material?,yes,yes|no|unknown,The items appear to belong together as one coordinated duvet cover set (matching design/material).
32,"UMI Merryfeel Microfibre Duvet Cover Set, Light and Soft",level_2,existence,high,Is a duvet cover visible?,yes,yes|no|unknown,A duvet cover is visible.
32,"UMI Merryfeel Microfibre Duvet Cover Set, Light and Soft",level_2,shape,low,Does the duvet cover appear as a large rectangular textile item?,yes,yes|no|unknown,The duvet cover appears as a large rectangular textile item.
32,"UMI Merryfeel Microfibre Duvet Cover Set, Light and Soft",level_2,shape,low,Do the pillowcase(s) appear as smaller rectangular textile item(s)?,yes,yes|no|unknown,The pillowcase(s) appear as smaller rectangular textile item(s).
32,"UMI Merryfeel Microfibre Duvet Cover Set, Light and Soft",level_2,color,low,Are the bedding and pillows light blue?,yes,yes|no|unknown,The bedding and pillows are light blue.
33,"365 Everyday Value, Organic Peanut Sauce, 10 oz",level_1,existence,high,Is the product packaging visible?,yes,yes|no|unknown,A packaged consumer product is shown (the product packaging/container is visible).
33,"365 Everyday Value, Organic Peanut Sauce, 10 oz",level_1,counting,medium,Is exactly one product package or container shown as the main subject?,yes,yes|no|unknown,Exactly one product package/container is shown as the primary subject.
33,"365 Everyday Value, Organic Peanut Sauce, 10 oz",level_1,shape,low,Is the package a bottle?,yes,yes|no|unknown,The package is a bottle.
33,"365 Everyday Value, Organic Peanut Sauce, 10 oz",level_2,existence,high,"Does the product packaging show the text ""Organic Peanut Sauce""?",yes,yes|no|unknown,"The text ""Organic Peanut Sauce"" appears on the product packaging."
33,"365 Everyday Value, Organic Peanut Sauce, 10 oz",level_2,color,low,Is the cap green?,yes,yes|no|unknown,The cap is green.
33,"365 Everyday Value, Organic Peanut Sauce, 10 oz",level_2,others,low,Does the label include a USDA ORGANIC logo?,yes,yes|no|unknown,The label includes a USDA ORGANIC logo.
33,"365 Everyday Value, Organic Peanut Sauce, 10 oz",level_3,existence,high,"Does the brand text include the numeral ""365""?",yes,yes|no|unknown,"The brand text includes the numeral ""365""."
36,"AmazonBasics Satin Padded Blouse Hangers, Ivory, 30-Pack",level_1,existence,high,Are clothing hangers depicted?,yes,yes|no|unknown,Clothing hangers are depicted.
36,"AmazonBasics Satin Padded Blouse Hangers, Ivory, 30-Pack",level_1,shape,medium,Does each hanger have a clothes-hanger silhouette with a central hook and two shoulder arms?,yes,yes|no|unknown,Each hanger has a typical clothes-hanger silhouette suitable for hanging tops (a central hook with two shoulder arms).
36,"AmazonBasics Satin Padded Blouse Hangers, Ivory, 30-Pack",level_1,color,high,Are the hangers ivory in appearance?,yes,yes|no|unknown,The hangers are ivory (off-white/cream) in appearance.
36,"AmazonBasics Satin Padded Blouse Hangers, Ivory, 30-Pack",level_2,existence,high,Does each hanger have a metal hook at the top?,yes,yes|no|unknown,Each hanger has a metal hook at the top.
36,"AmazonBasics Satin Padded Blouse Hangers, Ivory, 30-Pack",level_2,existence,high,Do the hangers have padded shoulder sections?,yes,yes|no|unknown,Each hanger has padded shoulder sections.
36,"AmazonBasics Satin Padded Blouse Hangers, Ivory, 30-Pack",level_2,relation,medium,Does the padding cover the shoulder arms of the hangers?,yes,yes|no|unknown,The padding covers the shoulder arms of the hangers.
36,"AmazonBasics Satin Padded Blouse Hangers, Ivory, 30-Pack",level_2,shape,medium,Do the hanger arms look thick and rounded because they are padded?,yes,yes|no|unknown,The hanger arms appear thick/rounded due to padding rather than thin rigid plastic/wood.
36,"AmazonBasics Satin Padded Blouse Hangers, Ivory, 30-Pack",level_2,color,high,Do the satin covering and padding appear in an ivory tone?,yes,yes|no|unknown,The satin covering and padding appear in an ivory tone.
36,"AmazonBasics Satin Padded Blouse Hangers, Ivory, 30-Pack",level_2,others,high,Does the hanger covering look like satin fabric?,yes,yes|no|unknown,"The hanger covering has a satin-like (smooth, slightly shiny) fabric appearance."
36,"AmazonBasics Satin Padded Blouse Hangers, Ivory, 30-Pack",level_3,others,low,Is there a small bow attached to the center of the hanger?,yes,yes|no|unknown,A small bow is attached to the center of the hanger.
38,AmazonBasics Wallet Album for 120 Instax Mini Photos - Ice Blue,level_1,existence,high,Is a wallet-style photo album shown?,yes,yes|no|unknown,A photo album (wallet-style album) is shown.
38,AmazonBasics Wallet Album for 120 Instax Mini Photos - Ice Blue,level_1,counting,medium,Is exactly one wallet photo album shown?,yes,yes|no|unknown,Exactly one wallet photo album is shown.
38,AmazonBasics Wallet Album for 120 Instax Mini Photos - Ice Blue,level_1,shape,medium,"Is the album book-like and rectangular, with a visible front cover and spine?",yes,yes|no|unknown,"The album is book-like/rectangular, with a front cover and spine/edge consistent with a small photo album."
38,AmazonBasics Wallet Album for 120 Instax Mini Photos - Ice Blue,level_1,color,high,Is the album cover ice blue or light blue?,yes,yes|no|unknown,The album’s cover is an ice-blue/light-blue color.
38,AmazonBasics Wallet Album for 120 Instax Mini Photos - Ice Blue,level_3,others,low,Does the album have a strap closure?,yes,yes|no|unknown,The album has a strap closure.
38,AmazonBasics Wallet Album for 120 Instax Mini Photos - Ice Blue,level_3,others,low,Does the album have stitched edges?,yes,yes|no|unknown,The album has stitched edges.
42,"AmazonBasics 10-12 Sheet Cross Cut Paper, Credit Card, and CD Shredder",level_1,existence,high,Is a paper shredder machine depicted?,yes,yes|no|unknown,A paper shredder machine is depicted.
42,"AmazonBasics 10-12 Sheet Cross Cut Paper, Credit Card, and CD Shredder",level_1,counting,medium,Is there exactly one shredder machine as the main subject?,yes,yes|no|unknown,Exactly one shredder machine is depicted as the main subject.
42,"AmazonBasics 10-12 Sheet Cross Cut Paper, Credit Card, and CD Shredder",level_1,shape,medium,Does the shredder have a top shredding-head section and a lower waste-bin/body section?,yes,yes|no|unknown,The shredder has a top shredding-head section and a lower waste-bin/body section.
42,"AmazonBasics 10-12 Sheet Cross Cut Paper, Credit Card, and CD Shredder",level_1,color,low,Does the shredder have a black main body and a silver top cover?,yes,yes|no|unknown,The shredder has a black main body and a silver top cover.
42,"AmazonBasics 10-12 Sheet Cross Cut Paper, Credit Card, and CD Shredder",level_1,posture,medium,Is the shredder upright?,yes,yes|no|unknown,The shredder is upright (standing as it would during normal use).
42,"AmazonBasics 10-12 Sheet Cross Cut Paper, Credit Card, and CD Shredder",level_2,existence,high,Is a paper-feed slot visible on the shredder?,yes,yes|no|unknown,A paper-feed slot/opening is visible on the shredder.
42,"AmazonBasics 10-12 Sheet Cross Cut Paper, Credit Card, and CD Shredder",level_2,relation,medium,Is the paper-feed slot/opening located on the top section of the shredder?,yes,yes|no|unknown,The paper-feed slot/opening is located on the top section of the shredder.
42,"AmazonBasics 10-12 Sheet Cross Cut Paper, Credit Card, and CD Shredder",level_2,shape,medium,Is the paper-feed slot a long narrow opening sized for sheets of paper?,yes,yes|no|unknown,The paper-feed slot/opening is a long narrow opening sized for sheets of paper.
42,"AmazonBasics 10-12 Sheet Cross Cut Paper, Credit Card, and CD Shredder",level_3,existence,medium,Is a separate feed slot for a credit card or CD visible on the shredder?,yes,yes|no|unknown,"A separate feed slot/opening sized for a credit card and/or CD is visible, or a CD/credit-card feed area is visibly indicated on the machine."
43,"Amazon Brand - Mama Bear, Vegetarian Kids Black Elderberry Gummies 300 mg with Vitamins C, D, E and Zinc - Immune System Support - 60 Gummies (1 to 2 Month Supply), Non-GMO, Gluten Free",level_1,existence,high,Is there a Mama Bear kids' black elderberry gummy supplement package/container?,yes,yes|no|unknown,The image shows a package/container of a product labeled as a Mama Bear brand kids’ black elderberry gummy supplement.
43,"Amazon Brand - Mama Bear, Vegetarian Kids Black Elderberry Gummies 300 mg with Vitamins C, D, E and Zinc - Immune System Support - 60 Gummies (1 to 2 Month Supply), Non-GMO, Gluten Free",level_2,existence,high,"Does the packaging show the text ""Mama Bear""?",yes,yes|no|unknown,The text 'Mama Bear' appears on the packaging.
43,"Amazon Brand - Mama Bear, Vegetarian Kids Black Elderberry Gummies 300 mg with Vitamins C, D, E and Zinc - Immune System Support - 60 Gummies (1 to 2 Month Supply), Non-GMO, Gluten Free",level_2,existence,high,Is the product labeled as Vegetarian?,yes,yes|no|unknown,The product is labeled as 'Vegetarian'.
43,"Amazon Brand - Mama Bear, Vegetarian Kids Black Elderberry Gummies 300 mg with Vitamins C, D, E and Zinc - Immune System Support - 60 Gummies (1 to 2 Month Supply), Non-GMO, Gluten Free",level_2,existence,high,Is the product labeled for kids?,yes,yes|no|unknown,The product is labeled for 'Kids'.
43,"Amazon Brand - Mama Bear, Vegetarian Kids Black Elderberry Gummies 300 mg with Vitamins C, D, E and Zinc - Immune System Support - 60 Gummies (1 to 2 Month Supply), Non-GMO, Gluten Free",level_2,existence,high,Is the product labeled as Black Elderberry Gummies?,yes,yes|no|unknown,The product is labeled as 'Black Elderberry Gummies'.
43,"Amazon Brand - Mama Bear, Vegetarian Kids Black Elderberry Gummies 300 mg with Vitamins C, D, E and Zinc - Immune System Support - 60 Gummies (1 to 2 Month Supply), Non-GMO, Gluten Free",level_2,existence,high,"Does the packaging include a ""Gluten Free"" label?",yes,yes|no|unknown,The packaging includes a 'Gluten Free' claim/label.
43,"Amazon Brand - Mama Bear, Vegetarian Kids Black Elderberry Gummies 300 mg with Vitamins C, D, E and Zinc - Immune System Support - 60 Gummies (1 to 2 Month Supply), Non-GMO, Gluten Free",level_2,existence,high,"Does the packaging show the text ""KIDS BLACK ELDERBERRY""?",yes,yes|no|unknown,The packaging shows the text 'KIDS BLACK ELDERBERRY'.
43,"Amazon Brand - Mama Bear, Vegetarian Kids Black Elderberry Gummies 300 mg with Vitamins C, D, E and Zinc - Immune System Support - 60 Gummies (1 to 2 Month Supply), Non-GMO, Gluten Free",level_2,existence,high,Is the bottle transparent with visible gummies inside?,yes,yes|no|unknown,The bottle is transparent with visible gummies inside.
43,"Amazon Brand - Mama Bear, Vegetarian Kids Black Elderberry Gummies 300 mg with Vitamins C, D, E and Zinc - Immune System Support - 60 Gummies (1 to 2 Month Supply), Non-GMO, Gluten Free",level_2,counting,high,"Does the packaging state ""60 Gummies""?",yes,yes|no|unknown,The packaging states '60 Gummies'.
43,"Amazon Brand - Mama Bear, Vegetarian Kids Black Elderberry Gummies 300 mg with Vitamins C, D, E and Zinc - Immune System Support - 60 Gummies (1 to 2 Month Supply), Non-GMO, Gluten Free",level_2,color,low,Does the bottle have a purple cap?,yes,yes|no|unknown,The bottle has a purple cap.
43,"Amazon Brand - Mama Bear, Vegetarian Kids Black Elderberry Gummies 300 mg with Vitamins C, D, E and Zinc - Immune System Support - 60 Gummies (1 to 2 Month Supply), Non-GMO, Gluten Free",level_2,others,high,Does the label have a cartoon bear logo?,yes,yes|no|unknown,The label has a cartoon bear logo.
46,"Eono Amazon Brand Large Foldable Laundry Baskets, Foldable Laundry Bags, Clothes Bag, blue, x-large",level_1,existence,high,Is a laundry basket or bag for holding clothes depicted?,yes,yes|no|unknown,A laundry basket/bag intended for holding clothes is depicted.
46,"Eono Amazon Brand Large Foldable Laundry Baskets, Foldable Laundry Bags, Clothes Bag, blue, x-large",level_1,shape,medium,Does the main object have an opening suitable for placing laundry inside?,yes,yes|no|unknown,The item is a container with an opening suitable for placing laundry inside.
46,"Eono Amazon Brand Large Foldable Laundry Baskets, Foldable Laundry Bags, Clothes Bag, blue, x-large",level_1,color,high,Is the laundry basket/bag blue as the primary visible color?,yes,yes|no|unknown,The laundry basket/bag is blue as the primary visible color.
46,"Eono Amazon Brand Large Foldable Laundry Baskets, Foldable Laundry Bags, Clothes Bag, blue, x-large",level_1,others,high,Is the item foldable or collapsible?,yes,yes|no|unknown,"The item appears to be foldable/collapsible (i.e., not a rigid hard-shell basket)."
46,"Eono Amazon Brand Large Foldable Laundry Baskets, Foldable Laundry Bags, Clothes Bag, blue, x-large",level_2,existence,medium,"Is the laundry basket made of a flexible, fabric-like material?",yes,yes|no|unknown,"The container appears to be made of a flexible material (e.g., fabric-like), consistent with a foldable laundry bag/basket."
46,"Eono Amazon Brand Large Foldable Laundry Baskets, Foldable Laundry Bags, Clothes Bag, blue, x-large",level_2,color,high,Is the main object blue?,yes,yes|no|unknown,No other color dominates the item more than blue.
46,"Eono Amazon Brand Large Foldable Laundry Baskets, Foldable Laundry Bags, Clothes Bag, blue, x-large",level_2,others,medium,Does the bag have a drawstring top?,yes,yes|no|unknown,The bag has a drawstring top.
46,"Eono Amazon Brand Large Foldable Laundry Baskets, Foldable Laundry Bags, Clothes Bag, blue, x-large",level_3,others,medium,"Does the front of the bag have white printed text reading ""wash me""?",yes,yes|no|unknown,The front of the bag has white printed text reading 'wash me'.
46,"Eono Amazon Brand Large Foldable Laundry Baskets, Foldable Laundry Bags, Clothes Bag, blue, x-large",level_3,others,medium,Is a white smiley face printed on the bag?,yes,yes|no|unknown,A white smiley face is printed on the bag.
49,"Rivet Corwin Modern Reactive-Glaze Stoneware 18-Piece Dinnerware Set, Service for 6, Atacama Blue",level_1,existence,high,Is a coordinated dinnerware set depicted?,yes,yes|no|unknown,A coordinated dinnerware set is depicted.
49,"Rivet Corwin Modern Reactive-Glaze Stoneware 18-Piece Dinnerware Set, Service for 6, Atacama Blue",level_1,relation,high,Do all the pieces appear to belong to the same matching collection with the same general design and glaze?,yes,yes|no|unknown,All pieces appear to belong to the same matching collection (same general design and glaze).
49,"Rivet Corwin Modern Reactive-Glaze Stoneware 18-Piece Dinnerware Set, Service for 6, Atacama Blue",level_1,color,high,Is the dinnerware predominantly blue in color?,yes,yes|no|unknown,The dinnerware is predominantly blue in color (Atacama Blue).
49,"Rivet Corwin Modern Reactive-Glaze Stoneware 18-Piece Dinnerware Set, Service for 6, Atacama Blue",level_1,others,medium,Do the visible pieces look like ceramic dinnerware with a glossy glazed finish?,yes,yes|no|unknown,The visible pieces appear to be ceramic dinnerware with a glossy glazed finish.
49,"Rivet Corwin Modern Reactive-Glaze Stoneware 18-Piece Dinnerware Set, Service for 6, Atacama Blue",level_2,existence,medium,Are there at least three distinct dinnerware item types among the 18 pieces?,yes,yes|no|unknown,"At least three distinct dinnerware item types are present among the 18 pieces (e.g., different plate/bowl forms)."
51,"Girls' Petite Sterling Silver Birthstone Open Heart Stud Earrings and 16"" Pendant Necklace Jewelry Set",level_1,existence,high,Is a jewelry set with earrings and a necklace shown?,yes,yes|no|unknown,A jewelry set is shown that includes earrings and a necklace.
51,"Girls' Petite Sterling Silver Birthstone Open Heart Stud Earrings and 16"" Pendant Necklace Jewelry Set",level_1,counting,high,Are two earrings shown as a matching pair?,yes,yes|no|unknown,Two earrings are shown as a matching pair.
51,"Girls' Petite Sterling Silver Birthstone Open Heart Stud Earrings and 16"" Pendant Necklace Jewelry Set",level_1,counting,high,Is one necklace shown?,yes,yes|no|unknown,One necklace is shown.
51,"Girls' Petite Sterling Silver Birthstone Open Heart Stud Earrings and 16"" Pendant Necklace Jewelry Set",level_1,relation,medium,Do the earrings and necklace look like a coordinated set with a similar metal finish and overall style?,yes,yes|no|unknown,The earrings and necklace are presented as a coordinated set (visually similar metal finish and overall style).
51,"Girls' Petite Sterling Silver Birthstone Open Heart Stud Earrings and 16"" Pendant Necklace Jewelry Set",level_1,shape,high,Do the earrings have an open heart shape?,yes,yes|no|unknown,Each earring has an open heart shape (a heart outline with an empty center).
51,"Girls' Petite Sterling Silver Birthstone Open Heart Stud Earrings and 16"" Pendant Necklace Jewelry Set",level_1,color,high,Does the jewelry metal appear silver-colored?,yes,yes|no|unknown,The jewelry metal appears silver-colored.
51,"Girls' Petite Sterling Silver Birthstone Open Heart Stud Earrings and 16"" Pendant Necklace Jewelry Set",level_2,existence,high,Does each earring include a visible gemstone?,yes,yes|no|unknown,Each earring includes a visible gemstone.
51,"Girls' Petite Sterling Silver Birthstone Open Heart Stud Earrings and 16"" Pendant Necklace Jewelry Set",level_2,existence,high,Does the pendant contain a visible gemstone?,yes,yes|no|unknown,The pendant contains a visible gemstone.
51,"Girls' Petite Sterling Silver Birthstone Open Heart Stud Earrings and 16"" Pendant Necklace Jewelry Set",level_2,counting,high,"Are there two open-heart stud earrings, one on the left and one on the right?",yes,yes|no|unknown,There is one open-heart stud earring on the left and one on the right (a pair).
51,"Girls' Petite Sterling Silver Birthstone Open Heart Stud Earrings and 16"" Pendant Necklace Jewelry Set",level_2,relation,high,Is the gemstone set into each open-heart earring?,yes,yes|no|unknown,The gemstone is set into each open-heart earring.
51,"Girls' Petite Sterling Silver Birthstone Open Heart Stud Earrings and 16"" Pendant Necklace Jewelry Set",level_2,relation,high,Does the necklace have a pendant attached to its chain?,yes,yes|no|unknown,The necklace includes a chain with a pendant attached.
51,"Girls' Petite Sterling Silver Birthstone Open Heart Stud Earrings and 16"" Pendant Necklace Jewelry Set",level_2,shape,medium,Are the earrings stud-style?,yes,yes|no|unknown,"The earrings are stud-style (compact, not hoops and not long/dangling)."
51,"Girls' Petite Sterling Silver Birthstone Open Heart Stud Earrings and 16"" Pendant Necklace Jewelry Set",level_2,color,medium,Are the gemstones visibly colored?,yes,yes|no|unknown,The gemstones are visibly colored (not purely metallic).
51,"Girls' Petite Sterling Silver Birthstone Open Heart Stud Earrings and 16"" Pendant Necklace Jewelry Set",level_3,counting,medium,Does each earring have exactly one gemstone?,yes,yes|no|unknown,Each earring has exactly one gemstone.
54,"365 Everyday Value, Organic Ground Cloves Ground, 1.87 oz",level_1,existence,high,Is a packaged retail product for ground cloves shown?,yes,yes|no|unknown,A packaged retail product for ground cloves is shown.
54,"365 Everyday Value, Organic Ground Cloves Ground, 1.87 oz",level_1,counting,medium,Is exactly one product package or container shown as the main subject?,yes,yes|no|unknown,Exactly one product package/container is shown as the main subject.
54,"365 Everyday Value, Organic Ground Cloves Ground, 1.87 oz",level_1,relation,medium,Does the product packaging have visible label or printing on it?,yes,yes|no|unknown,The product packaging has a visible label/printing on it.
54,"365 Everyday Value, Organic Ground Cloves Ground, 1.87 oz",level_1,shape,low,Is the product packaged in a glass jar with a black lid?,yes,yes|no|unknown,The product is packaged in a glass jar with a black lid.
54,"365 Everyday Value, Organic Ground Cloves Ground, 1.87 oz",level_1,color,low,Is brown ground spice visible through the jar?,yes,yes|no|unknown,Brown ground spice is visible through the jar.
54,"365 Everyday Value, Organic Ground Cloves Ground, 1.87 oz",level_2,existence,high,"Does the product packaging show the text ""365 Everyday Value""?",yes,yes|no|unknown,"The text ""365 Everyday Value"" appears on the product packaging."
54,"365 Everyday Value, Organic Ground Cloves Ground, 1.87 oz",level_2,relation,high,"Does the product packaging show the text ""Organic Ground Cloves"" as the product name or type?",yes,yes|no|unknown,"The text ""Organic Ground Cloves"" appears on the product packaging as the product name/type."
54,"365 Everyday Value, Organic Ground Cloves Ground, 1.87 oz",level_2,others,medium,"Does the product packaging include the word ""Ground""?",yes,yes|no|unknown,"The word ""Ground"" appears on the product packaging as a form/description."
54,"365 Everyday Value, Organic Ground Cloves Ground, 1.87 oz",level_3,existence,high,"Does the product packaging show the net weight ""1.87 oz""?",yes,yes|no|unknown,"The net weight ""1.87 oz"" appears on the product packaging."
54,"365 Everyday Value, Organic Ground Cloves Ground, 1.87 oz",level_3,existence,high,Does the label show a USDA Organic seal?,yes,yes|no|unknown,A USDA Organic seal appears on the label.
54,"365 Everyday Value, Organic Ground Cloves Ground, 1.87 oz",level_3,color,low,Does the label background use light green and beige colors?,yes,yes|no|unknown,The label background uses light green and beige colors/design.
56,"Amazon Essentials Sox Sandal, Natural, ((8.5 M) US",level_1,existence,high,Is a sandal-style footwear item depicted?,yes,yes|no|unknown,A sandal-style footwear item is depicted.
56,"Amazon Essentials Sox Sandal, Natural, ((8.5 M) US",level_1,shape,medium,Does the footwear have an open-toe sandal construction?,yes,yes|no|unknown,The footwear has an open-toe sandal construction (toes are not fully enclosed).
56,"Amazon Essentials Sox Sandal, Natural, ((8.5 M) US",level_1,color,high,"Is the sandal shown in a light neutral natural color such as beige, tan, or off-white as the dominant visible color?",yes,yes|no|unknown,"The sandal is shown in a light neutral 'natural' color (e.g., beige/tan/off-white) as the dominant visible color."
56,"Amazon Essentials Sox Sandal, Natural, ((8.5 M) US",level_2,existence,medium,Does the sandal have a sole or footbed and at least one upper strap securing the foot to it?,yes,yes|no|unknown,The sandal includes a sole/footbed and at least one upper component/strap securing the foot to the sole.
56,"Amazon Essentials Sox Sandal, Natural, ((8.5 M) US",level_2,existence,medium,Does the sandal have a strap across the top of the foot?,yes,yes|no|unknown,The sandal has a strap across the top of the foot.
56,"Amazon Essentials Sox Sandal, Natural, ((8.5 M) US",level_2,existence,medium,Does the sandal have an ankle strap with a metal buckle?,yes,yes|no|unknown,The sandal has an ankle strap with a metal buckle.
56,"Amazon Essentials Sox Sandal, Natural, ((8.5 M) US",level_2,existence,medium,Does the sandal have a toe post between the big toe and second toe?,yes,yes|no|unknown,The sandal has a toe post between the big toe and second toe.
56,"Amazon Essentials Sox Sandal, Natural, ((8.5 M) US",level_2,shape,medium,Does the sole or footbed have a foot-shaped outline?,yes,yes|no|unknown,The sole/footbed follows a foot-shaped outline.
56,"Amazon Essentials Sox Sandal, Natural, ((8.5 M) US",level_2,color,medium,Do the sole/footbed and upper components of the sandal appear in the same natural or light-neutral color family?,yes,yes|no|unknown,The sole/footbed and upper components appear within the same natural/light-neutral color family (not a highly saturated or dark colorway).
56,"Amazon Essentials Sox Sandal, Natural, ((8.5 M) US",level_2,others,low,Is the item an Amazon Essentials Sox Sandal?,yes,yes|no|unknown,The item is an Amazon Essentials Sox Sandal.
56,"Amazon Essentials Sox Sandal, Natural, ((8.5 M) US",level_2,others,low,Is the size designation 8.5 M US?,yes,yes|no|unknown,The size designation is 8.5 M US.
56,"Amazon Essentials Sox Sandal, Natural, ((8.5 M) US",level_3,shape,low,Is the sole flat?,yes,yes|no|unknown,The sole is flat.
56,"Amazon Essentials Sox Sandal, Natural, ((8.5 M) US",level_3,others,medium,Does the sole edge have visible stitching?,yes,yes|no|unknown,The sole edge has visible stitching.
58,Flavia Women's Grey Running Shoes-9 UK (41 EU) (10 US) (FKT/FB-02/GRY),level_1,existence,high,Are running shoes depicted?,yes,yes|no|unknown,Running shoes are depicted.
58,Flavia Women's Grey Running Shoes-9 UK (41 EU) (10 US) (FKT/FB-02/GRY),level_1,counting,high,Is one shoe visible?,yes,yes|no|unknown,One shoe is visible.
58,Flavia Women's Grey Running Shoes-9 UK (41 EU) (10 US) (FKT/FB-02/GRY),level_1,shape,high,Do the shoes have a sneaker or running-shoe shape?,yes,yes|no|unknown,"Each shoe has a sneaker/running-shoe form (closed toe, low-cut shoe shape with a distinct sole)."
58,Flavia Women's Grey Running Shoes-9 UK (41 EU) (10 US) (FKT/FB-02/GRY),level_2,existence,medium,Do both shoes have visible soles suitable for running?,yes,yes|no|unknown,Each shoe has a visible sole that appears suitable for athletic/running use.
58,Flavia Women's Grey Running Shoes-9 UK (41 EU) (10 US) (FKT/FB-02/GRY),level_2,shape,low,Is the shoe slip-on style with no laces?,yes,yes|no|unknown,The shoe is slip-on style with no laces.
58,Flavia Women's Grey Running Shoes-9 UK (41 EU) (10 US) (FKT/FB-02/GRY),level_2,shape,low,Is the sole flat?,yes,yes|no|unknown,The sole is flat.
58,Flavia Women's Grey Running Shoes-9 UK (41 EU) (10 US) (FKT/FB-02/GRY),level_2,color,medium,Does the upper have a multicolored zigzag pattern?,yes,yes|no|unknown,The upper has a multicolored zigzag pattern.
58,Flavia Women's Grey Running Shoes-9 UK (41 EU) (10 US) (FKT/FB-02/GRY),level_2,color,medium,Is the sole white?,yes,yes|no|unknown,The sole is white.
58,Flavia Women's Grey Running Shoes-9 UK (41 EU) (10 US) (FKT/FB-02/GRY),level_2,color,medium,Is a grey heel counter visible?,yes,yes|no|unknown,A grey heel counter is visible.
58,Flavia Women's Grey Running Shoes-9 UK (41 EU) (10 US) (FKT/FB-02/GRY),level_3,shape,low,Is there a pull tab at the heel?,yes,yes|no|unknown,A pull tab is present at the heel.
58,Flavia Women's Grey Running Shoes-9 UK (41 EU) (10 US) (FKT/FB-02/GRY),level_3,others,high,Does the material appear woven or knitted?,yes,yes|no|unknown,The material appears woven or knitted.
60,"Whole Foods Market, Red Yeast Rice 600mg, 60 ct",level_1,existence,high,Is a packaged Whole Foods Market product shown?,yes,yes|no|unknown,A packaged product labeled as a Whole Foods Market item is shown.
60,"Whole Foods Market, Red Yeast Rice 600mg, 60 ct",level_1,others,high,Does the packaging or label include readable text identifying the product?,yes,yes|no|unknown,The product’s packaging/label includes readable text indicating the product identity.
60,"Whole Foods Market, Red Yeast Rice 600mg, 60 ct",level_2,existence,high,"Does the packaging/label show the brand name ""Whole Foods Market""?",yes,yes|no|unknown,The packaging/label shows the brand name 'Whole Foods Market'.
60,"Whole Foods Market, Red Yeast Rice 600mg, 60 ct",level_2,existence,high,"Does the packaging or label show the product name ""Red Yeast Rice""?",yes,yes|no|unknown,The packaging/label shows the product name 'Red Yeast Rice'.
60,"Whole Foods Market, Red Yeast Rice 600mg, 60 ct",level_2,existence,high,"Does the packaging label show the dosage ""600mg""?",yes,yes|no|unknown,The packaging/label shows the dosage '600mg'.
60,"Whole Foods Market, Red Yeast Rice 600mg, 60 ct",level_2,existence,high,Does the packaging show a count of 60 ct?,yes,yes|no|unknown,The packaging/label shows the count '60 ct'.
60,"Whole Foods Market, Red Yeast Rice 600mg, 60 ct",level_2,relation,medium,"Do the texts 'Whole Foods Market', 'Red Yeast Rice', '600mg', and '60 ct' all refer to the same product shown?",yes,yes|no|unknown,"The texts 'Whole Foods Market', 'Red Yeast Rice', '600mg', and '60 ct' all refer to the same single product shown."
60,"Whole Foods Market, Red Yeast Rice 600mg, 60 ct",level_3,others,high,Does the bottle have a black cap?,yes,yes|no|unknown,The bottle has a black cap.
60,"Whole Foods Market, Red Yeast Rice 600mg, 60 ct",level_3,others,high,Does the label background have an orange and yellow gradient?,yes,yes|no|unknown,The label background has an orange and yellow gradient.
60,"Whole Foods Market, Red Yeast Rice 600mg, 60 ct",level_3,others,high,Does the label include a silhouette of a tree?,yes,yes|no|unknown,The label has a silhouette of a tree.
65,"365 EVERYDAY VALUE Artichoke Quarters, 14.1 OZ",level_1,existence,high,Is a packaged food product shown?,yes,yes|no|unknown,A packaged food product is shown.
65,"365 EVERYDAY VALUE Artichoke Quarters, 14.1 OZ",level_1,shape,low,Is the product shown in a cylindrical can?,yes,yes|no|unknown,The product is shown in a cylindrical can.
65,"365 EVERYDAY VALUE Artichoke Quarters, 14.1 OZ",level_1,color,low,Does the can have a silver top and bottom?,yes,yes|no|unknown,The can has silver top and bottom.
65,"365 EVERYDAY VALUE Artichoke Quarters, 14.1 OZ",level_2,existence,high,Does the label show the brand text '365'?,yes,yes|no|unknown,The label shows the brand text '365'.
65,"365 EVERYDAY VALUE Artichoke Quarters, 14.1 OZ",level_2,existence,high,"Does the label show the text ""EVERYDAY VALUE""?",yes,yes|no|unknown,The label shows the text 'EVERYDAY VALUE'.
65,"365 EVERYDAY VALUE Artichoke Quarters, 14.1 OZ",level_2,existence,high,Does the label show the net contents text '14.1 OZ'?,yes,yes|no|unknown,The label shows the net contents text '14.1 OZ'.
65,"365 EVERYDAY VALUE Artichoke Quarters, 14.1 OZ",level_2,existence,high,"Does the label show ""Artichoke Hearts"" in large font?",yes,yes|no|unknown,The label shows 'Artichoke Hearts' in large font.
65,"365 EVERYDAY VALUE Artichoke Quarters, 14.1 OZ",level_2,existence,high,"Does the label show the text ""QUARTERED"" in a blue box?",yes,yes|no|unknown,The label shows the text 'QUARTERED' in a blue box.
65,"365 EVERYDAY VALUE Artichoke Quarters, 14.1 OZ",level_2,relation,high,"Do the texts ""365"" and ""EVERYDAY VALUE"" appear as part of the same brand or label on the package?",yes,yes|no|unknown,The texts '365' and 'EVERYDAY VALUE' appear as part of the same brand/label on the package.
65,"365 EVERYDAY VALUE Artichoke Quarters, 14.1 OZ",level_2,relation,high,"Does the package show the text ""14.1 OZ"" as its stated size or weight?",yes,yes|no|unknown,The text '14.1 OZ' appears as the product’s stated size/weight on the same package.
65,"365 EVERYDAY VALUE Artichoke Quarters, 14.1 OZ",level_2,relation,high,Does the 'QUARTERED' marking indicate that the artichoke hearts are quartered?,yes,yes|no|unknown,The 'QUARTERED' marking indicates the artichoke hearts are quartered.
65,"365 EVERYDAY VALUE Artichoke Quarters, 14.1 OZ",level_3,others,high,Does the label include an image of quartered artichoke hearts?,yes,yes|no|unknown,The label includes an image of quartered artichoke hearts.
65,"365 EVERYDAY VALUE Artichoke Quarters, 14.1 OZ",level_3,others,high,Does the label include a green USDA Organic seal?,yes,yes|no|unknown,The label includes a green USDA Organic seal.
65,"365 EVERYDAY VALUE Artichoke Quarters, 14.1 OZ",level_3,others,high,Does the label have a blue stripe at the bottom?,yes,yes|no|unknown,The label has a blue stripe at the bottom.
69,Ravenna Home Cross Flush Mounted Wooden Coffee Table,level_1,existence,high,Is a coffee table depicted?,yes,yes|no|unknown,A coffee table is depicted.
69,Ravenna Home Cross Flush Mounted Wooden Coffee Table,level_1,shape,medium,Does the table have a flat tabletop surface?,yes,yes|no|unknown,The table has a flat tabletop surface.
69,Ravenna Home Cross Flush Mounted Wooden Coffee Table,level_1,size,medium,Is the table coffee-table height?,yes,yes|no|unknown,The table appears low (coffee-table height rather than dining-table height).
69,Ravenna Home Cross Flush Mounted Wooden Coffee Table,level_2,existence,high,Is the table made of wood with visible wood grain?,yes,yes|no|unknown,The table is made of wood (visible wood material/wood grain).
69,Ravenna Home Cross Flush Mounted Wooden Coffee Table,level_2,existence,high,Is there a cross-shaped support or brace in the table’s base?,yes,yes|no|unknown,A cross-shaped support/brace structure is present as part of the table’s base/understructure.
69,Ravenna Home Cross Flush Mounted Wooden Coffee Table,level_2,relation,high,Is the cross-shaped support/brace attached to the table as part of its leg or base structure?,yes,yes|no|unknown,The cross-shaped support/brace is attached to the table (part of the leg/base structure rather than a separate object).
69,Ravenna Home Cross Flush Mounted Wooden Coffee Table,level_2,shape,high,Does the base form a cross or X-like configuration with intersecting members?,yes,yes|no|unknown,The base/understructure forms a cross/X-like configuration when viewed from an appropriate angle (intersecting members).
69,Ravenna Home Cross Flush Mounted Wooden Coffee Table,level_2,others,medium,Does the cross support appear flush-mounted where the members meet?,yes,yes|no|unknown,The cross support/brace appears flush-mounted (the connected members meet without an obvious protruding/raised offset at the mounting point).
70,"Amazon Brand – Stone & Beam Sophia Modern Swivel Kitchen Bar Stool, 43.3""H, Merlot",level_1,existence,high,Is there a single kitchen or bar stool shown?,yes,yes|no|unknown,A single kitchen/bar stool is depicted.
70,"Amazon Brand – Stone & Beam Sophia Modern Swivel Kitchen Bar Stool, 43.3""H, Merlot",level_1,counting,high,Is exactly one stool shown?,yes,yes|no|unknown,Exactly one stool is shown.
70,"Amazon Brand – Stone & Beam Sophia Modern Swivel Kitchen Bar Stool, 43.3""H, Merlot",level_1,shape,medium,Does the object have the overall form of a tall bar stool with a seat elevated above the ground by a base or legs?,yes,yes|no|unknown,The object has the overall form of a tall bar stool (a seat elevated above the ground by a base/legs).
70,"Amazon Brand – Stone & Beam Sophia Modern Swivel Kitchen Bar Stool, 43.3""H, Merlot",level_1,size,medium,Is the stool tall like a bar-height or counter-height stool?,yes,yes|no|unknown,The stool appears tall like a bar-height/counter-height stool (not a low chair).
70,"Amazon Brand – Stone & Beam Sophia Modern Swivel Kitchen Bar Stool, 43.3""H, Merlot",level_1,color,high,Is the stool merlot-colored on its primary visible surfaces?,yes,yes|no|unknown,The stool is merlot-colored (a dark red/wine-red appearance) on its primary visible surfaces.
70,"Amazon Brand – Stone & Beam Sophia Modern Swivel Kitchen Bar Stool, 43.3""H, Merlot",level_2,existence,high,Is there a seat at the top of the stool?,yes,yes|no|unknown,A seat is present at the top of the stool.
70,"Amazon Brand – Stone & Beam Sophia Modern Swivel Kitchen Bar Stool, 43.3""H, Merlot",level_2,existence,high,Are supporting legs or a base present beneath the seat?,yes,yes|no|unknown,A supporting base/legs are present beneath the seat.
70,"Amazon Brand – Stone & Beam Sophia Modern Swivel Kitchen Bar Stool, 43.3""H, Merlot",level_2,existence,high,Is there a footrest below the seat?,yes,yes|no|unknown,A footrest element is present (a bar/ring/rails positioned below the seat for feet).
70,"Amazon Brand – Stone & Beam Sophia Modern Swivel Kitchen Bar Stool, 43.3""H, Merlot",level_2,existence,high,Is there a backrest?,yes,yes|no|unknown,A backrest is present.
70,"Amazon Brand – Stone & Beam Sophia Modern Swivel Kitchen Bar Stool, 43.3""H, Merlot",level_2,relation,high,Is the seat supported above the ground by the base or legs?,yes,yes|no|unknown,The seat is supported above the ground by the base/legs.
70,"Amazon Brand – Stone & Beam Sophia Modern Swivel Kitchen Bar Stool, 43.3""H, Merlot",level_2,relation,high,Is the footrest attached to the base or legs below the seat?,yes,yes|no|unknown,The footrest is attached to the base/legs below the seat.
70,"Amazon Brand – Stone & Beam Sophia Modern Swivel Kitchen Bar Stool, 43.3""H, Merlot",level_2,color,high,"Is the seat, and backrest if present, merlot (dark red/wine-red)?",yes,yes|no|unknown,The merlot (dark red/wine-red) color is visible on the seat (and backrest if present).
70,"Amazon Brand – Stone & Beam Sophia Modern Swivel Kitchen Bar Stool, 43.3""H, Merlot",level_3,existence,low,Is the seat and backrest upholstered in fabric?,yes,yes|no|unknown,The seat and backrest are upholstered in fabric.
70,"Amazon Brand – Stone & Beam Sophia Modern Swivel Kitchen Bar Stool, 43.3""H, Merlot",level_3,existence,low,Does the stool have four wooden legs?,yes,yes|no|unknown,The stool has four wooden legs.
70,"Amazon Brand – Stone & Beam Sophia Modern Swivel Kitchen Bar Stool, 43.3""H, Merlot",level_3,relation,low,Is there a horizontal crossbar bracing the legs below the seat?,yes,yes|no|unknown,A horizontal crossbar braces the legs below the seat.
70,"Amazon Brand – Stone & Beam Sophia Modern Swivel Kitchen Bar Stool, 43.3""H, Merlot",level_3,shape,low,Are the legs tapered?,yes,yes|no|unknown,The legs are tapered.
70,"Amazon Brand – Stone & Beam Sophia Modern Swivel Kitchen Bar Stool, 43.3""H, Merlot",level_3,color,low,Are the legs light brown in color?,yes,yes|no|unknown,The legs are light brown in color.
72,"Amazon Brand - Vedaka Black Peppercorn (Kali Mirch), 100g",level_1,existence,high,Is a packaged consumer product of black peppercorns shown?,yes,yes|no|unknown,A packaged consumer product of black peppercorns is shown.
72,"Amazon Brand - Vedaka Black Peppercorn (Kali Mirch), 100g",level_1,counting,medium,Is exactly one primary product package or container shown?,yes,yes|no|unknown,Exactly one primary product package/container is shown.
72,"Amazon Brand - Vedaka Black Peppercorn (Kali Mirch), 100g",level_1,shape,low,Is the package a pouch-style bag?,yes,yes|no|unknown,The package is a pouch-style bag.
72,"Amazon Brand - Vedaka Black Peppercorn (Kali Mirch), 100g",level_1,color,low,Is the package grayish?,yes,yes|no|unknown,The package is grayish.
72,"Amazon Brand - Vedaka Black Peppercorn (Kali Mirch), 100g",level_1,others,low,Does the package have a clear front window showing peppercorns inside?,yes,yes|no|unknown,The package has a clear front window showing peppercorns inside.
72,"Amazon Brand - Vedaka Black Peppercorn (Kali Mirch), 100g",level_2,existence,high,"Is the branding ""Vedaka"" visible on the package?",yes,yes|no|unknown,Branding for 'Vedaka' is visible on the package.
72,"Amazon Brand - Vedaka Black Peppercorn (Kali Mirch), 100g",level_2,existence,high,Are black peppercorns shown on the package?,yes,yes|no|unknown,The product name indicates black peppercorns on the package.
72,"Amazon Brand - Vedaka Black Peppercorn (Kali Mirch), 100g",level_2,relation,medium,Do the brand name text and the product name text appear on the same package?,yes,yes|no|unknown,The brand and product name text appear on the same package shown.
72,"Amazon Brand - Vedaka Black Peppercorn (Kali Mirch), 100g",level_3,existence,high,"Is the text ""Vedaka"" visible on the packaging?",yes,yes|no|unknown,The text 'Vedaka' is visible on the packaging.
72,"Amazon Brand - Vedaka Black Peppercorn (Kali Mirch), 100g",level_3,existence,high,"Is the text ""Black Peppercorn"" visible on the packaging?",yes,yes|no|unknown,The text 'Black Peppercorn' is visible on the packaging.
72,"Amazon Brand - Vedaka Black Peppercorn (Kali Mirch), 100g",level_3,existence,high,Is the brand name 'vedāka' printed vertically on the bag?,yes,yes|no|unknown,The brand name 'vedāka' is printed vertically on the bag.
72,"Amazon Brand - Vedaka Black Peppercorn (Kali Mirch), 100g",level_3,others,low,Is a circular logo with text and a peppercorn image visible on the package?,yes,yes|no|unknown,A circular logo with text and a peppercorn image is visible on the package.
72,"Amazon Brand - Vedaka Black Peppercorn (Kali Mirch), 100g",level_3,others,low,Is there a green square logo with a white symbol on the lower left of the bag?,yes,yes|no|unknown,A green square logo with a white symbol is visible on the lower left of the bag.
74,"Jamaican Style Salad, 12.98 oz",level_1,existence,high,Is a salad depicted?,yes,yes|no|unknown,A salad (food dish) is depicted.
74,"Jamaican Style Salad, 12.98 oz",level_1,existence,high,Is a clear plastic food container with a lid depicted?,yes,yes|no|unknown,A clear plastic food container with a lid is depicted.
74,"Jamaican Style Salad, 12.98 oz",level_1,others,high,"Is the text ""Jamaican Style Salad"" visibly present?",yes,yes|no|unknown,"The text ""Jamaican Style Salad"" is visibly present in the image."
74,"Jamaican Style Salad, 12.98 oz",level_2,others,low,Does the container have a white label with a black vertical stripe?,yes,yes|no|unknown,The container has a white label with a black vertical stripe.
74,"Jamaican Style Salad, 12.98 oz",level_3,others,low,"Are green leafy vegetables, red and yellow food pieces, and white sauce or dressing visible inside the container?",yes,yes|no|unknown,"Green leafy vegetables, red and yellow food pieces, and white sauce or dressing are visible inside the container."
75,"365 Everyday Value, Milk Chocolate Jumbo Baking Chips, 10 oz",level_1,existence,high,Is a retail package of 365 Everyday Value milk chocolate jumbo baking chips shown?,yes,yes|no|unknown,A retail product package/container is shown for '365 Everyday Value' milk chocolate jumbo baking chips.
75,"365 Everyday Value, Milk Chocolate Jumbo Baking Chips, 10 oz",level_1,counting,medium,Is exactly one product package shown as the main subject?,yes,yes|no|unknown,Exactly one product package/container is shown as the primary subject.
75,"365 Everyday Value, Milk Chocolate Jumbo Baking Chips, 10 oz",level_1,others,high,Is the image in color?,yes,yes|no|unknown,The image is a color image (not purely grayscale).
75,"365 Everyday Value, Milk Chocolate Jumbo Baking Chips, 10 oz",level_2,existence,high,"Does the package show the brand text ""365 Everyday Value""?",yes,yes|no|unknown,The package shows the brand text '365 Everyday Value'.
75,"365 Everyday Value, Milk Chocolate Jumbo Baking Chips, 10 oz",level_2,existence,high,"Does the package show the product text ""Milk Chocolate""?",yes,yes|no|unknown,The package shows the product text 'Milk Chocolate'.
75,"365 Everyday Value, Milk Chocolate Jumbo Baking Chips, 10 oz",level_2,existence,high,"Does the package show the product text ""Jumbo Baking Chips""?",yes,yes|no|unknown,The package shows the product text 'Jumbo Baking Chips'.
75,"365 Everyday Value, Milk Chocolate Jumbo Baking Chips, 10 oz",level_2,existence,high,"Does the package show the net weight text ""10 oz""?",yes,yes|no|unknown,The package shows the net weight text '10 oz'.
75,"365 Everyday Value, Milk Chocolate Jumbo Baking Chips, 10 oz",level_2,existence,high,"Does the package show the size label ""JUMBO""?",yes,yes|no|unknown,The package shows the size label 'JUMBO'.
75,"365 Everyday Value, Milk Chocolate Jumbo Baking Chips, 10 oz",level_2,relation,medium,"Do the texts '365 Everyday Value', 'Milk Chocolate', 'Jumbo Baking Chips', and '10 oz' all appear on the same product package or container?",yes,yes|no|unknown,"The texts '365 Everyday Value', 'Milk Chocolate', 'Jumbo Baking Chips', and '10 oz' appear on the same product package/container."
75,"365 Everyday Value, Milk Chocolate Jumbo Baking Chips, 10 oz",level_2,others,medium,Are the required texts legible enough to be read from the image pixels?,yes,yes|no|unknown,The required texts are legible enough to be read from the image pixels.
80,Flavia Women's Clutch (Kahki),level_1,existence,high,Is a clutch-style handbag or purse depicted?,yes,yes|no|unknown,A clutch-style handbag/purse is depicted.
80,Flavia Women's Clutch (Kahki),level_1,counting,high,Is exactly one clutch handbag or purse shown as the main subject?,yes,yes|no|unknown,Exactly one clutch handbag/purse is shown as the main subject.
80,Flavia Women's Clutch (Kahki),level_1,shape,medium,"Does the bag have a compact, clutch-like form?",yes,yes|no|unknown,"The bag has a compact, clutch-like form (small handbag intended to be held in one hand)."
80,Flavia Women's Clutch (Kahki),level_1,color,high,Is the clutch’s exterior khaki-colored?,yes,yes|no|unknown,The clutch’s exterior is khaki-colored (a muted beige/tan/greenish-brown tone) as the dominant color.
80,Flavia Women's Clutch (Kahki),level_2,existence,high,"Does the clutch or its attached tag show the name ""Flavia""?",yes,yes|no|unknown,"Visible branding/labeling indicating the name ""Flavia"" appears on the clutch or on an attached tag/label that is part of the product depiction."
80,Flavia Women's Clutch (Kahki),level_2,relation,medium,"Is the ""Flavia"" branding or label physically on the clutch or on an attached tag or label?",yes,yes|no|unknown,"The ""Flavia"" branding/label is physically on the clutch itself or on an attached tag/label associated with the clutch (not a separate caption or overlay)."
80,Flavia Women's Clutch (Kahki),level_2,color,medium,Is khaki visible on the main exterior panels of the clutch?,yes,yes|no|unknown,The khaki color is visible on the main exterior panels of the clutch (not only on minor accents).
80,Flavia Women's Clutch (Kahki),level_3,others,high,"Is the brand name spelled ""Flavia""?",yes,yes|no|unknown,"If the brand name is readable, it is spelled ""Flavia""."
80,Flavia Women's Clutch (Kahki),level_3,others,high,Does the clutch have a flap or fold-over closure?,yes,yes|no|unknown,The clutch has a flap/fold-over closure.
80,Flavia Women's Clutch (Kahki),level_3,others,high,Is a metallic chain shoulder strap attached?,yes,yes|no|unknown,A metallic chain shoulder strap is attached.
80,Flavia Women's Clutch (Kahki),level_3,others,high,Does the clutch have a textured lower section?,yes,yes|no|unknown,The clutch has a textured lower section.
81,"Ravenna Home Alpine Upholstered High-Leg Recliner Chair, 39""W, Steel Blue",level_1,existence,high,Is there a single recliner chair depicted?,yes,yes|no|unknown,A single recliner chair is depicted.
81,"Ravenna Home Alpine Upholstered High-Leg Recliner Chair, 39""W, Steel Blue",level_1,counting,medium,Is exactly one chair shown?,yes,yes|no|unknown,Exactly one chair is shown.
81,"Ravenna Home Alpine Upholstered High-Leg Recliner Chair, 39""W, Steel Blue",level_1,shape,high,"Does the main object have the overall form of an upholstered armchair with a seat, backrest, and armrests?",yes,yes|no|unknown,"The object has the overall form of an upholstered armchair (seat, backrest, and armrests)."
81,"Ravenna Home Alpine Upholstered High-Leg Recliner Chair, 39""W, Steel Blue",level_1,color,high,Is the chair’s upholstery steel blue?,yes,yes|no|unknown,The chair’s upholstery is steel blue (a muted blue tone).
81,"Ravenna Home Alpine Upholstered High-Leg Recliner Chair, 39""W, Steel Blue",level_2,existence,high,Is the chair upholstered?,yes,yes|no|unknown,The chair is upholstered (its visible surfaces are covered in fabric/leather-like material rather than bare wood/metal).
81,"Ravenna Home Alpine Upholstered High-Leg Recliner Chair, 39""W, Steel Blue",level_2,existence,high,Does the chair have visible legs that raise it off the floor?,yes,yes|no|unknown,The chair has visible legs that elevate it off the floor (high-leg style).
81,"Ravenna Home Alpine Upholstered High-Leg Recliner Chair, 39""W, Steel Blue",level_2,counting,medium,Does the chair have four visible legs supporting it?,yes,yes|no|unknown,The chair has four visible legs supporting it.
81,"Ravenna Home Alpine Upholstered High-Leg Recliner Chair, 39""W, Steel Blue",level_2,relation,high,Is the backrest attached behind the seat?,yes,yes|no|unknown,The backrest is attached behind the seat.
81,"Ravenna Home Alpine Upholstered High-Leg Recliner Chair, 39""W, Steel Blue",level_2,relation,high,Are there two armrests on the left and right sides of the seat?,yes,yes|no|unknown,Two armrests are positioned on the left and right sides of the seat.
81,"Ravenna Home Alpine Upholstered High-Leg Recliner Chair, 39""W, Steel Blue",level_2,shape,medium,Does the chair have a cushioned seat and a cushioned backrest?,yes,yes|no|unknown,The chair has a cushioned seat and a cushioned backrest.
81,"Ravenna Home Alpine Upholstered High-Leg Recliner Chair, 39""W, Steel Blue",level_2,shape,medium,Does the chair have a high backrest?,yes,yes|no|unknown,The chair has a high backrest.
81,"Ravenna Home Alpine Upholstered High-Leg Recliner Chair, 39""W, Steel Blue",level_2,color,high,Is the chair upholstered mainly in steel blue?,yes,yes|no|unknown,The dominant visible upholstery color across the chair is steel blue (not a different primary color).
81,"Ravenna Home Alpine Upholstered High-Leg Recliner Chair, 39""W, Steel Blue",level_2,posture,medium,Is the chair upright on its legs?,yes,yes|no|unknown,The chair is shown in a plausible usable orientation (upright on its legs).
81,"Ravenna Home Alpine Upholstered High-Leg Recliner Chair, 39""W, Steel Blue",level_3,existence,high,Does the chair have a visible extending footrest or a reclining back?,yes,yes|no|unknown,The chair includes a recliner mechanism indicated by a visible extending footrest and/or a reclining back.
81,"Ravenna Home Alpine Upholstered High-Leg Recliner Chair, 39""W, Steel Blue",level_3,others,low,Are the chair's legs dark brown wood?,yes,yes|no|unknown,The chair's legs are dark brown wood.
82,AmazonBasics Conscious Series Cool-Touch Rayon Bamboo Mattress Topper,level_1,existence,high,Is a mattress topper product depicted?,yes,yes|no|unknown,A mattress topper product is depicted (a padded layer intended to sit on top of a mattress).
82,AmazonBasics Conscious Series Cool-Touch Rayon Bamboo Mattress Topper,level_1,counting,medium,Is exactly one mattress topper product shown as the main subject?,yes,yes|no|unknown,Exactly one mattress topper product is shown as the main subject.
82,AmazonBasics Conscious Series Cool-Touch Rayon Bamboo Mattress Topper,level_1,shape,medium,"Does the topper appear as a flat, rectangular padded pad?",yes,yes|no|unknown,"The topper appears as a flat, rectangular padded pad."
82,AmazonBasics Conscious Series Cool-Touch Rayon Bamboo Mattress Topper,level_2,shape,medium,"Does the topper have a padded, fabric-covered surface?",yes,yes|no|unknown,"The topper has a padded, fabric-covered surface (not a bare foam slab)."
82,AmazonBasics Conscious Series Cool-Touch Rayon Bamboo Mattress Topper,level_3,shape,low,Does the visible surface have a quilted pattern with rounded quilting?,yes,yes|no|unknown,The visible surface has a quilted pattern with rounded quilting.
82,AmazonBasics Conscious Series Cool-Touch Rayon Bamboo Mattress Topper,level_3,shape,low,Does the topper have a fitted edge?,yes,yes|no|unknown,The topper has a fitted edge.
84,Belini Women's Bs147 Tan Flip-Flops-3 UK (36 EU) (BS147TAN3),level_1,existence,high,Is flip-flop footwear shown?,yes,yes|no|unknown,Flip-flop footwear is shown.
84,Belini Women's Bs147 Tan Flip-Flops-3 UK (36 EU) (BS147TAN3),level_1,shape,high,Do the flip-flops have an open-toe design with thong-style straps?,yes,yes|no|unknown,Each flip-flop has an open-toe design with a thong-style strap (a Y-shaped strap that would pass between the big toe and second toe).
84,Belini Women's Bs147 Tan Flip-Flops-3 UK (36 EU) (BS147TAN3),level_2,existence,medium,Is a sole or footbed visible on each flip-flop?,yes,yes|no|unknown,A sole/footbed is visible on each flip-flop.
84,Belini Women's Bs147 Tan Flip-Flops-3 UK (36 EU) (BS147TAN3),level_2,existence,medium,Is a strap visible on each flip-flop?,yes,yes|no|unknown,A strap is visible on each flip-flop.
84,Belini Women's Bs147 Tan Flip-Flops-3 UK (36 EU) (BS147TAN3),level_2,relation,medium,"Does each flip-flop’s strap attach to the sole at three points, with two near the sides and one near the toe area?",yes,yes|no|unknown,"Each flip-flop’s strap is attached to the sole at three points (two near the sides and one near the toe area), consistent with thong flip-flops."
84,Belini Women's Bs147 Tan Flip-Flops-3 UK (36 EU) (BS147TAN3),level_2,shape,medium,"Do the soles have a typical flip-flop outline, wider at the forefoot and narrower at the heel?",yes,yes|no|unknown,"The soles have a typical flip-flop outline (wider at the forefoot, narrower at the heel)."
84,Belini Women's Bs147 Tan Flip-Flops-3 UK (36 EU) (BS147TAN3),level_2,color,medium,Is the strap tan?,yes,yes|no|unknown,The strap is tan.
84,Belini Women's Bs147 Tan Flip-Flops-3 UK (36 EU) (BS147TAN3),level_2,color,medium,Is the sole white?,yes,yes|no|unknown,The sole is white.
84,Belini Women's Bs147 Tan Flip-Flops-3 UK (36 EU) (BS147TAN3),level_2,others,medium,"Does the visible branding or label say ""Belini""?",yes,yes|no|unknown,"Visible branding/labeling identifies the brand name as ""Belini""."
84,Belini Women's Bs147 Tan Flip-Flops-3 UK (36 EU) (BS147TAN3),level_3,shape,low,Does the strap have a woven texture?,yes,yes|no|unknown,The strap has a woven texture.
84,Belini Women's Bs147 Tan Flip-Flops-3 UK (36 EU) (BS147TAN3),level_3,others,high,"Does the visible text include ""BS147""?",yes,yes|no|unknown,"Visible text (on the product, a tag, or packaging shown in the image) includes the model identifier ""BS147""."
84,Belini Women's Bs147 Tan Flip-Flops-3 UK (36 EU) (BS147TAN3),level_3,others,high,"Does the visible text include ""3 UK"" and ""36 EU""?",yes,yes|no|unknown,"Visible text (on the product, a tag, or packaging shown in the image) includes the size notation ""3 UK"" and ""36 EU""."
84,Belini Women's Bs147 Tan Flip-Flops-3 UK (36 EU) (BS147TAN3),level_3,others,high,"Does the visible text include ""BS147TAN3""?",yes,yes|no|unknown,"Visible text (on the product, a tag, or packaging shown in the image) includes the code ""BS147TAN3""."
85,Amazon Collection Swarovski Zirconia Freshwater Cultured Pearl Platinum Plated Sterling Silver ka-buinpuratinaringu (1Cttw) Japanese Size 9 – (US Size 5),level_1,existence,high,Is a ring depicted?,yes,yes|no|unknown,A ring is depicted.
85,Amazon Collection Swarovski Zirconia Freshwater Cultured Pearl Platinum Plated Sterling Silver ka-buinpuratinaringu (1Cttw) Japanese Size 9 – (US Size 5),level_1,counting,medium,Is exactly one ring shown?,yes,yes|no|unknown,Exactly one ring is shown.
85,Amazon Collection Swarovski Zirconia Freshwater Cultured Pearl Platinum Plated Sterling Silver ka-buinpuratinaringu (1Cttw) Japanese Size 9 – (US Size 5),level_1,shape,high,Does the jewelry item have a continuous circular band shape consistent with a finger ring?,yes,yes|no|unknown,The jewelry item has a continuous circular band shape consistent with a finger ring.
85,Amazon Collection Swarovski Zirconia Freshwater Cultured Pearl Platinum Plated Sterling Silver ka-buinpuratinaringu (1Cttw) Japanese Size 9 – (US Size 5),level_2,existence,high,Is a pearl present as part of the ring?,yes,yes|no|unknown,A pearl is present as part of the ring.
85,Amazon Collection Swarovski Zirconia Freshwater Cultured Pearl Platinum Plated Sterling Silver ka-buinpuratinaringu (1Cttw) Japanese Size 9 – (US Size 5),level_2,existence,high,Is there at least one clear or white faceted gemstone on the ring?,yes,yes|no|unknown,At least one clear/white faceted gemstone is present as part of the ring.
85,Amazon Collection Swarovski Zirconia Freshwater Cultured Pearl Platinum Plated Sterling Silver ka-buinpuratinaringu (1Cttw) Japanese Size 9 – (US Size 5),level_2,relation,high,Is the pearl mounted on the ring band?,yes,yes|no|unknown,The pearl is mounted/attached to the ring band.
85,Amazon Collection Swarovski Zirconia Freshwater Cultured Pearl Platinum Plated Sterling Silver ka-buinpuratinaringu (1Cttw) Japanese Size 9 – (US Size 5),level_2,relation,high,Are the clear/white faceted gemstones mounted on the ring band?,yes,yes|no|unknown,The clear/white faceted gemstone(s) are mounted/attached to the ring band.
85,Amazon Collection Swarovski Zirconia Freshwater Cultured Pearl Platinum Plated Sterling Silver ka-buinpuratinaringu (1Cttw) Japanese Size 9 – (US Size 5),level_2,relation,high,Is the pearl set in the center of the ring design?,yes,yes|no|unknown,The pearl is set in the center of the ring design.
85,Amazon Collection Swarovski Zirconia Freshwater Cultured Pearl Platinum Plated Sterling Silver ka-buinpuratinaringu (1Cttw) Japanese Size 9 – (US Size 5),level_2,relation,high,Are the clear white stones arranged around the central pearl?,yes,yes|no|unknown,The clear/white stones are arranged around the central pearl.
85,Amazon Collection Swarovski Zirconia Freshwater Cultured Pearl Platinum Plated Sterling Silver ka-buinpuratinaringu (1Cttw) Japanese Size 9 – (US Size 5),level_2,shape,medium,Does the pearl appear rounded?,yes,yes|no|unknown,The pearl appears rounded (spherical/near-spherical).
85,Amazon Collection Swarovski Zirconia Freshwater Cultured Pearl Platinum Plated Sterling Silver ka-buinpuratinaringu (1Cttw) Japanese Size 9 – (US Size 5),level_2,shape,medium,Do the gemstones appear faceted?,yes,yes|no|unknown,The gemstone(s) appear faceted (cut stone appearance).
85,Amazon Collection Swarovski Zirconia Freshwater Cultured Pearl Platinum Plated Sterling Silver ka-buinpuratinaringu (1Cttw) Japanese Size 9 – (US Size 5),level_2,shape,medium,Does the ring have an interlocking loop design?,yes,yes|no|unknown,The ring has an interlocking loop design.
85,Amazon Collection Swarovski Zirconia Freshwater Cultured Pearl Platinum Plated Sterling Silver ka-buinpuratinaringu (1Cttw) Japanese Size 9 – (US Size 5),level_2,color,high,Is the ring metal silver-toned?,yes,yes|no|unknown,The ring metal appears silver-toned.
85,Amazon Collection Swarovski Zirconia Freshwater Cultured Pearl Platinum Plated Sterling Silver ka-buinpuratinaringu (1Cttw) Japanese Size 9 – (US Size 5),level_2,color,high,Does the pearl appear white or cream-toned?,yes,yes|no|unknown,The pearl appears white/cream-toned.
85,Amazon Collection Swarovski Zirconia Freshwater Cultured Pearl Platinum Plated Sterling Silver ka-buinpuratinaringu (1Cttw) Japanese Size 9 – (US Size 5),level_2,color,high,Do the gemstone(s) appear clear or white?,yes,yes|no|unknown,The gemstone(s) appear clear/white.
86,AmazonBasics Shredder Paper and Credit Cards 8 Slotted Blades 0-9.9,level_1,existence,high,Is a paper and credit-card shredder machine shown?,yes,yes|no|unknown,A paper/credit-card shredder machine is shown.
86,AmazonBasics Shredder Paper and Credit Cards 8 Slotted Blades 0-9.9,level_1,counting,medium,Is exactly one shredder machine shown?,yes,yes|no|unknown,Exactly one shredder machine is shown.
86,AmazonBasics Shredder Paper and Credit Cards 8 Slotted Blades 0-9.9,level_1,shape,low,Does the main object have a rectangular shape with rounded edges?,yes,yes|no|unknown,It has a rectangular shape with rounded edges.
86,AmazonBasics Shredder Paper and Credit Cards 8 Slotted Blades 0-9.9,level_1,color,low,Is the shredder black in color?,yes,yes|no|unknown,The shredder is black in color.
86,AmazonBasics Shredder Paper and Credit Cards 8 Slotted Blades 0-9.9,level_2,shape,medium,Is a shredder input slot opening visible?,yes,yes|no|unknown,A visible shredder input slot/opening is present.
86,AmazonBasics Shredder Paper and Credit Cards 8 Slotted Blades 0-9.9,level_2,shape,medium,Is a clear plastic window visible on the front?,yes,yes|no|unknown,A clear plastic window is visible on the front.
87,"AmazonBasics SX-75QTZ Enamelled Cast Iron Dutch Oven - 6.9 l , Purple",level_1,existence,high,Is a Dutch oven shown?,yes,yes|no|unknown,A Dutch oven (a lidded cooking pot) is shown.
87,"AmazonBasics SX-75QTZ Enamelled Cast Iron Dutch Oven - 6.9 l , Purple",level_1,counting,medium,Is exactly one Dutch oven shown?,yes,yes|no|unknown,Exactly one Dutch oven is shown.
87,"AmazonBasics SX-75QTZ Enamelled Cast Iron Dutch Oven - 6.9 l , Purple",level_1,relation,high,Is the pot shown with a lid?,yes,yes|no|unknown,A lid is shown with the pot (the pot is depicted as lidded).
87,"AmazonBasics SX-75QTZ Enamelled Cast Iron Dutch Oven - 6.9 l , Purple",level_1,shape,high,Is the main vessel a deep pot suitable for a Dutch oven?,yes,yes|no|unknown,The main vessel is a deep pot suitable for a Dutch oven (not a shallow pan).
87,"AmazonBasics SX-75QTZ Enamelled Cast Iron Dutch Oven - 6.9 l , Purple",level_1,color,high,Is the Dutch oven purple?,yes,yes|no|unknown,The Dutch oven is purple.
87,"AmazonBasics SX-75QTZ Enamelled Cast Iron Dutch Oven - 6.9 l , Purple",level_2,existence,high,Does the lid have a central knob or handle?,yes,yes|no|unknown,The lid has a central knob/handle.
87,"AmazonBasics SX-75QTZ Enamelled Cast Iron Dutch Oven - 6.9 l , Purple",level_2,counting,high,Does the pot have two side handles?,yes,yes|no|unknown,The pot has two side handles (one on each side).
87,"AmazonBasics SX-75QTZ Enamelled Cast Iron Dutch Oven - 6.9 l , Purple",level_2,relation,high,Is the matching lid positioned on top of the pot?,yes,yes|no|unknown,"The lid is positioned on top of the pot (closed), or is shown immediately adjacent as the matching lid for that pot."
87,"AmazonBasics SX-75QTZ Enamelled Cast Iron Dutch Oven - 6.9 l , Purple",level_2,shape,medium,"Does the pot and lid have smooth, continuous surfaces consistent with an enamel coating?",yes,yes|no|unknown,"The pot and lid have smooth, continuous surfaces consistent with an enamel-coated vessel (not raw unfinished metal)."
87,"AmazonBasics SX-75QTZ Enamelled Cast Iron Dutch Oven - 6.9 l , Purple",level_2,color,high,Are both the lid and the pot body purple?,yes,yes|no|unknown,Both the lid and the pot body are purple.
90,"AmazonBasics Air Freshener Refill, Lavender, 1-Gallon, 144-Pack",level_1,existence,high,Is an air freshener refill shown?,yes,yes|no|unknown,A product/package is shown that is identifiable as an air freshener refill.
90,"AmazonBasics Air Freshener Refill, Lavender, 1-Gallon, 144-Pack",level_1,shape,low,Is the main object a jug-style plastic container with a side handle?,yes,yes|no|unknown,A jug-style plastic container with a side handle is shown.
90,"AmazonBasics Air Freshener Refill, Lavender, 1-Gallon, 144-Pack",level_1,color,low,Is the container white with a white cap?,yes,yes|no|unknown,The container is white with a white cap.
90,"AmazonBasics Air Freshener Refill, Lavender, 1-Gallon, 144-Pack",level_2,existence,high,Is AmazonBasics branding visible on the product or package?,yes,yes|no|unknown,AmazonBasics branding is visible on the product/package.
90,"AmazonBasics Air Freshener Refill, Lavender, 1-Gallon, 144-Pack",level_2,existence,high,Does the product/package indicate a lavender scent?,yes,yes|no|unknown,The product/package indicates the scent/flavor as lavender.
90,"AmazonBasics Air Freshener Refill, Lavender, 1-Gallon, 144-Pack",level_2,existence,high,Is this an air freshener refill?,yes,yes|no|unknown,The product/package indicates it is an air freshener refill.
90,"AmazonBasics Air Freshener Refill, Lavender, 1-Gallon, 144-Pack",level_2,existence,high,Does the product/package indicate a 1-gallon size or volume?,yes,yes|no|unknown,The product/package indicates a 1-gallon size/volume.
90,"AmazonBasics Air Freshener Refill, Lavender, 1-Gallon, 144-Pack",level_2,color,low,Is the front label black and gold?,yes,yes|no|unknown,The front label is black and gold.
90,"AmazonBasics Air Freshener Refill, Lavender, 1-Gallon, 144-Pack",level_3,others,high,"Does the product/package text include ""AmazonBasics"", ""Air Freshener Refill"", ""Lavender"", ""1-Gallon"", and ""144-Pack""?",yes,yes|no|unknown,"Readable text on the product/package includes: ""AmazonBasics"", ""Air Freshener Refill"", ""Lavender"", ""1-Gallon"", and ""144-Pack"" (or visually equivalent numerals/abbreviations conveying the same information)."
92,"365 Everyday Value, Organic Apple Sauce, Unsweetened, 24 oz",level_1,existence,high,Is a packaged consumer product labeled as apple sauce shown?,yes,yes|no|unknown,A single packaged consumer product labeled as apple sauce is shown.
92,"365 Everyday Value, Organic Apple Sauce, Unsweetened, 24 oz",level_1,counting,high,Is exactly one product container or package shown as the main subject?,yes,yes|no|unknown,Exactly one product container/package is shown as the main subject.
92,"365 Everyday Value, Organic Apple Sauce, Unsweetened, 24 oz",level_1,shape,low,Is the container a glass jar with a white lid?,yes,yes|no|unknown,Glass jar with a white lid.
92,"365 Everyday Value, Organic Apple Sauce, Unsweetened, 24 oz",level_2,existence,high,"Does the package show the brand name text ""365 Everyday Value""?",yes,yes|no|unknown,"The package shows the brand name text ""365 Everyday Value""."
92,"365 Everyday Value, Organic Apple Sauce, Unsweetened, 24 oz",level_2,existence,high,"Does the package show the product name text ""Organic Apple Sauce""?",yes,yes|no|unknown,"The package shows the product name text ""Organic Apple Sauce""."
92,"365 Everyday Value, Organic Apple Sauce, Unsweetened, 24 oz",level_2,existence,high,"Does the package show the descriptor text ""Unsweetened""?",yes,yes|no|unknown,"The package shows the descriptor text ""Unsweetened""."
92,"365 Everyday Value, Organic Apple Sauce, Unsweetened, 24 oz",level_2,existence,high,"Does the package show the net contents text ""24 oz""?",yes,yes|no|unknown,"The package shows the net contents text ""24 oz""."
92,"365 Everyday Value, Organic Apple Sauce, Unsweetened, 24 oz",level_2,existence,high,Does the package show a 365 logo?,yes,yes|no|unknown,The package shows a 365 logo.
92,"365 Everyday Value, Organic Apple Sauce, Unsweetened, 24 oz",level_2,relation,medium,"Do the texts ""365 Everyday Value"", ""Organic Apple Sauce"", ""Unsweetened"", and ""24 oz"" all appear on the same product package?",yes,yes|no|unknown,"All required texts (""365 Everyday Value"", ""Organic Apple Sauce"", ""Unsweetened"", and ""24 oz"") appear on the same product package."
92,"365 Everyday Value, Organic Apple Sauce, Unsweetened, 24 oz",level_2,others,medium,"Is the text legible enough to confirm the exact phrases ""365 Everyday Value"", ""Organic Apple Sauce"", ""Unsweetened"", and ""24 oz""?",yes,yes|no|unknown,"The text is legible enough to confirm the exact phrases: ""365 Everyday Value"", ""Organic Apple Sauce"", ""Unsweetened"", and ""24 oz""."
92,"365 Everyday Value, Organic Apple Sauce, Unsweetened, 24 oz",level_2,others,medium,Does the package include a USDA Organic seal?,yes,yes|no|unknown,The package includes a USDA Organic seal.
92,"365 Everyday Value, Organic Apple Sauce, Unsweetened, 24 oz",level_2,others,medium,"Does the package include a blue circular ""No Added Sugar"" seal?",yes,yes|no|unknown,"The package includes a blue circular ""No Added Sugar"" seal."
92,"365 Everyday Value, Organic Apple Sauce, Unsweetened, 24 oz",level_3,others,low,Does the label show whole and sliced apples?,yes,yes|no|unknown,Illustration of whole and sliced apples.
93,"AmazonBasics 1500W Ceramic Personal Heater with Adjustable Thermostat, Black",level_1,existence,high,Is a personal space heater depicted?,yes,yes|no|unknown,A personal space heater (small portable heater) is depicted.
93,"AmazonBasics 1500W Ceramic Personal Heater with Adjustable Thermostat, Black",level_1,counting,medium,Is exactly one heater depicted?,yes,yes|no|unknown,Exactly one heater is depicted.
93,"AmazonBasics 1500W Ceramic Personal Heater with Adjustable Thermostat, Black",level_1,shape,medium,Does the heater have a vented front face?,yes,yes|no|unknown,"The heater has a front face that functions as an air outlet/intake area (e.g., a vented/grilled panel)."
93,"AmazonBasics 1500W Ceramic Personal Heater with Adjustable Thermostat, Black",level_1,size,medium,Is the heater small enough to be a personal or portable appliance?,yes,yes|no|unknown,The heater appears small enough to be a personal/desktop/floor portable appliance (not a built-in wall unit or full-size furnace).
93,"AmazonBasics 1500W Ceramic Personal Heater with Adjustable Thermostat, Black",level_1,color,high,Is the heater black overall?,yes,yes|no|unknown,The heater is black overall.
93,"AmazonBasics 1500W Ceramic Personal Heater with Adjustable Thermostat, Black",level_2,existence,high,Does the heater have a user control for adjusting the temperature or thermostat?,yes,yes|no|unknown,"The heater has at least one user control intended for adjusting temperature/thermostat (e.g., a dial/knob/slider)."
93,"AmazonBasics 1500W Ceramic Personal Heater with Adjustable Thermostat, Black",level_2,relation,medium,Is the thermostat adjustment control part of the heater body?,yes,yes|no|unknown,The temperature/thermostat adjustment control is part of the heater body (not a separate remote).
93,"AmazonBasics 1500W Ceramic Personal Heater with Adjustable Thermostat, Black",level_2,shape,medium,Does the heater’s front panel have a grille or vent pattern for airflow?,yes,yes|no|unknown,The heater’s front panel shows a grille/vent pattern suitable for airflow.
93,"AmazonBasics 1500W Ceramic Personal Heater with Adjustable Thermostat, Black",level_2,color,medium,Are the visible controls and front grille black or very dark in appearance?,yes,yes|no|unknown,The visible controls and front grille are also black or very dark in appearance (consistent with a black product).
93,"AmazonBasics 1500W Ceramic Personal Heater with Adjustable Thermostat, Black",level_2,posture,medium,Is the heater shown standing upright on its base?,yes,yes|no|unknown,The heater is shown in an upright operating orientation (standing on its base).
93,"AmazonBasics 1500W Ceramic Personal Heater with Adjustable Thermostat, Black",level_2,others,high,Is there a logo visible on the lower front?,yes,yes|no|unknown,A logo is visible on the lower front.
94,"Wickedly Prime Organic Black Pu'erh Tea, Full-Leaf Bags, 15 Count",level_1,existence,high,Is a packaged tea product shown?,yes,yes|no|unknown,A packaged tea product is shown.
94,"Wickedly Prime Organic Black Pu'erh Tea, Full-Leaf Bags, 15 Count",level_1,others,high,"Does the product label say ""Wickedly Prime""?",yes,yes|no|unknown,Visible product labeling identifies it as 'Wickedly Prime' tea.
94,"Wickedly Prime Organic Black Pu'erh Tea, Full-Leaf Bags, 15 Count",level_2,existence,high,Does the packaging include the word 'Organic'?,yes,yes|no|unknown,The packaging includes the word 'Organic'.
94,"Wickedly Prime Organic Black Pu'erh Tea, Full-Leaf Bags, 15 Count",level_2,existence,high,"Does the packaging include the product name text ""Pu'erh Pep""?",yes,yes|no|unknown,The packaging includes the product name text 'Pu'erh Pep'.
94,"Wickedly Prime Organic Black Pu'erh Tea, Full-Leaf Bags, 15 Count",level_2,existence,high,"Does the packaging include the text ""Organic Black Tea""?",yes,yes|no|unknown,The packaging includes text indicating 'Organic Black Tea'.
94,"Wickedly Prime Organic Black Pu'erh Tea, Full-Leaf Bags, 15 Count",level_2,existence,high,"Does the packaging include the text ""15 Full Leaf Sachets""?",yes,yes|no|unknown,The packaging includes text indicating '15 Full Leaf Sachets'.
94,"Wickedly Prime Organic Black Pu'erh Tea, Full-Leaf Bags, 15 Count",level_2,counting,high,Is 15 shown as the count?,yes,yes|no|unknown,"The number '15' is shown in association with the count information (e.g., '15 Count')."
94,"Wickedly Prime Organic Black Pu'erh Tea, Full-Leaf Bags, 15 Count",level_2,others,medium,"Is the text ""Wickedly Prime"" readable on the product packaging?",yes,yes|no|unknown,The text 'Wickedly Prime' is readable on the product packaging.
94,"Wickedly Prime Organic Black Pu'erh Tea, Full-Leaf Bags, 15 Count",level_2,others,medium,"Is the text ""Organic"" readable on the product packaging?",yes,yes|no|unknown,The text 'Organic' is readable on the product packaging.
94,"Wickedly Prime Organic Black Pu'erh Tea, Full-Leaf Bags, 15 Count",level_2,others,medium,Is the text 'Black Pu'erh Tea' readable on the product packaging?,yes,yes|no|unknown,The text 'Black Pu'erh Tea' is readable on the product packaging.
94,"Wickedly Prime Organic Black Pu'erh Tea, Full-Leaf Bags, 15 Count",level_2,others,medium,"Is the text ""Full-Leaf Bags"" readable on the product packaging?",yes,yes|no|unknown,The text 'Full-Leaf Bags' is readable on the product packaging.
94,"Wickedly Prime Organic Black Pu'erh Tea, Full-Leaf Bags, 15 Count",level_2,others,medium,Is the text '15 Count' readable on the product packaging?,yes,yes|no|unknown,The text '15 Count' is readable on the product packaging.
94,"Wickedly Prime Organic Black Pu'erh Tea, Full-Leaf Bags, 15 Count",level_3,others,low,Is the USDA Organic seal visible?,yes,yes|no|unknown,USDA Organic seal is visible.
94,"Wickedly Prime Organic Black Pu'erh Tea, Full-Leaf Bags, 15 Count",level_3,others,low,Is the Amazon Prime logo visible?,yes,yes|no|unknown,Amazon Prime logo is visible.
94,"Wickedly Prime Organic Black Pu'erh Tea, Full-Leaf Bags, 15 Count",level_3,others,low,Is a green teapot-shaped graphic visible?,yes,yes|no|unknown,A green teapot-shaped graphic is visible.
96,"Amazon Brand - Ravenna Home 4-Light Pendant Light with Faux Wood Accents, Vintage Edison Candelabra Bulbs Included, 62.4""H, Matte Black",level_1,existence,high,Is a pendant light fixture depicted?,yes,yes|no|unknown,A pendant light fixture is depicted.
96,"Amazon Brand - Ravenna Home 4-Light Pendant Light with Faux Wood Accents, Vintage Edison Candelabra Bulbs Included, 62.4""H, Matte Black",level_1,relation,medium,"Does the fixture have visible hanging components such as a canopy and a rod, chain, or cord?",yes,yes|no|unknown,"The fixture includes visible components that indicate it is meant to hang/suspend from above (e.g., canopy and a hanging rod/chain/cord)."
96,"Amazon Brand - Ravenna Home 4-Light Pendant Light with Faux Wood Accents, Vintage Edison Candelabra Bulbs Included, 62.4""H, Matte Black",level_1,color,high,Do the main body and metal parts of the fixture appear matte black?,yes,yes|no|unknown,The main body/metal parts of the fixture appear matte black.
96,"Amazon Brand - Ravenna Home 4-Light Pendant Light with Faux Wood Accents, Vintage Edison Candelabra Bulbs Included, 62.4""H, Matte Black",level_2,existence,high,Are faux wood accent elements present on the fixture?,yes,yes|no|unknown,Faux wood accent elements are present on the fixture.
96,"Amazon Brand - Ravenna Home 4-Light Pendant Light with Faux Wood Accents, Vintage Edison Candelabra Bulbs Included, 62.4""H, Matte Black",level_2,existence,high,Does the fixture have a rectangular wood-like frame with visible wood grain?,yes,yes|no|unknown,The fixture has a rectangular wood-like frame with visible wood grain.
96,"Amazon Brand - Ravenna Home 4-Light Pendant Light with Faux Wood Accents, Vintage Edison Candelabra Bulbs Included, 62.4""H, Matte Black",level_2,color,medium,Do the faux wood accents appear in brown or tan tones distinct from the matte black parts?,yes,yes|no|unknown,"The faux wood accents appear in wood-like tones (e.g., brown/tan) distinct from the matte black parts."
96,"Amazon Brand - Ravenna Home 4-Light Pendant Light with Faux Wood Accents, Vintage Edison Candelabra Bulbs Included, 62.4""H, Matte Black",level_3,existence,medium,Are black candelabra-style bulb holders visible?,yes,yes|no|unknown,Black candelabra-style bulb holders are visible.
98,"Amazon Collection Platinum Lycra Solid Sterling Silver Cubic Zirconia rukoniapurinsesukattoeta-nitexibandoringu, Size 9",level_1,existence,high,Is a ring depicted?,yes,yes|no|unknown,A ring is depicted.
98,"Amazon Collection Platinum Lycra Solid Sterling Silver Cubic Zirconia rukoniapurinsesukattoeta-nitexibandoringu, Size 9",level_1,counting,high,Is exactly one ring shown?,yes,yes|no|unknown,Exactly one ring is shown.
98,"Amazon Collection Platinum Lycra Solid Sterling Silver Cubic Zirconia rukoniapurinsesukattoeta-nitexibandoringu, Size 9",level_1,shape,medium,Is the ring a circular band?,yes,yes|no|unknown,The ring is a circular band.
98,"Amazon Collection Platinum Lycra Solid Sterling Silver Cubic Zirconia rukoniapurinsesukattoeta-nitexibandoringu, Size 9",level_1,color,medium,Does the ring’s metal appear silver or white in color?,yes,yes|no|unknown,The ring’s metal appears silver/white in color.
98,"Amazon Collection Platinum Lycra Solid Sterling Silver Cubic Zirconia rukoniapurinsesukattoeta-nitexibandoringu, Size 9",level_2,existence,high,Are gemstones present on the ring band?,yes,yes|no|unknown,Gemstones are present on the ring band.
98,"Amazon Collection Platinum Lycra Solid Sterling Silver Cubic Zirconia rukoniapurinsesukattoeta-nitexibandoringu, Size 9",level_2,relation,high,Are multiple gemstones set into the band in a continuous row?,yes,yes|no|unknown,Multiple gemstones are set into/onto the band in a continuous row.
98,"Amazon Collection Platinum Lycra Solid Sterling Silver Cubic Zirconia rukoniapurinsesukattoeta-nitexibandoringu, Size 9",level_2,color,high,Do the gemstones appear clear or colorless?,yes,yes|no|unknown,The gemstones appear clear/colorless.
98,"Amazon Collection Platinum Lycra Solid Sterling Silver Cubic Zirconia rukoniapurinsesukattoeta-nitexibandoringu, Size 9",level_3,relation,high,Do the gemstones encircle the full circumference of the band?,yes,yes|no|unknown,The gemstones encircle the full circumference of the band (eternity-style setting).
99,"Whole Foods Market, CoQ10 200mg, 60 ct",level_1,existence,high,Is a packaged product shown?,yes,yes|no|unknown,"A packaged product is shown (e.g., supplement container/box) representing a retail item."
99,"Whole Foods Market, CoQ10 200mg, 60 ct",level_1,counting,medium,Is exactly one primary product package shown?,yes,yes|no|unknown,Exactly one primary product package is shown.
99,"Whole Foods Market, CoQ10 200mg, 60 ct",level_1,others,high,"Does the product packaging show the brand name text ""Whole Foods Market""?",yes,yes|no|unknown,"The product packaging shows the brand name text ""Whole Foods Market""."
99,"Whole Foods Market, CoQ10 200mg, 60 ct",level_2,existence,high,"Does the product packaging show the supplement name text ""CoQ10""?",yes,yes|no|unknown,"The product packaging shows the supplement name text ""CoQ10""."
99,"Whole Foods Market, CoQ10 200mg, 60 ct",level_2,others,high,"Does the product packaging show the dosage text ""200mg""?",yes,yes|no|unknown,"The product packaging shows the dosage text ""200mg"" (or ""200 mg"")."
99,"Whole Foods Market, CoQ10 200mg, 60 ct",level_2,others,high,"Does the product packaging show ""60 ct""?",yes,yes|no|unknown,"The product packaging shows the count text ""60 ct"" (or ""60 count"")."
99,"Whole Foods Market, CoQ10 200mg, 60 ct",level_3,others,high,Is the dosage value shown 200 mg?,yes,yes|no|unknown,The numeric dosage value shown is exactly 200 (mg).
99,"Whole Foods Market, CoQ10 200mg, 60 ct",level_3,others,high,Is the count shown 60?,yes,yes|no|unknown,The numeric count value shown is exactly 60 (ct/count).
100,"Women's #_INNIS-S-10 Open Toe Sandals, Silver Sparkle, US 9",level_1,existence,high,Are sandals depicted?,yes,yes|no|unknown,Sandals are depicted.
100,"Women's #_INNIS-S-10 Open Toe Sandals, Silver Sparkle, US 9",level_1,shape,medium,Is each item shaped to be worn on a human foot?,yes,yes|no|unknown,Each item is clearly footwear shaped to be worn on a human foot.
100,"Women's #_INNIS-S-10 Open Toe Sandals, Silver Sparkle, US 9",level_2,existence,high,Do the sandals have an open-toe front?,yes,yes|no|unknown,Each sandal has an open-toe front (toe area is not enclosed).
100,"Women's #_INNIS-S-10 Open Toe Sandals, Silver Sparkle, US 9",level_2,relation,medium,Is the toe opening at the front end of each sandal?,yes,yes|no|unknown,The toe opening is at the front end of each sandal.
100,"Women's #_INNIS-S-10 Open Toe Sandals, Silver Sparkle, US 9",level_2,shape,high,Do the sandals have a strap-based open design?,yes,yes|no|unknown,The sandals have a strap-based construction typical of sandals (not a fully enclosed shoe).
100,"Women's #_INNIS-S-10 Open Toe Sandals, Silver Sparkle, US 9",level_2,shape,high,Does the sandal have a single wide strap across the foot?,yes,yes|no|unknown,The sandal has a single wide strap across the foot.
100,"Women's #_INNIS-S-10 Open Toe Sandals, Silver Sparkle, US 9",level_2,color,high,Does the sandal have a light metallic or beige tone?,yes,yes|no|unknown,The sandal has a light metallic/beige tone.
100,"Women's #_INNIS-S-10 Open Toe Sandals, Silver Sparkle, US 9",level_3,shape,low,Is the sole flat and is there no visible heel?,yes,yes|no|unknown,The sole is flat and there is no visible heel.
100,"Women's #_INNIS-S-10 Open Toe Sandals, Silver Sparkle, US 9",level_3,color,low,Is the sole light brown?,yes,yes|no|unknown,The sole is light brown.
100,"Women's #_INNIS-S-10 Open Toe Sandals, Silver Sparkle, US 9",level_3,others,medium,Is the strap surface textured?,yes,yes|no|unknown,The strap surface is textured.
