index,prompt,rubric_json,rubric_raw_output,level_1_existence_importance,level_1_existence_facts,level_1_counting_importance,level_1_counting_facts,level_1_relation_importance,level_1_relation_facts,level_1_shape_importance,level_1_shape_facts,level_1_size_importance,level_1_size_facts,level_1_color_importance,level_1_color_facts,level_1_posture_importance,level_1_posture_facts,level_1_scene_importance,level_1_scene_facts,level_1_others_importance,level_1_others_facts,level_2_existence_importance,level_2_existence_facts,level_2_counting_importance,level_2_counting_facts,level_2_relation_importance,level_2_relation_facts,level_2_shape_importance,level_2_shape_facts,level_2_size_importance,level_2_size_facts,level_2_color_importance,level_2_color_facts,level_2_posture_importance,level_2_posture_facts,level_2_scene_importance,level_2_scene_facts,level_2_others_importance,level_2_others_facts,level_3_existence_importance,level_3_existence_facts,level_3_counting_importance,level_3_counting_facts,level_3_relation_importance,level_3_relation_facts,level_3_shape_importance,level_3_shape_facts,level_3_size_importance,level_3_size_facts,level_3_color_importance,level_3_color_facts,level_3_posture_importance,level_3_posture_facts,level_3_scene_importance,level_3_scene_facts,level_3_others_importance,level_3_others_facts
1,"Amazon Elements Melatonin 3mg, 260 Tablets","{""level_1"": {""existence"": {""importance"": ""high"", ""facts"": [""A packaged consumer product for melatonin tablets is shown (e.g., a bottle or similar retail container)."", ""The product label/packaging is visible enough to identify the product.""]}, ""counting"": {""importance"": ""low"", ""facts"": []}, ""relation"": {""importance"": ""low"", ""facts"": []}, ""shape"": {""importance"": ""low"", ""facts"": []}, ""size"": {""importance"": ""low"", ""facts"": []}, ""color"": {""importance"": ""low"", ""facts"": []}, ""posture"": {""importance"": ""low"", ""facts"": []}, ""scene"": {""importance"": ""low"", ""facts"": []}, ""others"": {""importance"": ""low"", ""facts"": []}}, ""level_2"": {""existence"": {""importance"": ""high"", ""facts"": [""The label/packaging shows the brand name \""Amazon Elements\""."", ""The label/packaging shows the product name \""Melatonin\"".""]}, ""counting"": {""importance"": ""high"", ""facts"": [""The label/packaging indicates a quantity of \""260 tablets\"" (using text and/or numerals).""]}, ""relation"": {""importance"": ""low"", ""facts"": []}, ""shape"": {""importance"": ""low"", ""facts"": []}, ""size"": {""importance"": ""low"", ""facts"": []}, ""color"": {""importance"": ""low"", ""facts"": []}, ""posture"": {""importance"": ""low"", ""facts"": []}, ""scene"": {""importance"": ""low"", ""facts"": []}, ""others"": {""importance"": ""high"", ""facts"": [""The label/packaging indicates the strength/dosage as \""3 mg\"" (using text and/or numerals).""]}}, ""level_3"": {""existence"": {""importance"": ""low"", ""facts"": []}, ""counting"": {""importance"": ""low"", ""facts"": []}, ""relation"": {""importance"": ""low"", ""facts"": []}, ""shape"": {""importance"": ""low"", ""facts"": []}, ""size"": {""importance"": ""low"", ""facts"": []}, ""color"": {""importance"": ""low"", ""facts"": []}, ""posture"": {""importance"": ""low"", ""facts"": []}, ""scene"": {""importance"": ""low"", ""facts"": []}, ""others"": {""importance"": ""low"", ""facts"": []}}}","{""level_1"":{""existence"":{""importance"":""high"",""facts"":[""A packaged consumer product for melatonin tablets is shown (e.g., a bottle or similar retail container)."",""The product label/packaging is visible enough to identify the product.""]},""counting"":{""importance"":""low"",""facts"":[]},""relation"":{""importance"":""low"",""facts"":[]},""shape"":{""importance"":""low"",""facts"":[]},""size"":{""importance"":""low"",""facts"":[]},""color"":{""importance"":""low"",""facts"":[]},""posture"":{""importance"":""low"",""facts"":[]},""scene"":{""importance"":""low"",""facts"":[]},""others"":{""importance"":""low"",""facts"":[]}},""level_2"":{""existence"":{""importance"":""high"",""facts"":[""The label/packaging shows the brand name \""Amazon Elements\""."",""The label/packaging shows the product name \""Melatonin\"".""]},""counting"":{""importance"":""high"",""facts"":[""The label/packaging indicates a quantity of \""260 tablets\"" (using text and/or numerals).""]},""relation"":{""importance"":""low"",""facts"":[]},""shape"":{""importance"":""low"",""facts"":[]},""size"":{""importance"":""low"",""facts"":[]},""color"":{""importance"":""low"",""facts"":[]},""posture"":{""importance"":""low"",""facts"":[]},""scene"":{""importance"":""low"",""facts"":[]},""others"":{""importance"":""high"",""facts"":[""The label/packaging indicates the strength/dosage as \""3 mg\"" (using text and/or numerals).""]}},""level_3"":{""existence"":{""importance"":""low"",""facts"":[]},""counting"":{""importance"":""low"",""facts"":[]},""relation"":{""importance"":""low"",""facts"":[]},""shape"":{""importance"":""low"",""facts"":[]},""size"":{""importance"":""low"",""facts"":[]},""color"":{""importance"":""low"",""facts"":[]},""posture"":{""importance"":""low"",""facts"":[]},""scene"":{""importance"":""low"",""facts"":[]},""others"":{""importance"":""low"",""facts"":[]}}}",high,"A packaged consumer product for melatonin tablets is shown (e.g., a bottle or similar retail container). | The product label/packaging is visible enough to identify the product.",low,,low,,low,,low,,low,,low,,low,,low,,high,"The label/packaging shows the brand name ""Amazon Elements"". | The label/packaging shows the product name ""Melatonin"".",high,"The label/packaging indicates a quantity of ""260 tablets"" (using text and/or numerals).",low,,low,,low,,low,,low,,low,,high,"The label/packaging indicates the strength/dosage as ""3 mg"" (using text and/or numerals).",low,,low,,low,,low,,low,,low,,low,,low,,low,
2,"AmazonBasics Kids Ear-Protection Safety Noise Earmuffs, Yellow","{""level_1"": {""existence"": {""importance"": ""high"", ""facts"": [""A pair of over-ear protective earmuffs (hearing-protection style) is shown.""]}, ""counting"": {""importance"": ""high"", ""facts"": [""Exactly one pair of earmuffs is shown.""]}, ""relation"": {""importance"": ""high"", ""facts"": [""Two earcups are connected by a headband.""]}, ""shape"": {""importance"": ""high"", ""facts"": [""The product has two large ear-covering cups sized to cover ears (not in-ear or on-ear headphones)."", ""A curved headband spans between the two earcups.""]}, ""size"": {""importance"": ""medium"", ""facts"": [""The earmuffs appear child-sized (kids earmuffs), not oversized adult proportions.""]}, ""color"": {""importance"": ""high"", ""facts"": [""The earmuffs are yellow as the dominant visible color (at least the main exterior of the earcups and/or headband).""]}, ""posture"": {""importance"": ""low"", ""facts"": []}, ""scene"": {""importance"": ""low"", ""facts"": []}, ""others"": {""importance"": ""medium"", ""facts"": [""The product is depicted as hearing-safety earmuffs (industrial/safety style), not music headphones (e.g., no visible audio cable connection is required).""]}}, ""level_2"": {""existence"": {""importance"": ""high"", ""facts"": [""Each earcup has a cushioned sealing ring/padding visible at the edge that would contact the head.""]}, ""counting"": {""importance"": ""high"", ""facts"": [""There are exactly two earcups.""]}, ""relation"": {""importance"": ""high"", ""facts"": [""Each earcup is mounted to the headband (directly or via a yoke/arm).""]}, ""shape"": {""importance"": ""medium"", ""facts"": [""The earcups appear as rounded/oval shells typical of hearing-protection earmuffs.""]}, ""size"": {""importance"": ""low"", ""facts"": []}, ""color"": {""importance"": ""medium"", ""facts"": [""Any non-yellow parts (e.g., headband padding, inner cushions) are secondary compared to the yellow exterior.""]}, ""posture"": {""importance"": ""low"", ""facts"": []}, ""scene"": {""importance"": ""low"", ""facts"": []}, ""others"": {""importance"": ""medium"", ""facts"": [""The earmuffs appear intended for noise reduction/ear protection (thick cups and sealing cushions).""]}}, ""level_3"": {""existence"": {""importance"": ""low"", ""facts"": []}, ""counting"": {""importance"": ""low"", ""facts"": []}, ""relation"": {""importance"": ""low"", ""facts"": []}, ""shape"": {""importance"": ""low"", ""facts"": []}, ""size"": {""importance"": ""low"", ""facts"": []}, ""color"": {""importance"": ""low"", ""facts"": []}, ""posture"": {""importance"": ""low"", ""facts"": []}, ""scene"": {""importance"": ""low"", ""facts"": []}, ""others"": {""importance"": ""high"", ""facts"": [""The branding 'AmazonBasics' is visibly present on the product and/or its packaging.""]}}}","{
  ""level_1"": {
    ""existence"": {
      ""importance"": ""high"",
      ""facts"": [
        ""A pair of over-ear protective earmuffs (hearing-protection style) is shown.""
      ]
    },
    ""counting"": {
      ""importance"": ""high"",
      ""facts"": [
        ""Exactly one pair of earmuffs is shown.""
      ]
    },
    ""relation"": {
      ""importance"": ""high"",
      ""facts"": [
        ""Two earcups are connected by a headband.""
      ]
    },
    ""shape"": {
      ""importance"": ""high"",
      ""facts"": [
        ""The product has two large ear-covering cups sized to cover ears (not in-ear or on-ear headphones)."",
        ""A curved headband spans between the two earcups.""
      ]
    },
    ""size"": {
      ""importance"": ""medium"",
      ""facts"": [
        ""The earmuffs appear child-sized (kids earmuffs), not oversized adult proportions.""
      ]
    },
    ""color"": {
      ""importance"": ""high"",
      ""facts"": [
        ""The earmuffs are yellow as the dominant visible color (at least the main exterior of the earcups and/or headband).""
      ]
    },
    ""posture"": {
      ""importance"": ""low"",
      ""facts"": []
    },
    ""scene"": {
      ""importance"": ""low"",
      ""facts"": []
    },
    ""others"": {
      ""importance"": ""medium"",
      ""facts"": [
        ""The product is depicted as hearing-safety earmuffs (industrial/safety style), not music headphones (e.g., no visible audio cable connection is required).""
      ]
    }
  },
  ""level_2"": {
    ""existence"": {
      ""importance"": ""high"",
      ""facts"": [
        ""Each earcup has a cushioned sealing ring/padding visible at the edge that would contact the head.""
      ]
    },
    ""counting"": {
      ""importance"": ""high"",
      ""facts"": [
        ""There are exactly two earcups.""
      ]
    },
    ""relation"": {
      ""importance"": ""high"",
      ""facts"": [
        ""Each earcup is mounted to the headband (directly or via a yoke/arm).""
      ]
    },
    ""shape"": {
      ""importance"": ""medium"",
      ""facts"": [
        ""The earcups appear as rounded/oval shells typical of hearing-protection earmuffs.""
      ]
    },
    ""size"": {
      ""importance"": ""low"",
      ""facts"": []
    },
    ""color"": {
      ""importance"": ""medium"",
      ""facts"": [
        ""Any non-yellow parts (e.g., headband padding, inner cushions) are secondary compared to the yellow exterior.""
      ]
    },
    ""posture"": {
      ""importance"": ""low"",
      ""facts"": []
    },
    ""scene"": {
      ""importance"": ""low"",
      ""facts"": []
    },
    ""others"": {
      ""importance"": ""medium"",
      ""facts"": [
        ""The earmuffs appear intended for noise reduction/ear protection (thick cups and sealing cushions).""
      ]
    }
  },
  ""level_3"": {
    ""existence"": {
      ""importance"": ""low"",
      ""facts"": []
    },
    ""counting"": {
      ""importance"": ""low"",
      ""facts"": []
    },
    ""relation"": {
      ""importance"": ""low"",
      ""facts"": []
    },
    ""shape"": {
      ""importance"": ""low"",
      ""facts"": []
    },
    ""size"": {
      ""importance"": ""low"",
      ""facts"": []
    },
    ""color"": {
      ""importance"": ""low"",
      ""facts"": []
    },
    ""posture"": {
      ""importance"": ""low"",
      ""facts"": []
    },
    ""scene"": {
      ""importance"": ""low"",
      ""facts"": []
    },
    ""others"": {
      ""importance"": ""high"",
      ""facts"": [
        ""The branding 'AmazonBasics' is visibly present on the product and/or its packaging.""
      ]
    }
  }
}",high,A pair of over-ear protective earmuffs (hearing-protection style) is shown.,high,Exactly one pair of earmuffs is shown.,high,Two earcups are connected by a headband.,high,The product has two large ear-covering cups sized to cover ears (not in-ear or on-ear headphones). | A curved headband spans between the two earcups.,medium,"The earmuffs appear child-sized (kids earmuffs), not oversized adult proportions.",high,The earmuffs are yellow as the dominant visible color (at least the main exterior of the earcups and/or headband).,low,,low,,medium,"The product is depicted as hearing-safety earmuffs (industrial/safety style), not music headphones (e.g., no visible audio cable connection is required).",high,Each earcup has a cushioned sealing ring/padding visible at the edge that would contact the head.,high,There are exactly two earcups.,high,Each earcup is mounted to the headband (directly or via a yoke/arm).,medium,The earcups appear as rounded/oval shells typical of hearing-protection earmuffs.,low,,medium,"Any non-yellow parts (e.g., headband padding, inner cushions) are secondary compared to the yellow exterior.",low,,low,,medium,The earmuffs appear intended for noise reduction/ear protection (thick cups and sealing cushions).,low,,low,,low,,low,,low,,low,,low,,low,,high,The branding 'AmazonBasics' is visibly present on the product and/or its packaging.
3,"365 Everyday Value, Organic Pumpkin Spice Coffee, 12 oz","{""level_1"": {""existence"": {""importance"": ""high"", ""facts"": [""A packaged consumer product of coffee is shown (e.g., a bag, can, box, or jar intended to contain coffee).""]}, ""counting"": {""importance"": ""low"", ""facts"": []}, ""relation"": {""importance"": ""high"", ""facts"": [""The product packaging displays readable labeling identifying it as the specified coffee product.""]}, ""shape"": {""importance"": ""low"", ""facts"": []}, ""size"": {""importance"": ""low"", ""facts"": []}, ""color"": {""importance"": ""low"", ""facts"": []}, ""posture"": {""importance"": ""low"", ""facts"": []}, ""scene"": {""importance"": ""low"", ""facts"": []}, ""others"": {""importance"": ""low"", ""facts"": []}}, ""level_2"": {""existence"": {""importance"": ""high"", ""facts"": [""The brand name \""365 Everyday Value\"" appears on the packaging."", ""The product name includes the words \""Organic\"", \""Pumpkin Spice\"", and \""Coffee\"" on the packaging.""]}, ""counting"": {""importance"": ""low"", ""facts"": []}, ""relation"": {""importance"": ""high"", ""facts"": [""The words \""365 Everyday Value\"" are presented as part of the same product’s branding on the package."", ""The words \""Organic Pumpkin Spice Coffee\"" (or the same words clearly forming the product name) are presented as the coffee’s description/name on the package.""]}, ""shape"": {""importance"": ""low"", ""facts"": []}, ""size"": {""importance"": ""low"", ""facts"": []}, ""color"": {""importance"": ""low"", ""facts"": []}, ""posture"": {""importance"": ""low"", ""facts"": []}, ""scene"": {""importance"": ""low"", ""facts"": []}, ""others"": {""importance"": ""medium"", ""facts"": [""The packaging includes a visible indication that the product is organic (e.g., the word \""Organic\"" and/or an organic certification mark).""]}}, ""level_3"": {""existence"": {""importance"": ""high"", ""facts"": [""The net quantity \""12 oz\"" appears on the packaging.""]}, ""counting"": {""importance"": ""low"", ""facts"": []}, ""relation"": {""importance"": ""medium"", ""facts"": [""The \""12 oz\"" quantity is presented as the product’s net weight/size on the same package as the brand and product name.""]}, ""shape"": {""importance"": ""low"", ""facts"": []}, ""size"": {""importance"": ""low"", ""facts"": []}, ""color"": {""importance"": ""low"", ""facts"": []}, ""posture"": {""importance"": ""low"", ""facts"": []}, ""scene"": {""importance"": ""low"", ""facts"": []}, ""others"": {""importance"": ""low"", ""facts"": []}}}","{
  ""level_1"": {
    ""existence"": {
      ""importance"": ""high"",
      ""facts"": [
        ""A packaged consumer product of coffee is shown (e.g., a bag, can, box, or jar intended to contain coffee).""
      ]
    },
    ""counting"": {
      ""importance"": ""low"",
      ""facts"": []
    },
    ""relation"": {
      ""importance"": ""high"",
      ""facts"": [
        ""The product packaging displays readable labeling identifying it as the specified coffee product.""
      ]
    },
    ""shape"": {
      ""importance"": ""low"",
      ""facts"": []
    },
    ""size"": {
      ""importance"": ""low"",
      ""facts"": []
    },
    ""color"": {
      ""importance"": ""low"",
      ""facts"": []
    },
    ""posture"": {
      ""importance"": ""low"",
      ""facts"": []
    },
    ""scene"": {
      ""importance"": ""low"",
      ""facts"": []
    },
    ""others"": {
      ""importance"": ""low"",
      ""facts"": []
    }
  },
  ""level_2"": {
    ""existence"": {
      ""importance"": ""high"",
      ""facts"": [
        ""The brand name \""365 Everyday Value\"" appears on the packaging."",
        ""The product name includes the words \""Organic\"", \""Pumpkin Spice\"", and \""Coffee\"" on the packaging.""
      ]
    },
    ""counting"": {
      ""importance"": ""low"",
      ""facts"": []
    },
    ""relation"": {
      ""importance"": ""high"",
      ""facts"": [
        ""The words \""365 Everyday Value\"" are presented as part of the same product’s branding on the package."",
        ""The words \""Organic Pumpkin Spice Coffee\"" (or the same words clearly forming the product name) are presented as the coffee’s description/name on the package.""
      ]
    },
    ""shape"": {
      ""importance"": ""low"",
      ""facts"": []
    },
    ""size"": {
      ""importance"": ""low"",
      ""facts"": []
    },
    ""color"": {
      ""importance"": ""low"",
      ""facts"": []
    },
    ""posture"": {
      ""importance"": ""low"",
      ""facts"": []
    },
    ""scene"": {
      ""importance"": ""low"",
      ""facts"": []
    },
    ""others"": {
      ""importance"": ""medium"",
      ""facts"": [
        ""The packaging includes a visible indication that the product is organic (e.g., the word \""Organic\"" and/or an organic certification mark).""
      ]
    }
  },
  ""level_3"": {
    ""existence"": {
      ""importance"": ""high"",
      ""facts"": [
        ""The net quantity \""12 oz\"" appears on the packaging.""
      ]
    },
    ""counting"": {
      ""importance"": ""low"",
      ""facts"": []
    },
    ""relation"": {
      ""importance"": ""medium"",
      ""facts"": [
        ""The \""12 oz\"" quantity is presented as the product’s net weight/size on the same package as the brand and product name.""
      ]
    },
    ""shape"": {
      ""importance"": ""low"",
      ""facts"": []
    },
    ""size"": {
      ""importance"": ""low"",
      ""facts"": []
    },
    ""color"": {
      ""importance"": ""low"",
      ""facts"": []
    },
    ""posture"": {
      ""importance"": ""low"",
      ""facts"": []
    },
    ""scene"": {
      ""importance"": ""low"",
      ""facts"": []
    },
    ""others"": {
      ""importance"": ""low"",
      ""facts"": []
    }
  }
}",high,"A packaged consumer product of coffee is shown (e.g., a bag, can, box, or jar intended to contain coffee).",low,,high,The product packaging displays readable labeling identifying it as the specified coffee product.,low,,low,,low,,low,,low,,low,,high,"The brand name ""365 Everyday Value"" appears on the packaging. | The product name includes the words ""Organic"", ""Pumpkin Spice"", and ""Coffee"" on the packaging.",low,,high,"The words ""365 Everyday Value"" are presented as part of the same product’s branding on the package. | The words ""Organic Pumpkin Spice Coffee"" (or the same words clearly forming the product name) are presented as the coffee’s description/name on the package.",low,,low,,low,,low,,low,,medium,"The packaging includes a visible indication that the product is organic (e.g., the word ""Organic"" and/or an organic certification mark).",high,"The net quantity ""12 oz"" appears on the packaging.",low,,medium,"The ""12 oz"" quantity is presented as the product’s net weight/size on the same package as the brand and product name.",low,,low,,low,,low,,low,,low,
4,"WHOLE FOODS MARKET Women's Care Probiotic, 30 CT","{""level_1"": {""existence"": {""importance"": ""high"", ""facts"": [""A packaged consumer product is shown.""]}, ""counting"": {""importance"": ""low"", ""facts"": []}, ""relation"": {""importance"": ""low"", ""facts"": []}, ""shape"": {""importance"": ""low"", ""facts"": []}, ""size"": {""importance"": ""low"", ""facts"": []}, ""color"": {""importance"": ""low"", ""facts"": []}, ""posture"": {""importance"": ""low"", ""facts"": []}, ""scene"": {""importance"": ""low"", ""facts"": []}, ""others"": {""importance"": ""high"", ""facts"": [""The product packaging/label identifies it as a Whole Foods Market product.""]}}, ""level_2"": {""existence"": {""importance"": ""high"", ""facts"": [""The product label shows the brand name \""WHOLE FOODS MARKET\""."", ""The product label shows the product name \""Women's Care Probiotic\"".""]}, ""counting"": {""importance"": ""high"", ""facts"": [""The product label shows a count of \""30 CT\"" (30 count).""]}, ""relation"": {""importance"": ""low"", ""facts"": []}, ""shape"": {""importance"": ""low"", ""facts"": []}, ""size"": {""importance"": ""low"", ""facts"": []}, ""color"": {""importance"": ""low"", ""facts"": []}, ""posture"": {""importance"": ""low"", ""facts"": []}, ""scene"": {""importance"": ""low"", ""facts"": []}, ""others"": {""importance"": ""high"", ""facts"": [""The text \""WHOLE FOODS MARKET\"" and \""Women's Care Probiotic\"" and \""30 CT\"" are legible on the visible packaging/label.""]}}, ""level_3"": {""existence"": {""importance"": ""low"", ""facts"": []}, ""counting"": {""importance"": ""low"", ""facts"": []}, ""relation"": {""importance"": ""low"", ""facts"": []}, ""shape"": {""importance"": ""low"", ""facts"": []}, ""size"": {""importance"": ""low"", ""facts"": []}, ""color"": {""importance"": ""low"", ""facts"": []}, ""posture"": {""importance"": ""low"", ""facts"": []}, ""scene"": {""importance"": ""low"", ""facts"": []}, ""others"": {""importance"": ""low"", ""facts"": [""The visible label text uses the same capitalization/wording as: \""WHOLE FOODS MARKET\"" and \""Women's Care Probiotic\"" and \""30 CT\"".""]}}}","{""level_1"":{""existence"":{""importance"":""high"",""facts"":[""A packaged consumer product is shown.""]},""counting"":{""importance"":""low"",""facts"":[]},""relation"":{""importance"":""low"",""facts"":[]},""shape"":{""importance"":""low"",""facts"":[]},""size"":{""importance"":""low"",""facts"":[]},""color"":{""importance"":""low"",""facts"":[]},""posture"":{""importance"":""low"",""facts"":[]},""scene"":{""importance"":""low"",""facts"":[]},""others"":{""importance"":""high"",""facts"":[""The product packaging/label identifies it as a Whole Foods Market product.""]}},""level_2"":{""existence"":{""importance"":""high"",""facts"":[""The product label shows the brand name \""WHOLE FOODS MARKET\""."",""The product label shows the product name \""Women's Care Probiotic\"".""]},""counting"":{""importance"":""high"",""facts"":[""The product label shows a count of \""30 CT\"" (30 count).""]},""relation"":{""importance"":""low"",""facts"":[]},""shape"":{""importance"":""low"",""facts"":[]},""size"":{""importance"":""low"",""facts"":[]},""color"":{""importance"":""low"",""facts"":[]},""posture"":{""importance"":""low"",""facts"":[]},""scene"":{""importance"":""low"",""facts"":[]},""others"":{""importance"":""high"",""facts"":[""The text \""WHOLE FOODS MARKET\"" and \""Women's Care Probiotic\"" and \""30 CT\"" are legible on the visible packaging/label.""]}},""level_3"":{""existence"":{""importance"":""low"",""facts"":[]},""counting"":{""importance"":""low"",""facts"":[]},""relation"":{""importance"":""low"",""facts"":[]},""shape"":{""importance"":""low"",""facts"":[]},""size"":{""importance"":""low"",""facts"":[]},""color"":{""importance"":""low"",""facts"":[]},""posture"":{""importance"":""low"",""facts"":[]},""scene"":{""importance"":""low"",""facts"":[]},""others"":{""importance"":""low"",""facts"":[""The visible label text uses the same capitalization/wording as: \""WHOLE FOODS MARKET\"" and \""Women's Care Probiotic\"" and \""30 CT\"".""]}}}",high,A packaged consumer product is shown.,low,,low,,low,,low,,low,,low,,low,,high,The product packaging/label identifies it as a Whole Foods Market product.,high,"The product label shows the brand name ""WHOLE FOODS MARKET"". | The product label shows the product name ""Women's Care Probiotic"".",high,"The product label shows a count of ""30 CT"" (30 count).",low,,low,,low,,low,,low,,low,,high,"The text ""WHOLE FOODS MARKET"" and ""Women's Care Probiotic"" and ""30 CT"" are legible on the visible packaging/label.",low,,low,,low,,low,,low,,low,,low,,low,,low,"The visible label text uses the same capitalization/wording as: ""WHOLE FOODS MARKET"" and ""Women's Care Probiotic"" and ""30 CT""."
5,"Amazon Brand - Happy Belly Vanilla Wafers, 12 Ounce","{""level_1"": {""existence"": {""importance"": ""high"", ""facts"": [""A retail product package for vanilla wafer cookies is shown.""]}, ""counting"": {""importance"": ""medium"", ""facts"": [""One primary package is prominently shown.""]}, ""relation"": {""importance"": ""low"", ""facts"": []}, ""shape"": {""importance"": ""low"", ""facts"": []}, ""size"": {""importance"": ""low"", ""facts"": []}, ""color"": {""importance"": ""low"", ""facts"": []}, ""posture"": {""importance"": ""low"", ""facts"": []}, ""scene"": {""importance"": ""low"", ""facts"": []}, ""others"": {""importance"": ""high"", ""facts"": [""The package is identifiable as an 'Amazon Brand - Happy Belly Vanilla Wafers' product via visible labeling.""]}}, ""level_2"": {""existence"": {""importance"": ""high"", ""facts"": [""The words 'Amazon Brand' appear on the package."", ""The words 'Happy Belly' appear on the package."", ""The words 'Vanilla Wafers' appear on the package.""]}, ""counting"": {""importance"": ""low"", ""facts"": []}, ""relation"": {""importance"": ""high"", ""facts"": [""The texts 'Amazon Brand', 'Happy Belly', and 'Vanilla Wafers' are printed on the same product package.""]}, ""shape"": {""importance"": ""low"", ""facts"": []}, ""size"": {""importance"": ""low"", ""facts"": []}, ""color"": {""importance"": ""low"", ""facts"": []}, ""posture"": {""importance"": ""low"", ""facts"": []}, ""scene"": {""importance"": ""low"", ""facts"": []}, ""others"": {""importance"": ""medium"", ""facts"": [""Vanilla wafer cookies are visually indicated as the product (e.g., wafers visible in the package or pictured on the package).""]}}, ""level_3"": {""existence"": {""importance"": ""high"", ""facts"": [""The net weight is shown as '12 Ounce' or '12 oz' on the package.""]}, ""counting"": {""importance"": ""low"", ""facts"": []}, ""relation"": {""importance"": ""low"", ""facts"": []}, ""shape"": {""importance"": ""low"", ""facts"": []}, ""size"": {""importance"": ""low"", ""facts"": []}, ""color"": {""importance"": ""low"", ""facts"": []}, ""posture"": {""importance"": ""low"", ""facts"": []}, ""scene"": {""importance"": ""low"", ""facts"": []}, ""others"": {""importance"": ""low"", ""facts"": []}}}","{
  ""level_1"": {
    ""existence"": {
      ""importance"": ""high"",
      ""facts"": [
        ""A retail product package for vanilla wafer cookies is shown.""
      ]
    },
    ""counting"": {
      ""importance"": ""medium"",
      ""facts"": [
        ""One primary package is prominently shown.""
      ]
    },
    ""relation"": {
      ""importance"": ""low"",
      ""facts"": []
    },
    ""shape"": {
      ""importance"": ""low"",
      ""facts"": []
    },
    ""size"": {
      ""importance"": ""low"",
      ""facts"": []
    },
    ""color"": {
      ""importance"": ""low"",
      ""facts"": []
    },
    ""posture"": {
      ""importance"": ""low"",
      ""facts"": []
    },
    ""scene"": {
      ""importance"": ""low"",
      ""facts"": []
    },
    ""others"": {
      ""importance"": ""high"",
      ""facts"": [
        ""The package is identifiable as an 'Amazon Brand - Happy Belly Vanilla Wafers' product via visible labeling.""
      ]
    }
  },
  ""level_2"": {
    ""existence"": {
      ""importance"": ""high"",
      ""facts"": [
        ""The words 'Amazon Brand' appear on the package."",
        ""The words 'Happy Belly' appear on the package."",
        ""The words 'Vanilla Wafers' appear on the package.""
      ]
    },
    ""counting"": {
      ""importance"": ""low"",
      ""facts"": []
    },
    ""relation"": {
      ""importance"": ""high"",
      ""facts"": [
        ""The texts 'Amazon Brand', 'Happy Belly', and 'Vanilla Wafers' are printed on the same product package.""
      ]
    },
    ""shape"": {
      ""importance"": ""low"",
      ""facts"": []
    },
    ""size"": {
      ""importance"": ""low"",
      ""facts"": []
    },
    ""color"": {
      ""importance"": ""low"",
      ""facts"": []
    },
    ""posture"": {
      ""importance"": ""low"",
      ""facts"": []
    },
    ""scene"": {
      ""importance"": ""low"",
      ""facts"": []
    },
    ""others"": {
      ""importance"": ""medium"",
      ""facts"": [
        ""Vanilla wafer cookies are visually indicated as the product (e.g., wafers visible in the package or pictured on the package).""
      ]
    }
  },
  ""level_3"": {
    ""existence"": {
      ""importance"": ""high"",
      ""facts"": [
        ""The net weight is shown as '12 Ounce' or '12 oz' on the package.""
      ]
    },
    ""counting"": {
      ""importance"": ""low"",
      ""facts"": []
    },
    ""relation"": {
      ""importance"": ""low"",
      ""facts"": []
    },
    ""shape"": {
      ""importance"": ""low"",
      ""facts"": []
    },
    ""size"": {
      ""importance"": ""low"",
      ""facts"": []
    },
    ""color"": {
      ""importance"": ""low"",
      ""facts"": []
    },
    ""posture"": {
      ""importance"": ""low"",
      ""facts"": []
    },
    ""scene"": {
      ""importance"": ""low"",
      ""facts"": []
    },
    ""others"": {
      ""importance"": ""low"",
      ""facts"": []
    }
  }
}",high,A retail product package for vanilla wafer cookies is shown.,medium,One primary package is prominently shown.,low,,low,,low,,low,,low,,low,,high,The package is identifiable as an 'Amazon Brand - Happy Belly Vanilla Wafers' product via visible labeling.,high,The words 'Amazon Brand' appear on the package. | The words 'Happy Belly' appear on the package. | The words 'Vanilla Wafers' appear on the package.,low,,high,"The texts 'Amazon Brand', 'Happy Belly', and 'Vanilla Wafers' are printed on the same product package.",low,,low,,low,,low,,low,,medium,"Vanilla wafer cookies are visually indicated as the product (e.g., wafers visible in the package or pictured on the package).",high,The net weight is shown as '12 Ounce' or '12 oz' on the package.,low,,low,,low,,low,,low,,low,,low,,low,
6,"find. Men's Um1527 Chukka Boots, Brown Tan, Womens 8","{""level_1"": {""existence"": {""importance"": ""high"", ""facts"": [""A pair of chukka-style boots is shown.""]}, ""counting"": {""importance"": ""high"", ""facts"": [""Two boots (a pair) are visible.""]}, ""relation"": {""importance"": ""low"", ""facts"": []}, ""shape"": {""importance"": ""high"", ""facts"": [""Each boot has an ankle-high upper (covers the ankle)."", ""Each boot is a lace-up boot (laces are visible).""]}, ""size"": {""importance"": ""low"", ""facts"": []}, ""color"": {""importance"": ""high"", ""facts"": [""The boots are brown/tan in color.""]}, ""posture"": {""importance"": ""low"", ""facts"": []}, ""scene"": {""importance"": ""low"", ""facts"": []}, ""others"": {""importance"": ""low"", ""facts"": []}}, ""level_2"": {""existence"": {""importance"": ""high"", ""facts"": [""Visible text appears somewhere in the image (e.g., on a product page, tag, or box label) identifying the product.""]}, ""counting"": {""importance"": ""low"", ""facts"": []}, ""relation"": {""importance"": ""low"", ""facts"": []}, ""shape"": {""importance"": ""medium"", ""facts"": [""Each boot has a rounded/closed toe typical of chukka boots.""]}, ""size"": {""importance"": ""low"", ""facts"": []}, ""color"": {""importance"": ""low"", ""facts"": []}, ""posture"": {""importance"": ""low"", ""facts"": []}, ""scene"": {""importance"": ""medium"", ""facts"": [""If shown as a product listing/screenshot, the boots image appears together with the identifying product text.""]}, ""others"": {""importance"": ""high"", ""facts"": [""The visible text indicates: \""Men's\""."", ""The visible text includes \""UM1527\""."", ""The visible text includes \""Chukka Boots\""."", ""The visible text indicates the color \""Brown Tan\""."", ""The visible text indicates the size \""Womens 8\"" (or equivalent size notation).""]}}, ""level_3"": {""existence"": {""importance"": ""low"", ""facts"": []}, ""counting"": {""importance"": ""low"", ""facts"": []}, ""relation"": {""importance"": ""low"", ""facts"": []}, ""shape"": {""importance"": ""low"", ""facts"": []}, ""size"": {""importance"": ""low"", ""facts"": []}, ""color"": {""importance"": ""low"", ""facts"": []}, ""posture"": {""importance"": ""low"", ""facts"": []}, ""scene"": {""importance"": ""low"", ""facts"": []}, ""others"": {""importance"": ""low"", ""facts"": []}}}","{""level_1"":{""existence"":{""importance"":""high"",""facts"":[""A pair of chukka-style boots is shown.""]},""counting"":{""importance"":""high"",""facts"":[""Two boots (a pair) are visible.""]},""relation"":{""importance"":""low"",""facts"":[]},""shape"":{""importance"":""high"",""facts"":[""Each boot has an ankle-high upper (covers the ankle)."",""Each boot is a lace-up boot (laces are visible).""]},""size"":{""importance"":""low"",""facts"":[]},""color"":{""importance"":""high"",""facts"":[""The boots are brown/tan in color.""]},""posture"":{""importance"":""low"",""facts"":[]},""scene"":{""importance"":""low"",""facts"":[]},""others"":{""importance"":""low"",""facts"":[]}},""level_2"":{""existence"":{""importance"":""high"",""facts"":[""Visible text appears somewhere in the image (e.g., on a product page, tag, or box label) identifying the product.""]},""counting"":{""importance"":""low"",""facts"":[]},""relation"":{""importance"":""low"",""facts"":[]},""shape"":{""importance"":""medium"",""facts"":[""Each boot has a rounded/closed toe typical of chukka boots.""]},""size"":{""importance"":""low"",""facts"":[]},""color"":{""importance"":""low"",""facts"":[]},""posture"":{""importance"":""low"",""facts"":[]},""scene"":{""importance"":""medium"",""facts"":[""If shown as a product listing/screenshot, the boots image appears together with the identifying product text.""]},""others"":{""importance"":""high"",""facts"":[""The visible text indicates: \""Men's\""."",""The visible text includes \""UM1527\""."",""The visible text includes \""Chukka Boots\""."",""The visible text indicates the color \""Brown Tan\""."",""The visible text indicates the size \""Womens 8\"" (or equivalent size notation).""]}},""level_3"":{""existence"":{""importance"":""low"",""facts"":[]},""counting"":{""importance"":""low"",""facts"":[]},""relation"":{""importance"":""low"",""facts"":[]},""shape"":{""importance"":""low"",""facts"":[]},""size"":{""importance"":""low"",""facts"":[]},""color"":{""importance"":""low"",""facts"":[]},""posture"":{""importance"":""low"",""facts"":[]},""scene"":{""importance"":""low"",""facts"":[]},""others"":{""importance"":""low"",""facts"":[]}}}",high,A pair of chukka-style boots is shown.,high,Two boots (a pair) are visible.,low,,high,Each boot has an ankle-high upper (covers the ankle). | Each boot is a lace-up boot (laces are visible).,low,,high,The boots are brown/tan in color.,low,,low,,low,,high,"Visible text appears somewhere in the image (e.g., on a product page, tag, or box label) identifying the product.",low,,low,,medium,Each boot has a rounded/closed toe typical of chukka boots.,low,,low,,low,,medium,"If shown as a product listing/screenshot, the boots image appears together with the identifying product text.",high,"The visible text indicates: ""Men's"". | The visible text includes ""UM1527"". | The visible text includes ""Chukka Boots"". | The visible text indicates the color ""Brown Tan"". | The visible text indicates the size ""Womens 8"" (or equivalent size notation).",low,,low,,low,,low,,low,,low,,low,,low,,low,
7,"UMI By Amazon 100% Organic Cotton 1 Fitted Sheet Only, 300 Thread Count Soft Sateen Weave GOTS Certified with 30cm deep Pockets Size -Super King, Color- Silver","{""level_1"": {""existence"": {""importance"": ""high"", ""facts"": [""A fitted bed sheet product is shown.""]}, ""counting"": {""importance"": ""high"", ""facts"": [""Only one fitted sheet is shown as the product (no additional sheets or pillowcases shown as included items).""]}, ""relation"": {""importance"": ""low"", ""facts"": []}, ""shape"": {""importance"": ""medium"", ""facts"": [""The sheet is a fitted-sheet form (not a flat rectangular sheet), with shaped corners suitable for wrapping a mattress.""]}, ""size"": {""importance"": ""low"", ""facts"": []}, ""color"": {""importance"": ""high"", ""facts"": [""The fitted sheet is silver/gray in color.""]}, ""posture"": {""importance"": ""low"", ""facts"": []}, ""scene"": {""importance"": ""low"", ""facts"": []}, ""others"": {""importance"": ""low"", ""facts"": []}}, ""level_2"": {""existence"": {""importance"": ""high"", ""facts"": [""The fitted sheet has elasticized edges/corners visible (typical fitted-sheet elastic).""]}, ""counting"": {""importance"": ""medium"", ""facts"": [""No pillowcases are visible."", ""No flat/top sheet is visible.""]}, ""relation"": {""importance"": ""low"", ""facts"": []}, ""shape"": {""importance"": ""medium"", ""facts"": [""The corners appear as pocketed corners consistent with a deep-pocket fitted sheet.""]}, ""size"": {""importance"": ""low"", ""facts"": []}, ""color"": {""importance"": ""high"", ""facts"": [""Any visible product fabric (and not just packaging) appears silver/gray.""]}, ""posture"": {""importance"": ""low"", ""facts"": []}, ""scene"": {""importance"": ""low"", ""facts"": []}, ""others"": {""importance"": ""medium"", ""facts"": [""If the product is shown in packaging, the packaging appears to be for a bedding fitted sheet.""]}}, ""level_3"": {""existence"": {""importance"": ""high"", ""facts"": [""Visible branding and/or packaging text indicates \""UMI By Amazon\""."", ""Visible packaging/label text indicates \""100% Organic Cotton\""."", ""Visible packaging/label text indicates \""1 Fitted Sheet Only\""."", ""Visible packaging/label text indicates \""300 Thread Count\""."", ""Visible packaging/label text indicates \""Soft Sateen Weave\""."", ""A visible GOTS certification mark/logo or text indicating \""GOTS Certified\"" is present."", ""Visible packaging/label text indicates \""30cm deep pockets\""."", ""Visible packaging/label text indicates size \""Super King\""."", ""Visible packaging/label text indicates color \""Silver\"".""]}, ""counting"": {""importance"": ""low"", ""facts"": []}, ""relation"": {""importance"": ""low"", ""facts"": []}, ""shape"": {""importance"": ""low"", ""facts"": []}, ""size"": {""importance"": ""low"", ""facts"": []}, ""color"": {""importance"": ""medium"", ""facts"": [""Any displayed color swatch or printed color name on packaging corresponds to silver.""]}, ""posture"": {""importance"": ""low"", ""facts"": []}, ""scene"": {""importance"": ""low"", ""facts"": []}, ""others"": {""importance"": ""low"", ""facts"": []}}}","{
  ""level_1"": {
    ""existence"": {
      ""importance"": ""high"",
      ""facts"": [
        ""A fitted bed sheet product is shown.""
      ]
    },
    ""counting"": {
      ""importance"": ""high"",
      ""facts"": [
        ""Only one fitted sheet is shown as the product (no additional sheets or pillowcases shown as included items).""
      ]
    },
    ""relation"": {
      ""importance"": ""low"",
      ""facts"": []
    },
    ""shape"": {
      ""importance"": ""medium"",
      ""facts"": [
        ""The sheet is a fitted-sheet form (not a flat rectangular sheet), with shaped corners suitable for wrapping a mattress.""
      ]
    },
    ""size"": {
      ""importance"": ""low"",
      ""facts"": []
    },
    ""color"": {
      ""importance"": ""high"",
      ""facts"": [
        ""The fitted sheet is silver/gray in color.""
      ]
    },
    ""posture"": {
      ""importance"": ""low"",
      ""facts"": []
    },
    ""scene"": {
      ""importance"": ""low"",
      ""facts"": []
    },
    ""others"": {
      ""importance"": ""low"",
      ""facts"": []
    }
  },
  ""level_2"": {
    ""existence"": {
      ""importance"": ""high"",
      ""facts"": [
        ""The fitted sheet has elasticized edges/corners visible (typical fitted-sheet elastic).""
      ]
    },
    ""counting"": {
      ""importance"": ""medium"",
      ""facts"": [
        ""No pillowcases are visible."",
        ""No flat/top sheet is visible.""
      ]
    },
    ""relation"": {
      ""importance"": ""low"",
      ""facts"": []
    },
    ""shape"": {
      ""importance"": ""medium"",
      ""facts"": [
        ""The corners appear as pocketed corners consistent with a deep-pocket fitted sheet.""
      ]
    },
    ""size"": {
      ""importance"": ""low"",
      ""facts"": []
    },
    ""color"": {
      ""importance"": ""high"",
      ""facts"": [
        ""Any visible product fabric (and not just packaging) appears silver/gray.""
      ]
    },
    ""posture"": {
      ""importance"": ""low"",
      ""facts"": []
    },
    ""scene"": {
      ""importance"": ""low"",
      ""facts"": []
    },
    ""others"": {
      ""importance"": ""medium"",
      ""facts"": [
        ""If the product is shown in packaging, the packaging appears to be for a bedding fitted sheet.""
      ]
    }
  },
  ""level_3"": {
    ""existence"": {
      ""importance"": ""high"",
      ""facts"": [
        ""Visible branding and/or packaging text indicates \""UMI By Amazon\""."",
        ""Visible packaging/label text indicates \""100% Organic Cotton\""."",
        ""Visible packaging/label text indicates \""1 Fitted Sheet Only\""."",
        ""Visible packaging/label text indicates \""300 Thread Count\""."",
        ""Visible packaging/label text indicates \""Soft Sateen Weave\""."",
        ""A visible GOTS certification mark/logo or text indicating \""GOTS Certified\"" is present."",
        ""Visible packaging/label text indicates \""30cm deep pockets\""."",
        ""Visible packaging/label text indicates size \""Super King\""."",
        ""Visible packaging/label text indicates color \""Silver\"".""
      ]
    },
    ""counting"": {
      ""importance"": ""low"",
      ""facts"": []
    },
    ""relation"": {
      ""importance"": ""low"",
      ""facts"": []
    },
    ""shape"": {
      ""importance"": ""low"",
      ""facts"": []
    },
    ""size"": {
      ""importance"": ""low"",
      ""facts"": []
    },
    ""color"": {
      ""importance"": ""medium"",
      ""facts"": [
        ""Any displayed color swatch or printed color name on packaging corresponds to silver.""
      ]
    },
    ""posture"": {
      ""importance"": ""low"",
      ""facts"": []
    },
    ""scene"": {
      ""importance"": ""low"",
      ""facts"": []
    },
    ""others"": {
      ""importance"": ""low"",
      ""facts"": []
    }
  }
}",high,A fitted bed sheet product is shown.,high,Only one fitted sheet is shown as the product (no additional sheets or pillowcases shown as included items).,low,,medium,"The sheet is a fitted-sheet form (not a flat rectangular sheet), with shaped corners suitable for wrapping a mattress.",low,,high,The fitted sheet is silver/gray in color.,low,,low,,low,,high,The fitted sheet has elasticized edges/corners visible (typical fitted-sheet elastic).,medium,No pillowcases are visible. | No flat/top sheet is visible.,low,,medium,The corners appear as pocketed corners consistent with a deep-pocket fitted sheet.,low,,high,Any visible product fabric (and not just packaging) appears silver/gray.,low,,low,,medium,"If the product is shown in packaging, the packaging appears to be for a bedding fitted sheet.",high,"Visible branding and/or packaging text indicates ""UMI By Amazon"". | Visible packaging/label text indicates ""100% Organic Cotton"". | Visible packaging/label text indicates ""1 Fitted Sheet Only"". | Visible packaging/label text indicates ""300 Thread Count"". | Visible packaging/label text indicates ""Soft Sateen Weave"". | A visible GOTS certification mark/logo or text indicating ""GOTS Certified"" is present. | Visible packaging/label text indicates ""30cm deep pockets"". | Visible packaging/label text indicates size ""Super King"". | Visible packaging/label text indicates color ""Silver"".",low,,low,,low,,low,,medium,Any displayed color swatch or printed color name on packaging corresponds to silver.,low,,low,,low,
8,Amazon Brand - Symbol Men's Derby leather formal shoes - 10 UK/India (44 EU)(AZ-WS-114A),"{""level_1"": {""existence"": {""importance"": ""high"", ""facts"": [""At least one formal leather dress shoe is depicted.""]}, ""counting"": {""importance"": ""medium"", ""facts"": [""Two shoes (a pair) are depicted.""]}, ""relation"": {""importance"": ""low"", ""facts"": []}, ""shape"": {""importance"": ""high"", ""facts"": [""The shoe(s) are low-cut (below the ankle), typical of dress shoes.""]}, ""size"": {""importance"": ""low"", ""facts"": []}, ""color"": {""importance"": ""low"", ""facts"": []}, ""posture"": {""importance"": ""low"", ""facts"": []}, ""scene"": {""importance"": ""low"", ""facts"": []}, ""others"": {""importance"": ""low"", ""facts"": []}}, ""level_2"": {""existence"": {""importance"": ""high"", ""facts"": [""Each shoe has a lace-up closure with visible laces."", ""The shoe uppers appear to be leather (smooth leather-like surface)."", ""Each shoe has a defined heel.""]}, ""counting"": {""importance"": ""low"", ""facts"": []}, ""relation"": {""importance"": ""high"", ""facts"": [""The shoes are derby style: the lacing area shows open lacing construction (the quarters sit on top of the vamp, leaving a visible opening at the base of the laces).""]}, ""shape"": {""importance"": ""high"", ""facts"": [""Each shoe has a closed toe (not open-toe)."", ""Each shoe has a structured dress-shoe silhouette (not a sneaker/boot/sandal).""]}, ""size"": {""importance"": ""low"", ""facts"": []}, ""color"": {""importance"": ""low"", ""facts"": []}, ""posture"": {""importance"": ""low"", ""facts"": []}, ""scene"": {""importance"": ""low"", ""facts"": []}, ""others"": {""importance"": ""low"", ""facts"": [""If any branding is visible, it includes the word \""Symbol\"" on the product or packaging.""]}}, ""level_3"": {""existence"": {""importance"": ""low"", ""facts"": []}, ""counting"": {""importance"": ""low"", ""facts"": []}, ""relation"": {""importance"": ""low"", ""facts"": []}, ""shape"": {""importance"": ""low"", ""facts"": []}, ""size"": {""importance"": ""low"", ""facts"": [""If a size marking is visible on the shoe or packaging, it shows size \""10\"" (UK/India) and/or \""44\"" (EU).""]}, ""color"": {""importance"": ""low"", ""facts"": []}, ""posture"": {""importance"": ""low"", ""facts"": []}, ""scene"": {""importance"": ""low"", ""facts"": []}, ""others"": {""importance"": ""low"", ""facts"": [""If a model code is visible on the shoe or packaging, it includes \""AZ-WS-114A\"".""]}}}","{
  ""level_1"": {
    ""existence"": {
      ""importance"": ""high"",
      ""facts"": [
        ""At least one formal leather dress shoe is depicted.""
      ]
    },
    ""counting"": {
      ""importance"": ""medium"",
      ""facts"": [
        ""Two shoes (a pair) are depicted.""
      ]
    },
    ""relation"": {
      ""importance"": ""low"",
      ""facts"": []
    },
    ""shape"": {
      ""importance"": ""high"",
      ""facts"": [
        ""The shoe(s) are low-cut (below the ankle), typical of dress shoes.""
      ]
    },
    ""size"": {
      ""importance"": ""low"",
      ""facts"": []
    },
    ""color"": {
      ""importance"": ""low"",
      ""facts"": []
    },
    ""posture"": {
      ""importance"": ""low"",
      ""facts"": []
    },
    ""scene"": {
      ""importance"": ""low"",
      ""facts"": []
    },
    ""others"": {
      ""importance"": ""low"",
      ""facts"": []
    }
  },
  ""level_2"": {
    ""existence"": {
      ""importance"": ""high"",
      ""facts"": [
        ""Each shoe has a lace-up closure with visible laces."",
        ""The shoe uppers appear to be leather (smooth leather-like surface)."",
        ""Each shoe has a defined heel.""
      ]
    },
    ""counting"": {
      ""importance"": ""low"",
      ""facts"": []
    },
    ""relation"": {
      ""importance"": ""high"",
      ""facts"": [
        ""The shoes are derby style: the lacing area shows open lacing construction (the quarters sit on top of the vamp, leaving a visible opening at the base of the laces).""
      ]
    },
    ""shape"": {
      ""importance"": ""high"",
      ""facts"": [
        ""Each shoe has a closed toe (not open-toe)."",
        ""Each shoe has a structured dress-shoe silhouette (not a sneaker/boot/sandal).""
      ]
    },
    ""size"": {
      ""importance"": ""low"",
      ""facts"": []
    },
    ""color"": {
      ""importance"": ""low"",
      ""facts"": []
    },
    ""posture"": {
      ""importance"": ""low"",
      ""facts"": []
    },
    ""scene"": {
      ""importance"": ""low"",
      ""facts"": []
    },
    ""others"": {
      ""importance"": ""low"",
      ""facts"": [
        ""If any branding is visible, it includes the word \""Symbol\"" on the product or packaging.""
      ]
    }
  },
  ""level_3"": {
    ""existence"": {
      ""importance"": ""low"",
      ""facts"": []
    },
    ""counting"": {
      ""importance"": ""low"",
      ""facts"": []
    },
    ""relation"": {
      ""importance"": ""low"",
      ""facts"": []
    },
    ""shape"": {
      ""importance"": ""low"",
      ""facts"": []
    },
    ""size"": {
      ""importance"": ""low"",
      ""facts"": [
        ""If a size marking is visible on the shoe or packaging, it shows size \""10\"" (UK/India) and/or \""44\"" (EU).""
      ]
    },
    ""color"": {
      ""importance"": ""low"",
      ""facts"": []
    },
    ""posture"": {
      ""importance"": ""low"",
      ""facts"": []
    },
    ""scene"": {
      ""importance"": ""low"",
      ""facts"": []
    },
    ""others"": {
      ""importance"": ""low"",
      ""facts"": [
        ""If a model code is visible on the shoe or packaging, it includes \""AZ-WS-114A\"".""
      ]
    }
  }
}",high,At least one formal leather dress shoe is depicted.,medium,Two shoes (a pair) are depicted.,low,,high,"The shoe(s) are low-cut (below the ankle), typical of dress shoes.",low,,low,,low,,low,,low,,high,Each shoe has a lace-up closure with visible laces. | The shoe uppers appear to be leather (smooth leather-like surface). | Each shoe has a defined heel.,low,,high,"The shoes are derby style: the lacing area shows open lacing construction (the quarters sit on top of the vamp, leaving a visible opening at the base of the laces).",high,Each shoe has a closed toe (not open-toe). | Each shoe has a structured dress-shoe silhouette (not a sneaker/boot/sandal).,low,,low,,low,,low,,low,"If any branding is visible, it includes the word ""Symbol"" on the product or packaging.",low,,low,,low,,low,,low,"If a size marking is visible on the shoe or packaging, it shows size ""10"" (UK/India) and/or ""44"" (EU).",low,,low,,low,,low,"If a model code is visible on the shoe or packaging, it includes ""AZ-WS-114A""."
9,Amazon Collection (Find) Platinum Plated Freshwater Cultured Pearl suta-ringusiruba-suwarohusuki-zirukonia pa-ruassya-kattohu-pupiasu (1 1/2 cttw),"{""level_1"": {""existence"": {""importance"": ""high"", ""facts"": [""A piece of jewelry identified as earrings is depicted.""]}, ""counting"": {""importance"": ""medium"", ""facts"": [""The image shows a matching pair of earrings (two earrings).""]}, ""relation"": {""importance"": ""low"", ""facts"": []}, ""shape"": {""importance"": ""low"", ""facts"": []}, ""size"": {""importance"": ""low"", ""facts"": []}, ""color"": {""importance"": ""low"", ""facts"": []}, ""posture"": {""importance"": ""low"", ""facts"": []}, ""scene"": {""importance"": ""low"", ""facts"": []}, ""others"": {""importance"": ""low"", ""facts"": []}}, ""level_2"": {""existence"": {""importance"": ""high"", ""facts"": [""At least one pearl is present as part of the earrings."", ""At least one clear, faceted gemstone (zirconia) is present as part of the earrings."", ""A metal setting/mount for the earrings is visible.""]}, ""counting"": {""importance"": ""low"", ""facts"": []}, ""relation"": {""importance"": ""high"", ""facts"": [""The pearl(s) are attached to the earring metal setting."", ""The zirconia gemstone(s) are set into or mounted on the earrings.""]}, ""shape"": {""importance"": ""high"", ""facts"": [""The zirconia gemstone(s) are Asscher-cut (square outline with clipped corners/step-cut appearance)."", ""The pearl(s) have a rounded/spherical appearance.""]}, ""size"": {""importance"": ""low"", ""facts"": []}, ""color"": {""importance"": ""high"", ""facts"": [""The metal of the earrings appears silver-toned (consistent with platinum-plated sterling silver).""]}, ""posture"": {""importance"": ""low"", ""facts"": []}, ""scene"": {""importance"": ""low"", ""facts"": []}, ""others"": {""importance"": ""low"", ""facts"": []}}, ""level_3"": {""existence"": {""importance"": ""low"", ""facts"": []}, ""counting"": {""importance"": ""low"", ""facts"": []}, ""relation"": {""importance"": ""low"", ""facts"": []}, ""shape"": {""importance"": ""low"", ""facts"": []}, ""size"": {""importance"": ""low"", ""facts"": []}, ""color"": {""importance"": ""low"", ""facts"": []}, ""posture"": {""importance"": ""low"", ""facts"": []}, ""scene"": {""importance"": ""low"", ""facts"": []}, ""others"": {""importance"": ""low"", ""facts"": [""If any branding text is visible, it reads “Amazon Collection” and/or “(Find)”."", ""If any carat-weight text is visible, it includes “1 1/2 cttw”.""]}}}","{
  ""level_1"": {
    ""existence"": {
      ""importance"": ""high"",
      ""facts"": [
        ""A piece of jewelry identified as earrings is depicted.""
      ]
    },
    ""counting"": {
      ""importance"": ""medium"",
      ""facts"": [
        ""The image shows a matching pair of earrings (two earrings).""
      ]
    },
    ""relation"": {
      ""importance"": ""low"",
      ""facts"": []
    },
    ""shape"": {
      ""importance"": ""low"",
      ""facts"": []
    },
    ""size"": {
      ""importance"": ""low"",
      ""facts"": []
    },
    ""color"": {
      ""importance"": ""low"",
      ""facts"": []
    },
    ""posture"": {
      ""importance"": ""low"",
      ""facts"": []
    },
    ""scene"": {
      ""importance"": ""low"",
      ""facts"": []
    },
    ""others"": {
      ""importance"": ""low"",
      ""facts"": []
    }
  },
  ""level_2"": {
    ""existence"": {
      ""importance"": ""high"",
      ""facts"": [
        ""At least one pearl is present as part of the earrings."",
        ""At least one clear, faceted gemstone (zirconia) is present as part of the earrings."",
        ""A metal setting/mount for the earrings is visible.""
      ]
    },
    ""counting"": {
      ""importance"": ""low"",
      ""facts"": []
    },
    ""relation"": {
      ""importance"": ""high"",
      ""facts"": [
        ""The pearl(s) are attached to the earring metal setting."",
        ""The zirconia gemstone(s) are set into or mounted on the earrings.""
      ]
    },
    ""shape"": {
      ""importance"": ""high"",
      ""facts"": [
        ""The zirconia gemstone(s) are Asscher-cut (square outline with clipped corners/step-cut appearance)."",
        ""The pearl(s) have a rounded/spherical appearance.""
      ]
    },
    ""size"": {
      ""importance"": ""low"",
      ""facts"": []
    },
    ""color"": {
      ""importance"": ""high"",
      ""facts"": [
        ""The metal of the earrings appears silver-toned (consistent with platinum-plated sterling silver).""
      ]
    },
    ""posture"": {
      ""importance"": ""low"",
      ""facts"": []
    },
    ""scene"": {
      ""importance"": ""low"",
      ""facts"": []
    },
    ""others"": {
      ""importance"": ""low"",
      ""facts"": []
    }
  },
  ""level_3"": {
    ""existence"": {
      ""importance"": ""low"",
      ""facts"": []
    },
    ""counting"": {
      ""importance"": ""low"",
      ""facts"": []
    },
    ""relation"": {
      ""importance"": ""low"",
      ""facts"": []
    },
    ""shape"": {
      ""importance"": ""low"",
      ""facts"": []
    },
    ""size"": {
      ""importance"": ""low"",
      ""facts"": []
    },
    ""color"": {
      ""importance"": ""low"",
      ""facts"": []
    },
    ""posture"": {
      ""importance"": ""low"",
      ""facts"": []
    },
    ""scene"": {
      ""importance"": ""low"",
      ""facts"": []
    },
    ""others"": {
      ""importance"": ""low"",
      ""facts"": [
        ""If any branding text is visible, it reads “Amazon Collection” and/or “(Find)”."",
        ""If any carat-weight text is visible, it includes “1 1/2 cttw”.""
      ]
    }
  }
}",high,A piece of jewelry identified as earrings is depicted.,medium,The image shows a matching pair of earrings (two earrings).,low,,low,,low,,low,,low,,low,,low,,high,"At least one pearl is present as part of the earrings. | At least one clear, faceted gemstone (zirconia) is present as part of the earrings. | A metal setting/mount for the earrings is visible.",low,,high,The pearl(s) are attached to the earring metal setting. | The zirconia gemstone(s) are set into or mounted on the earrings.,high,The zirconia gemstone(s) are Asscher-cut (square outline with clipped corners/step-cut appearance). | The pearl(s) have a rounded/spherical appearance.,low,,high,The metal of the earrings appears silver-toned (consistent with platinum-plated sterling silver).,low,,low,,low,,low,,low,,low,,low,,low,,low,,low,,low,,low,"If any branding text is visible, it reads “Amazon Collection” and/or “(Find)”. | If any carat-weight text is visible, it includes “1 1/2 cttw”."
10,"365 EVERYDAY VALUE Toronto Steak Dry Rub, 5 OZ","{""level_1"": {""existence"": {""importance"": ""high"", ""facts"": [""A single packaged food seasoning product is shown.""]}, ""counting"": {""importance"": ""medium"", ""facts"": [""Only one product package/container is shown as the main subject.""]}, ""relation"": {""importance"": ""low"", ""facts"": []}, ""shape"": {""importance"": ""low"", ""facts"": []}, ""size"": {""importance"": ""low"", ""facts"": []}, ""color"": {""importance"": ""low"", ""facts"": []}, ""posture"": {""importance"": ""low"", ""facts"": []}, ""scene"": {""importance"": ""low"", ""facts"": []}, ""others"": {""importance"": ""high"", ""facts"": [""The product is identifiable from the visible labeling as '365 EVERYDAY VALUE Toronto Steak Dry Rub, 5 OZ'.""]}}, ""level_2"": {""existence"": {""importance"": ""high"", ""facts"": [""The package/container has a visible front label.""]}, ""counting"": {""importance"": ""low"", ""facts"": []}, ""relation"": {""importance"": ""high"", ""facts"": [""The label includes the brand text '365' and 'EVERYDAY VALUE'."", ""The label includes the product name text 'Toronto Steak Dry Rub'."", ""The label includes the net weight text '5 OZ'.""]}, ""shape"": {""importance"": ""low"", ""facts"": []}, ""size"": {""importance"": ""low"", ""facts"": []}, ""color"": {""importance"": ""low"", ""facts"": []}, ""posture"": {""importance"": ""low"", ""facts"": []}, ""scene"": {""importance"": ""low"", ""facts"": []}, ""others"": {""importance"": ""medium"", ""facts"": [""The product is presented as a dry rub/seasoning (not a liquid sauce).""]}}, ""level_3"": {""existence"": {""importance"": ""low"", ""facts"": []}, ""counting"": {""importance"": ""low"", ""facts"": []}, ""relation"": {""importance"": ""medium"", ""facts"": [""The label text is legible enough to read '365', 'EVERYDAY VALUE', 'Toronto Steak Dry Rub', and '5 OZ'.""]}, ""shape"": {""importance"": ""low"", ""facts"": []}, ""size"": {""importance"": ""low"", ""facts"": []}, ""color"": {""importance"": ""low"", ""facts"": []}, ""posture"": {""importance"": ""low"", ""facts"": []}, ""scene"": {""importance"": ""low"", ""facts"": []}, ""others"": {""importance"": ""low"", ""facts"": []}}}","{
  ""level_1"": {
    ""existence"": {
      ""importance"": ""high"",
      ""facts"": [
        ""A single packaged food seasoning product is shown.""
      ]
    },
    ""counting"": {
      ""importance"": ""medium"",
      ""facts"": [
        ""Only one product package/container is shown as the main subject.""
      ]
    },
    ""relation"": {
      ""importance"": ""low"",
      ""facts"": []
    },
    ""shape"": {
      ""importance"": ""low"",
      ""facts"": []
    },
    ""size"": {
      ""importance"": ""low"",
      ""facts"": []
    },
    ""color"": {
      ""importance"": ""low"",
      ""facts"": []
    },
    ""posture"": {
      ""importance"": ""low"",
      ""facts"": []
    },
    ""scene"": {
      ""importance"": ""low"",
      ""facts"": []
    },
    ""others"": {
      ""importance"": ""high"",
      ""facts"": [
        ""The product is identifiable from the visible labeling as '365 EVERYDAY VALUE Toronto Steak Dry Rub, 5 OZ'.""
      ]
    }
  },
  ""level_2"": {
    ""existence"": {
      ""importance"": ""high"",
      ""facts"": [
        ""The package/container has a visible front label.""
      ]
    },
    ""counting"": {
      ""importance"": ""low"",
      ""facts"": []
    },
    ""relation"": {
      ""importance"": ""high"",
      ""facts"": [
        ""The label includes the brand text '365' and 'EVERYDAY VALUE'."",
        ""The label includes the product name text 'Toronto Steak Dry Rub'."",
        ""The label includes the net weight text '5 OZ'.""
      ]
    },
    ""shape"": {
      ""importance"": ""low"",
      ""facts"": []
    },
    ""size"": {
      ""importance"": ""low"",
      ""facts"": []
    },
    ""color"": {
      ""importance"": ""low"",
      ""facts"": []
    },
    ""posture"": {
      ""importance"": ""low"",
      ""facts"": []
    },
    ""scene"": {
      ""importance"": ""low"",
      ""facts"": []
    },
    ""others"": {
      ""importance"": ""medium"",
      ""facts"": [
        ""The product is presented as a dry rub/seasoning (not a liquid sauce).""
      ]
    }
  },
  ""level_3"": {
    ""existence"": {
      ""importance"": ""low"",
      ""facts"": []
    },
    ""counting"": {
      ""importance"": ""low"",
      ""facts"": []
    },
    ""relation"": {
      ""importance"": ""medium"",
      ""facts"": [
        ""The label text is legible enough to read '365', 'EVERYDAY VALUE', 'Toronto Steak Dry Rub', and '5 OZ'.""
      ]
    },
    ""shape"": {
      ""importance"": ""low"",
      ""facts"": []
    },
    ""size"": {
      ""importance"": ""low"",
      ""facts"": []
    },
    ""color"": {
      ""importance"": ""low"",
      ""facts"": []
    },
    ""posture"": {
      ""importance"": ""low"",
      ""facts"": []
    },
    ""scene"": {
      ""importance"": ""low"",
      ""facts"": []
    },
    ""others"": {
      ""importance"": ""low"",
      ""facts"": []
    }
  }
}",high,A single packaged food seasoning product is shown.,medium,Only one product package/container is shown as the main subject.,low,,low,,low,,low,,low,,low,,high,"The product is identifiable from the visible labeling as '365 EVERYDAY VALUE Toronto Steak Dry Rub, 5 OZ'.",high,The package/container has a visible front label.,low,,high,The label includes the brand text '365' and 'EVERYDAY VALUE'. | The label includes the product name text 'Toronto Steak Dry Rub'. | The label includes the net weight text '5 OZ'.,low,,low,,low,,low,,low,,medium,The product is presented as a dry rub/seasoning (not a liquid sauce).,low,,low,,medium,"The label text is legible enough to read '365', 'EVERYDAY VALUE', 'Toronto Steak Dry Rub', and '5 OZ'.",low,,low,,low,,low,,low,,low,
11,"Amazon Brand – Stone & Beam Industry French Metal Queen Bed with Headboard, 63.5""W, Black","{""level_1"": {""existence"": {""importance"": ""high"", ""facts"": [""A bed frame is shown."", ""A headboard is attached to the bed frame.""]}, ""counting"": {""importance"": ""medium"", ""facts"": [""One bed frame is shown.""]}, ""relation"": {""importance"": ""high"", ""facts"": [""The headboard is connected to the bed frame at one end (the head end).""]}, ""shape"": {""importance"": ""low"", ""facts"": []}, ""size"": {""importance"": ""low"", ""facts"": []}, ""color"": {""importance"": ""high"", ""facts"": [""The bed frame is black.""]}, ""posture"": {""importance"": ""medium"", ""facts"": [""The bed frame is upright and set up as a usable bed (not collapsed or disassembled).""]}, ""scene"": {""importance"": ""low"", ""facts"": []}, ""others"": {""importance"": ""low"", ""facts"": [""The image is in color (not black-and-white).""]}}, ""level_2"": {""existence"": {""importance"": ""high"", ""facts"": [""The bed frame structure appears to be made of metal (e.g., metal rails/tubing).""]}, ""counting"": {""importance"": ""low"", ""facts"": []}, ""relation"": {""importance"": ""medium"", ""facts"": [""Side rails connect the headboard area to the rest of the bed frame.""]}, ""shape"": {""importance"": ""medium"", ""facts"": [""The headboard has a metal frame with multiple bars/spindles forming the panel.""]}, ""size"": {""importance"": ""low"", ""facts"": []}, ""color"": {""importance"": ""high"", ""facts"": [""The headboard is black, matching the rest of the bed frame.""]}, ""posture"": {""importance"": ""low"", ""facts"": []}, ""scene"": {""importance"": ""low"", ""facts"": []}, ""others"": {""importance"": ""low"", ""facts"": []}}, ""level_3"": {""existence"": {""importance"": ""low"", ""facts"": []}, ""counting"": {""importance"": ""low"", ""facts"": []}, ""relation"": {""importance"": ""low"", ""facts"": []}, ""shape"": {""importance"": ""low"", ""facts"": []}, ""size"": {""importance"": ""low"", ""facts"": []}, ""color"": {""importance"": ""low"", ""facts"": []}, ""posture"": {""importance"": ""low"", ""facts"": []}, ""scene"": {""importance"": ""low"", ""facts"": []}, ""others"": {""importance"": ""low"", ""facts"": []}}}","{
  ""level_1"": {
    ""existence"": {
      ""importance"": ""high"",
      ""facts"": [
        ""A bed frame is shown."",
        ""A headboard is attached to the bed frame.""
      ]
    },
    ""counting"": {
      ""importance"": ""medium"",
      ""facts"": [
        ""One bed frame is shown.""
      ]
    },
    ""relation"": {
      ""importance"": ""high"",
      ""facts"": [
        ""The headboard is connected to the bed frame at one end (the head end).""
      ]
    },
    ""shape"": {
      ""importance"": ""low"",
      ""facts"": []
    },
    ""size"": {
      ""importance"": ""low"",
      ""facts"": []
    },
    ""color"": {
      ""importance"": ""high"",
      ""facts"": [
        ""The bed frame is black.""
      ]
    },
    ""posture"": {
      ""importance"": ""medium"",
      ""facts"": [
        ""The bed frame is upright and set up as a usable bed (not collapsed or disassembled).""
      ]
    },
    ""scene"": {
      ""importance"": ""low"",
      ""facts"": []
    },
    ""others"": {
      ""importance"": ""low"",
      ""facts"": [
        ""The image is in color (not black-and-white).""
      ]
    }
  },
  ""level_2"": {
    ""existence"": {
      ""importance"": ""high"",
      ""facts"": [
        ""The bed frame structure appears to be made of metal (e.g., metal rails/tubing).""
      ]
    },
    ""counting"": {
      ""importance"": ""low"",
      ""facts"": []
    },
    ""relation"": {
      ""importance"": ""medium"",
      ""facts"": [
        ""Side rails connect the headboard area to the rest of the bed frame.""
      ]
    },
    ""shape"": {
      ""importance"": ""medium"",
      ""facts"": [
        ""The headboard has a metal frame with multiple bars/spindles forming the panel.""
      ]
    },
    ""size"": {
      ""importance"": ""low"",
      ""facts"": []
    },
    ""color"": {
      ""importance"": ""high"",
      ""facts"": [
        ""The headboard is black, matching the rest of the bed frame.""
      ]
    },
    ""posture"": {
      ""importance"": ""low"",
      ""facts"": []
    },
    ""scene"": {
      ""importance"": ""low"",
      ""facts"": []
    },
    ""others"": {
      ""importance"": ""low"",
      ""facts"": []
    }
  },
  ""level_3"": {
    ""existence"": {
      ""importance"": ""low"",
      ""facts"": []
    },
    ""counting"": {
      ""importance"": ""low"",
      ""facts"": []
    },
    ""relation"": {
      ""importance"": ""low"",
      ""facts"": []
    },
    ""shape"": {
      ""importance"": ""low"",
      ""facts"": []
    },
    ""size"": {
      ""importance"": ""low"",
      ""facts"": []
    },
    ""color"": {
      ""importance"": ""low"",
      ""facts"": []
    },
    ""posture"": {
      ""importance"": ""low"",
      ""facts"": []
    },
    ""scene"": {
      ""importance"": ""low"",
      ""facts"": []
    },
    ""others"": {
      ""importance"": ""low"",
      ""facts"": []
    }
  }
}",high,A bed frame is shown. | A headboard is attached to the bed frame.,medium,One bed frame is shown.,high,The headboard is connected to the bed frame at one end (the head end).,low,,low,,high,The bed frame is black.,medium,The bed frame is upright and set up as a usable bed (not collapsed or disassembled).,low,,low,The image is in color (not black-and-white).,high,"The bed frame structure appears to be made of metal (e.g., metal rails/tubing).",low,,medium,Side rails connect the headboard area to the rest of the bed frame.,medium,The headboard has a metal frame with multiple bars/spindles forming the panel.,low,,high,"The headboard is black, matching the rest of the bed frame.",low,,low,,low,,low,,low,,low,,low,,low,,low,,low,,low,,low,
12,"WHOLE FOODS MARKET Mediterranean Herb Infused Greek Extra Virgin Olive Oil, 8.45 FZ","{""level_1"": {""existence"": {""importance"": ""high"", ""facts"": [""A packaged consumer product identified as olive oil is depicted.""]}, ""counting"": {""importance"": ""medium"", ""facts"": [""Exactly one primary product package/container is shown.""]}, ""relation"": {""importance"": ""high"", ""facts"": [""The product packaging shows branding and product-name text on it.""]}, ""shape"": {""importance"": ""medium"", ""facts"": [""The product is contained in a bottle-like or jar-like container suitable for liquid oil.""]}, ""size"": {""importance"": ""low"", ""facts"": []}, ""color"": {""importance"": ""low"", ""facts"": []}, ""posture"": {""importance"": ""low"", ""facts"": []}, ""scene"": {""importance"": ""low"", ""facts"": []}, ""others"": {""importance"": ""high"", ""facts"": [""The text on the packaging indicates the product is 'Extra Virgin Olive Oil'.""]}}, ""level_2"": {""existence"": {""importance"": ""high"", ""facts"": [""The packaging includes the brand name 'WHOLE FOODS MARKET'."", ""The packaging includes the descriptor 'Mediterranean Herb Infused'."", ""The packaging includes the descriptor 'Greek'.""]}, ""counting"": {""importance"": ""low"", ""facts"": []}, ""relation"": {""importance"": ""high"", ""facts"": [""All specified brand/product/descriptor text appears associated together on the same product packaging.""]}, ""shape"": {""importance"": ""low"", ""facts"": []}, ""size"": {""importance"": ""high"", ""facts"": [""The packaging displays the size '8.45 FZ'.""]}, ""color"": {""importance"": ""low"", ""facts"": []}, ""posture"": {""importance"": ""low"", ""facts"": []}, ""scene"": {""importance"": ""low"", ""facts"": []}, ""others"": {""importance"": ""medium"", ""facts"": [""The key identifying text on the packaging is legible enough to read.""]}}, ""level_3"": {""existence"": {""importance"": ""high"", ""facts"": [""The visible packaging text includes the exact wording components: 'WHOLE FOODS MARKET', 'Mediterranean Herb Infused', 'Greek', 'Extra Virgin Olive Oil', and '8.45 FZ'.""]}, ""counting"": {""importance"": ""low"", ""facts"": []}, ""relation"": {""importance"": ""low"", ""facts"": []}, ""shape"": {""importance"": ""low"", ""facts"": []}, ""size"": {""importance"": ""low"", ""facts"": []}, ""color"": {""importance"": ""low"", ""facts"": []}, ""posture"": {""importance"": ""low"", ""facts"": []}, ""scene"": {""importance"": ""low"", ""facts"": []}, ""others"": {""importance"": ""low"", ""facts"": []}}}","{
  ""level_1"": {
    ""existence"": {
      ""importance"": ""high"",
      ""facts"": [
        ""A packaged consumer product identified as olive oil is depicted.""
      ]
    },
    ""counting"": {
      ""importance"": ""medium"",
      ""facts"": [
        ""Exactly one primary product package/container is shown.""
      ]
    },
    ""relation"": {
      ""importance"": ""high"",
      ""facts"": [
        ""The product packaging shows branding and product-name text on it.""
      ]
    },
    ""shape"": {
      ""importance"": ""medium"",
      ""facts"": [
        ""The product is contained in a bottle-like or jar-like container suitable for liquid oil.""
      ]
    },
    ""size"": {
      ""importance"": ""low"",
      ""facts"": []
    },
    ""color"": {
      ""importance"": ""low"",
      ""facts"": []
    },
    ""posture"": {
      ""importance"": ""low"",
      ""facts"": []
    },
    ""scene"": {
      ""importance"": ""low"",
      ""facts"": []
    },
    ""others"": {
      ""importance"": ""high"",
      ""facts"": [
        ""The text on the packaging indicates the product is 'Extra Virgin Olive Oil'.""
      ]
    }
  },
  ""level_2"": {
    ""existence"": {
      ""importance"": ""high"",
      ""facts"": [
        ""The packaging includes the brand name 'WHOLE FOODS MARKET'."",
        ""The packaging includes the descriptor 'Mediterranean Herb Infused'."",
        ""The packaging includes the descriptor 'Greek'.""
      ]
    },
    ""counting"": {
      ""importance"": ""low"",
      ""facts"": []
    },
    ""relation"": {
      ""importance"": ""high"",
      ""facts"": [
        ""All specified brand/product/descriptor text appears associated together on the same product packaging.""
      ]
    },
    ""shape"": {
      ""importance"": ""low"",
      ""facts"": []
    },
    ""size"": {
      ""importance"": ""high"",
      ""facts"": [
        ""The packaging displays the size '8.45 FZ'.""
      ]
    },
    ""color"": {
      ""importance"": ""low"",
      ""facts"": []
    },
    ""posture"": {
      ""importance"": ""low"",
      ""facts"": []
    },
    ""scene"": {
      ""importance"": ""low"",
      ""facts"": []
    },
    ""others"": {
      ""importance"": ""medium"",
      ""facts"": [
        ""The key identifying text on the packaging is legible enough to read.""
      ]
    }
  },
  ""level_3"": {
    ""existence"": {
      ""importance"": ""high"",
      ""facts"": [
        ""The visible packaging text includes the exact wording components: 'WHOLE FOODS MARKET', 'Mediterranean Herb Infused', 'Greek', 'Extra Virgin Olive Oil', and '8.45 FZ'.""
      ]
    },
    ""counting"": {
      ""importance"": ""low"",
      ""facts"": []
    },
    ""relation"": {
      ""importance"": ""low"",
      ""facts"": []
    },
    ""shape"": {
      ""importance"": ""low"",
      ""facts"": []
    },
    ""size"": {
      ""importance"": ""low"",
      ""facts"": []
    },
    ""color"": {
      ""importance"": ""low"",
      ""facts"": []
    },
    ""posture"": {
      ""importance"": ""low"",
      ""facts"": []
    },
    ""scene"": {
      ""importance"": ""low"",
      ""facts"": []
    },
    ""others"": {
      ""importance"": ""low"",
      ""facts"": []
    }
  }
}",high,A packaged consumer product identified as olive oil is depicted.,medium,Exactly one primary product package/container is shown.,high,The product packaging shows branding and product-name text on it.,medium,The product is contained in a bottle-like or jar-like container suitable for liquid oil.,low,,low,,low,,low,,high,The text on the packaging indicates the product is 'Extra Virgin Olive Oil'.,high,The packaging includes the brand name 'WHOLE FOODS MARKET'. | The packaging includes the descriptor 'Mediterranean Herb Infused'. | The packaging includes the descriptor 'Greek'.,low,,high,All specified brand/product/descriptor text appears associated together on the same product packaging.,low,,high,The packaging displays the size '8.45 FZ'.,low,,low,,low,,medium,The key identifying text on the packaging is legible enough to read.,high,"The visible packaging text includes the exact wording components: 'WHOLE FOODS MARKET', 'Mediterranean Herb Infused', 'Greek', 'Extra Virgin Olive Oil', and '8.45 FZ'.",low,,low,,low,,low,,low,,low,,low,,low,
13,"Women's Beau, (Blue), 5 UK","{""level_1"": {""existence"": {""importance"": ""high"", ""facts"": [""At least one footwear item (a shoe) is shown.""]}, ""counting"": {""importance"": ""low"", ""facts"": []}, ""relation"": {""importance"": ""low"", ""facts"": []}, ""shape"": {""importance"": ""low"", ""facts"": []}, ""size"": {""importance"": ""low"", ""facts"": []}, ""color"": {""importance"": ""high"", ""facts"": [""The shoe is blue.""]}, ""posture"": {""importance"": ""low"", ""facts"": []}, ""scene"": {""importance"": ""low"", ""facts"": []}, ""others"": {""importance"": ""medium"", ""facts"": [""Some visible product text/labeling is present that identifies the item.""]}}, ""level_2"": {""existence"": {""importance"": ""medium"", ""facts"": [""A tag, label, or box associated with the shoe is visible.""]}, ""counting"": {""importance"": ""low"", ""facts"": []}, ""relation"": {""importance"": ""medium"", ""facts"": [""The visible tag/label/box corresponds to the shown shoe.""]}, ""shape"": {""importance"": ""low"", ""facts"": []}, ""size"": {""importance"": ""low"", ""facts"": []}, ""color"": {""importance"": ""low"", ""facts"": []}, ""posture"": {""importance"": ""low"", ""facts"": []}, ""scene"": {""importance"": ""low"", ""facts"": []}, ""others"": {""importance"": ""high"", ""facts"": [""The visible tag/label/box indicates the shoe is a women's product."", ""The visible tag/label/box indicates the model/name 'Beau'."", ""The visible tag/label/box indicates the size is UK 5.""]}}, ""level_3"": {""existence"": {""importance"": ""low"", ""facts"": []}, ""counting"": {""importance"": ""low"", ""facts"": []}, ""relation"": {""importance"": ""low"", ""facts"": []}, ""shape"": {""importance"": ""low"", ""facts"": []}, ""size"": {""importance"": ""low"", ""facts"": []}, ""color"": {""importance"": ""low"", ""facts"": []}, ""posture"": {""importance"": ""low"", ""facts"": []}, ""scene"": {""importance"": ""low"", ""facts"": []}, ""others"": {""importance"": ""high"", ""facts"": [""The readable text includes 'Beau'."", ""The readable text includes 'UK 5' (or equivalently '5 UK')."", ""The readable text includes 'Women' or 'Women's'."", ""The readable text includes 'Blue' (or '(Blue)').""]}}}","{
  ""level_1"": {
    ""existence"": {
      ""importance"": ""high"",
      ""facts"": [
        ""At least one footwear item (a shoe) is shown.""
      ]
    },
    ""counting"": {
      ""importance"": ""low"",
      ""facts"": []
    },
    ""relation"": {
      ""importance"": ""low"",
      ""facts"": []
    },
    ""shape"": {
      ""importance"": ""low"",
      ""facts"": []
    },
    ""size"": {
      ""importance"": ""low"",
      ""facts"": []
    },
    ""color"": {
      ""importance"": ""high"",
      ""facts"": [
        ""The shoe is blue.""
      ]
    },
    ""posture"": {
      ""importance"": ""low"",
      ""facts"": []
    },
    ""scene"": {
      ""importance"": ""low"",
      ""facts"": []
    },
    ""others"": {
      ""importance"": ""medium"",
      ""facts"": [
        ""Some visible product text/labeling is present that identifies the item.""
      ]
    }
  },
  ""level_2"": {
    ""existence"": {
      ""importance"": ""medium"",
      ""facts"": [
        ""A tag, label, or box associated with the shoe is visible.""
      ]
    },
    ""counting"": {
      ""importance"": ""low"",
      ""facts"": []
    },
    ""relation"": {
      ""importance"": ""medium"",
      ""facts"": [
        ""The visible tag/label/box corresponds to the shown shoe.""
      ]
    },
    ""shape"": {
      ""importance"": ""low"",
      ""facts"": []
    },
    ""size"": {
      ""importance"": ""low"",
      ""facts"": []
    },
    ""color"": {
      ""importance"": ""low"",
      ""facts"": []
    },
    ""posture"": {
      ""importance"": ""low"",
      ""facts"": []
    },
    ""scene"": {
      ""importance"": ""low"",
      ""facts"": []
    },
    ""others"": {
      ""importance"": ""high"",
      ""facts"": [
        ""The visible tag/label/box indicates the shoe is a women's product."",
        ""The visible tag/label/box indicates the model/name 'Beau'."",
        ""The visible tag/label/box indicates the size is UK 5.""
      ]
    }
  },
  ""level_3"": {
    ""existence"": {
      ""importance"": ""low"",
      ""facts"": []
    },
    ""counting"": {
      ""importance"": ""low"",
      ""facts"": []
    },
    ""relation"": {
      ""importance"": ""low"",
      ""facts"": []
    },
    ""shape"": {
      ""importance"": ""low"",
      ""facts"": []
    },
    ""size"": {
      ""importance"": ""low"",
      ""facts"": []
    },
    ""color"": {
      ""importance"": ""low"",
      ""facts"": []
    },
    ""posture"": {
      ""importance"": ""low"",
      ""facts"": []
    },
    ""scene"": {
      ""importance"": ""low"",
      ""facts"": []
    },
    ""others"": {
      ""importance"": ""high"",
      ""facts"": [
        ""The readable text includes 'Beau'."",
        ""The readable text includes 'UK 5' (or equivalently '5 UK')."",
        ""The readable text includes 'Women' or 'Women's'."",
        ""The readable text includes 'Blue' (or '(Blue)').""
      ]
    }
  }
}",high,At least one footwear item (a shoe) is shown.,low,,low,,low,,low,,high,The shoe is blue.,low,,low,,medium,Some visible product text/labeling is present that identifies the item.,medium,"A tag, label, or box associated with the shoe is visible.",low,,medium,The visible tag/label/box corresponds to the shown shoe.,low,,low,,low,,low,,low,,high,The visible tag/label/box indicates the shoe is a women's product. | The visible tag/label/box indicates the model/name 'Beau'. | The visible tag/label/box indicates the size is UK 5.,low,,low,,low,,low,,low,,low,,low,,low,,high,The readable text includes 'Beau'. | The readable text includes 'UK 5' (or equivalently '5 UK'). | The readable text includes 'Women' or 'Women's'. | The readable text includes 'Blue' (or '(Blue)').
14,"UMI. Double Fitted Sheet - 100% Cotton 300 Thread Count Double fitted sheets, Scottish Grey Colour, Elasticized Deep Pocket Fits Low Profile Foam and Tall Mattresses","{""level_1"": {""existence"": {""importance"": ""high"", ""facts"": [""A fitted bed sheet is depicted.""]}, ""counting"": {""importance"": ""low"", ""facts"": []}, ""relation"": {""importance"": ""medium"", ""facts"": [""The sheet is shown in a way that makes it identifiable as fitted (e.g., fitted corners and/or elasticized edge).""]}, ""shape"": {""importance"": ""medium"", ""facts"": [""The sheet has shaped corners consistent with a fitted sheet (not a simple flat rectangular sheet).""]}, ""size"": {""importance"": ""low"", ""facts"": []}, ""color"": {""importance"": ""high"", ""facts"": [""The sheet is Scottish grey (a grey-colored sheet).""]}, ""posture"": {""importance"": ""low"", ""facts"": []}, ""scene"": {""importance"": ""low"", ""facts"": []}, ""others"": {""importance"": ""low"", ""facts"": []}}, ""level_2"": {""existence"": {""importance"": ""high"", ""facts"": [""Elasticized edging is visible on the fitted sheet.""]}, ""counting"": {""importance"": ""low"", ""facts"": []}, ""relation"": {""importance"": ""high"", ""facts"": [""Elastic/gathering runs along the sheet edge, indicating it is meant to grip a mattress.""]}, ""shape"": {""importance"": ""medium"", ""facts"": [""The corners appear pocketed/deep (extra fabric height at corners rather than shallow corners).""]}, ""size"": {""importance"": ""low"", ""facts"": []}, ""color"": {""importance"": ""high"", ""facts"": [""The visible elasticized edge and corner areas match the sheet’s grey color (not a different contrasting color).""]}, ""posture"": {""importance"": ""low"", ""facts"": []}, ""scene"": {""importance"": ""medium"", ""facts"": [""If a bed/mattress is shown, the sheet is fitted over the mattress with the elastic edge tucked under the sides.""]}, ""others"": {""importance"": ""low"", ""facts"": []}}, ""level_3"": {""existence"": {""importance"": ""medium"", ""facts"": [""If any branding/packaging/label text is shown, it includes the brand name \""UMI\"".""]}, ""counting"": {""importance"": ""low"", ""facts"": []}, ""relation"": {""importance"": ""low"", ""facts"": []}, ""shape"": {""importance"": ""low"", ""facts"": []}, ""size"": {""importance"": ""low"", ""facts"": []}, ""color"": {""importance"": ""low"", ""facts"": []}, ""posture"": {""importance"": ""low"", ""facts"": []}, ""scene"": {""importance"": ""low"", ""facts"": []}, ""others"": {""importance"": ""low"", ""facts"": []}}}","{
  ""level_1"": {
    ""existence"": {
      ""importance"": ""high"",
      ""facts"": [
        ""A fitted bed sheet is depicted.""
      ]
    },
    ""counting"": {
      ""importance"": ""low"",
      ""facts"": []
    },
    ""relation"": {
      ""importance"": ""medium"",
      ""facts"": [
        ""The sheet is shown in a way that makes it identifiable as fitted (e.g., fitted corners and/or elasticized edge).""
      ]
    },
    ""shape"": {
      ""importance"": ""medium"",
      ""facts"": [
        ""The sheet has shaped corners consistent with a fitted sheet (not a simple flat rectangular sheet).""
      ]
    },
    ""size"": {
      ""importance"": ""low"",
      ""facts"": []
    },
    ""color"": {
      ""importance"": ""high"",
      ""facts"": [
        ""The sheet is Scottish grey (a grey-colored sheet).""
      ]
    },
    ""posture"": {
      ""importance"": ""low"",
      ""facts"": []
    },
    ""scene"": {
      ""importance"": ""low"",
      ""facts"": []
    },
    ""others"": {
      ""importance"": ""low"",
      ""facts"": []
    }
  },
  ""level_2"": {
    ""existence"": {
      ""importance"": ""high"",
      ""facts"": [
        ""Elasticized edging is visible on the fitted sheet.""
      ]
    },
    ""counting"": {
      ""importance"": ""low"",
      ""facts"": []
    },
    ""relation"": {
      ""importance"": ""high"",
      ""facts"": [
        ""Elastic/gathering runs along the sheet edge, indicating it is meant to grip a mattress.""
      ]
    },
    ""shape"": {
      ""importance"": ""medium"",
      ""facts"": [
        ""The corners appear pocketed/deep (extra fabric height at corners rather than shallow corners).""
      ]
    },
    ""size"": {
      ""importance"": ""low"",
      ""facts"": []
    },
    ""color"": {
      ""importance"": ""high"",
      ""facts"": [
        ""The visible elasticized edge and corner areas match the sheet’s grey color (not a different contrasting color).""
      ]
    },
    ""posture"": {
      ""importance"": ""low"",
      ""facts"": []
    },
    ""scene"": {
      ""importance"": ""medium"",
      ""facts"": [
        ""If a bed/mattress is shown, the sheet is fitted over the mattress with the elastic edge tucked under the sides.""
      ]
    },
    ""others"": {
      ""importance"": ""low"",
      ""facts"": []
    }
  },
  ""level_3"": {
    ""existence"": {
      ""importance"": ""medium"",
      ""facts"": [
        ""If any branding/packaging/label text is shown, it includes the brand name \""UMI\"".""
      ]
    },
    ""counting"": {
      ""importance"": ""low"",
      ""facts"": []
    },
    ""relation"": {
      ""importance"": ""low"",
      ""facts"": []
    },
    ""shape"": {
      ""importance"": ""low"",
      ""facts"": []
    },
    ""size"": {
      ""importance"": ""low"",
      ""facts"": []
    },
    ""color"": {
      ""importance"": ""low"",
      ""facts"": []
    },
    ""posture"": {
      ""importance"": ""low"",
      ""facts"": []
    },
    ""scene"": {
      ""importance"": ""low"",
      ""facts"": []
    },
    ""others"": {
      ""importance"": ""low"",
      ""facts"": []
    }
  }
}",high,A fitted bed sheet is depicted.,low,,medium,"The sheet is shown in a way that makes it identifiable as fitted (e.g., fitted corners and/or elasticized edge).",medium,The sheet has shaped corners consistent with a fitted sheet (not a simple flat rectangular sheet).,low,,high,The sheet is Scottish grey (a grey-colored sheet).,low,,low,,low,,high,Elasticized edging is visible on the fitted sheet.,low,,high,"Elastic/gathering runs along the sheet edge, indicating it is meant to grip a mattress.",medium,The corners appear pocketed/deep (extra fabric height at corners rather than shallow corners).,low,,high,The visible elasticized edge and corner areas match the sheet’s grey color (not a different contrasting color).,low,,medium,"If a bed/mattress is shown, the sheet is fitted over the mattress with the elastic edge tucked under the sides.",low,,medium,"If any branding/packaging/label text is shown, it includes the brand name ""UMI"".",low,,low,,low,,low,,low,,low,,low,,low,
15,"[Amazon Collection] Amazon Collection Platinum Plated Sterling Silver Clear Princess Cut Cubic Zirconia 3 Stone Ring, Size 7","{""level_1"": {""existence"": {""importance"": ""high"", ""facts"": [""A ring is depicted.""]}, ""counting"": {""importance"": ""high"", ""facts"": [""Exactly one ring is depicted.""]}, ""relation"": {""importance"": ""low"", ""facts"": []}, ""shape"": {""importance"": ""low"", ""facts"": []}, ""size"": {""importance"": ""low"", ""facts"": []}, ""color"": {""importance"": ""medium"", ""facts"": [""The ring’s metal appears silver/white-metal colored.""]}, ""posture"": {""importance"": ""low"", ""facts"": []}, ""scene"": {""importance"": ""low"", ""facts"": []}, ""others"": {""importance"": ""low"", ""facts"": []}}, ""level_2"": {""existence"": {""importance"": ""high"", ""facts"": [""Three gemstones are set on the ring.""]}, ""counting"": {""importance"": ""high"", ""facts"": [""Exactly three gemstones are visible on the ring.""]}, ""relation"": {""importance"": ""high"", ""facts"": [""The three gemstones are arranged as a three-stone ring (a center stone with two side stones).""]}, ""shape"": {""importance"": ""high"", ""facts"": [""Each gemstone is princess-cut (square-shaped when viewed from above).""]}, ""size"": {""importance"": ""medium"", ""facts"": [""The center gemstone appears larger than each of the two side gemstones.""]}, ""color"": {""importance"": ""high"", ""facts"": [""The gemstones appear clear/colorless.""]}, ""posture"": {""importance"": ""low"", ""facts"": []}, ""scene"": {""importance"": ""low"", ""facts"": []}, ""others"": {""importance"": ""low"", ""facts"": []}}, ""level_3"": {""existence"": {""importance"": ""low"", ""facts"": []}, ""counting"": {""importance"": ""low"", ""facts"": []}, ""relation"": {""importance"": ""medium"", ""facts"": [""The two side gemstones are positioned one on each side of the center gemstone (left and right).""]}, ""shape"": {""importance"": ""low"", ""facts"": []}, ""size"": {""importance"": ""low"", ""facts"": []}, ""color"": {""importance"": ""low"", ""facts"": []}, ""posture"": {""importance"": ""low"", ""facts"": []}, ""scene"": {""importance"": ""low"", ""facts"": []}, ""others"": {""importance"": ""low"", ""facts"": []}}}","{
  ""level_1"": {
    ""existence"": {
      ""importance"": ""high"",
      ""facts"": [
        ""A ring is depicted.""
      ]
    },
    ""counting"": {
      ""importance"": ""high"",
      ""facts"": [
        ""Exactly one ring is depicted.""
      ]
    },
    ""relation"": {
      ""importance"": ""low"",
      ""facts"": []
    },
    ""shape"": {
      ""importance"": ""low"",
      ""facts"": []
    },
    ""size"": {
      ""importance"": ""low"",
      ""facts"": []
    },
    ""color"": {
      ""importance"": ""medium"",
      ""facts"": [
        ""The ring’s metal appears silver/white-metal colored.""
      ]
    },
    ""posture"": {
      ""importance"": ""low"",
      ""facts"": []
    },
    ""scene"": {
      ""importance"": ""low"",
      ""facts"": []
    },
    ""others"": {
      ""importance"": ""low"",
      ""facts"": []
    }
  },
  ""level_2"": {
    ""existence"": {
      ""importance"": ""high"",
      ""facts"": [
        ""Three gemstones are set on the ring.""
      ]
    },
    ""counting"": {
      ""importance"": ""high"",
      ""facts"": [
        ""Exactly three gemstones are visible on the ring.""
      ]
    },
    ""relation"": {
      ""importance"": ""high"",
      ""facts"": [
        ""The three gemstones are arranged as a three-stone ring (a center stone with two side stones).""
      ]
    },
    ""shape"": {
      ""importance"": ""high"",
      ""facts"": [
        ""Each gemstone is princess-cut (square-shaped when viewed from above).""
      ]
    },
    ""size"": {
      ""importance"": ""medium"",
      ""facts"": [
        ""The center gemstone appears larger than each of the two side gemstones.""
      ]
    },
    ""color"": {
      ""importance"": ""high"",
      ""facts"": [
        ""The gemstones appear clear/colorless.""
      ]
    },
    ""posture"": {
      ""importance"": ""low"",
      ""facts"": []
    },
    ""scene"": {
      ""importance"": ""low"",
      ""facts"": []
    },
    ""others"": {
      ""importance"": ""low"",
      ""facts"": []
    }
  },
  ""level_3"": {
    ""existence"": {
      ""importance"": ""low"",
      ""facts"": []
    },
    ""counting"": {
      ""importance"": ""low"",
      ""facts"": []
    },
    ""relation"": {
      ""importance"": ""medium"",
      ""facts"": [
        ""The two side gemstones are positioned one on each side of the center gemstone (left and right).""
      ]
    },
    ""shape"": {
      ""importance"": ""low"",
      ""facts"": []
    },
    ""size"": {
      ""importance"": ""low"",
      ""facts"": []
    },
    ""color"": {
      ""importance"": ""low"",
      ""facts"": []
    },
    ""posture"": {
      ""importance"": ""low"",
      ""facts"": []
    },
    ""scene"": {
      ""importance"": ""low"",
      ""facts"": []
    },
    ""others"": {
      ""importance"": ""low"",
      ""facts"": []
    }
  }
}",high,A ring is depicted.,high,Exactly one ring is depicted.,low,,low,,low,,medium,The ring’s metal appears silver/white-metal colored.,low,,low,,low,,high,Three gemstones are set on the ring.,high,Exactly three gemstones are visible on the ring.,high,The three gemstones are arranged as a three-stone ring (a center stone with two side stones).,high,Each gemstone is princess-cut (square-shaped when viewed from above).,medium,The center gemstone appears larger than each of the two side gemstones.,high,The gemstones appear clear/colorless.,low,,low,,low,,low,,low,,medium,The two side gemstones are positioned one on each side of the center gemstone (left and right).,low,,low,,low,,low,,low,,low,
16,EONO by Amazon - Ab Wheel Roller [2 Wheel Settings] Abdominal Trainer with Thick Knee Pad Mat Ideal for Body Fitness Strength Training Home Gym,"{""level_1"": {""existence"": {""importance"": ""high"", ""facts"": [""An ab wheel roller (abdominal exercise roller device) is shown."", ""A knee pad mat is shown.""]}, ""counting"": {""importance"": ""medium"", ""facts"": [""Exactly one ab wheel roller device is shown.""]}, ""relation"": {""importance"": ""low"", ""facts"": []}, ""shape"": {""importance"": ""medium"", ""facts"": [""The ab wheel roller has a cylindrical wheel assembly with two handles extending left and right.""]}, ""size"": {""importance"": ""low"", ""facts"": []}, ""color"": {""importance"": ""low"", ""facts"": []}, ""posture"": {""importance"": ""low"", ""facts"": []}, ""scene"": {""importance"": ""low"", ""facts"": []}, ""others"": {""importance"": ""low"", ""facts"": []}}, ""level_2"": {""existence"": {""importance"": ""high"", ""facts"": [""The ab wheel roller includes hand grips/handles on both sides of the wheel assembly."", ""The knee pad mat appears cushioned/thick (has visible padding thickness rather than being a thin sheet).""]}, ""counting"": {""importance"": ""medium"", ""facts"": [""Exactly one knee pad mat is shown.""]}, ""relation"": {""importance"": ""high"", ""facts"": [""The wheel assembly is centered between the two handles.""]}, ""shape"": {""importance"": ""medium"", ""facts"": [""The knee pad mat is a flat pad-shaped mat suitable for kneeling.""]}, ""size"": {""importance"": ""low"", ""facts"": []}, ""color"": {""importance"": ""low"", ""facts"": []}, ""posture"": {""importance"": ""low"", ""facts"": []}, ""scene"": {""importance"": ""low"", ""facts"": []}, ""others"": {""importance"": ""high"", ""facts"": [""The ab wheel roller is depicted as having two wheel settings (e.g., shown in two distinct wheel configurations, or shown with parts/positions that clearly indicate two selectable wheel arrangements).""]}}, ""level_3"": {""existence"": {""importance"": ""medium"", ""facts"": [""Branding text indicating the product is 'EONO' (or 'EONO by Amazon') is visible on the product or its packaging within the image.""]}, ""counting"": {""importance"": ""low"", ""facts"": []}, ""relation"": {""importance"": ""low"", ""facts"": []}, ""shape"": {""importance"": ""low"", ""facts"": []}, ""size"": {""importance"": ""low"", ""facts"": []}, ""color"": {""importance"": ""low"", ""facts"": []}, ""posture"": {""importance"": ""low"", ""facts"": []}, ""scene"": {""importance"": ""low"", ""facts"": []}, ""others"": {""importance"": ""low"", ""facts"": []}}}","{
  ""level_1"": {
    ""existence"": {
      ""importance"": ""high"",
      ""facts"": [
        ""An ab wheel roller (abdominal exercise roller device) is shown."",
        ""A knee pad mat is shown.""
      ]
    },
    ""counting"": {
      ""importance"": ""medium"",
      ""facts"": [
        ""Exactly one ab wheel roller device is shown.""
      ]
    },
    ""relation"": {
      ""importance"": ""low"",
      ""facts"": []
    },
    ""shape"": {
      ""importance"": ""medium"",
      ""facts"": [
        ""The ab wheel roller has a cylindrical wheel assembly with two handles extending left and right.""
      ]
    },
    ""size"": {
      ""importance"": ""low"",
      ""facts"": []
    },
    ""color"": {
      ""importance"": ""low"",
      ""facts"": []
    },
    ""posture"": {
      ""importance"": ""low"",
      ""facts"": []
    },
    ""scene"": {
      ""importance"": ""low"",
      ""facts"": []
    },
    ""others"": {
      ""importance"": ""low"",
      ""facts"": []
    }
  },
  ""level_2"": {
    ""existence"": {
      ""importance"": ""high"",
      ""facts"": [
        ""The ab wheel roller includes hand grips/handles on both sides of the wheel assembly."",
        ""The knee pad mat appears cushioned/thick (has visible padding thickness rather than being a thin sheet).""
      ]
    },
    ""counting"": {
      ""importance"": ""medium"",
      ""facts"": [
        ""Exactly one knee pad mat is shown.""
      ]
    },
    ""relation"": {
      ""importance"": ""high"",
      ""facts"": [
        ""The wheel assembly is centered between the two handles.""
      ]
    },
    ""shape"": {
      ""importance"": ""medium"",
      ""facts"": [
        ""The knee pad mat is a flat pad-shaped mat suitable for kneeling.""
      ]
    },
    ""size"": {
      ""importance"": ""low"",
      ""facts"": []
    },
    ""color"": {
      ""importance"": ""low"",
      ""facts"": []
    },
    ""posture"": {
      ""importance"": ""low"",
      ""facts"": []
    },
    ""scene"": {
      ""importance"": ""low"",
      ""facts"": []
    },
    ""others"": {
      ""importance"": ""high"",
      ""facts"": [
        ""The ab wheel roller is depicted as having two wheel settings (e.g., shown in two distinct wheel configurations, or shown with parts/positions that clearly indicate two selectable wheel arrangements).""
      ]
    }
  },
  ""level_3"": {
    ""existence"": {
      ""importance"": ""medium"",
      ""facts"": [
        ""Branding text indicating the product is 'EONO' (or 'EONO by Amazon') is visible on the product or its packaging within the image.""
      ]
    },
    ""counting"": {
      ""importance"": ""low"",
      ""facts"": []
    },
    ""relation"": {
      ""importance"": ""low"",
      ""facts"": []
    },
    ""shape"": {
      ""importance"": ""low"",
      ""facts"": []
    },
    ""size"": {
      ""importance"": ""low"",
      ""facts"": []
    },
    ""color"": {
      ""importance"": ""low"",
      ""facts"": []
    },
    ""posture"": {
      ""importance"": ""low"",
      ""facts"": []
    },
    ""scene"": {
      ""importance"": ""low"",
      ""facts"": []
    },
    ""others"": {
      ""importance"": ""low"",
      ""facts"": []
    }
  }
}",high,An ab wheel roller (abdominal exercise roller device) is shown. | A knee pad mat is shown.,medium,Exactly one ab wheel roller device is shown.,low,,medium,The ab wheel roller has a cylindrical wheel assembly with two handles extending left and right.,low,,low,,low,,low,,low,,high,The ab wheel roller includes hand grips/handles on both sides of the wheel assembly. | The knee pad mat appears cushioned/thick (has visible padding thickness rather than being a thin sheet).,medium,Exactly one knee pad mat is shown.,high,The wheel assembly is centered between the two handles.,medium,The knee pad mat is a flat pad-shaped mat suitable for kneeling.,low,,low,,low,,low,,high,"The ab wheel roller is depicted as having two wheel settings (e.g., shown in two distinct wheel configurations, or shown with parts/positions that clearly indicate two selectable wheel arrangements).",medium,Branding text indicating the product is 'EONO' (or 'EONO by Amazon') is visible on the product or its packaging within the image.,low,,low,,low,,low,,low,,low,,low,,low,
17,"365 Everyday Value, Organic Unfiltered Apple Cider Vinegar, 32 fl oz","{""level_1"": {""existence"": {""importance"": ""high"", ""facts"": [""A packaged consumer product labeled as apple cider vinegar is shown.""]}, ""counting"": {""importance"": ""medium"", ""facts"": [""Exactly one primary product package/container is shown.""]}, ""relation"": {""importance"": ""low"", ""facts"": []}, ""shape"": {""importance"": ""medium"", ""facts"": [""The product is contained in a bottle-like container suitable for liquids.""]}, ""size"": {""importance"": ""low"", ""facts"": []}, ""color"": {""importance"": ""low"", ""facts"": []}, ""posture"": {""importance"": ""low"", ""facts"": []}, ""scene"": {""importance"": ""low"", ""facts"": []}, ""others"": {""importance"": ""high"", ""facts"": [""The package/container has a readable label indicating the product identity.""]}}, ""level_2"": {""existence"": {""importance"": ""high"", ""facts"": [""The label shows the brand name '365 Everyday Value'."", ""The label shows the product description 'Organic Unfiltered Apple Cider Vinegar'."", ""The label shows the size/volume '32 fl oz'.""]}, ""counting"": {""importance"": ""low"", ""facts"": []}, ""relation"": {""importance"": ""medium"", ""facts"": [""The '365 Everyday Value' branding appears on the same package as the 'Organic Unfiltered Apple Cider Vinegar' product name and the '32 fl oz' size.""]}, ""shape"": {""importance"": ""low"", ""facts"": []}, ""size"": {""importance"": ""low"", ""facts"": []}, ""color"": {""importance"": ""low"", ""facts"": []}, ""posture"": {""importance"": ""low"", ""facts"": []}, ""scene"": {""importance"": ""low"", ""facts"": []}, ""others"": {""importance"": ""high"", ""facts"": [""The words 'Organic' and 'Unfiltered' are both visibly present in the product labeling.""]}}, ""level_3"": {""existence"": {""importance"": ""high"", ""facts"": [""The label text includes '365 Everyday Value' exactly."", ""The label text includes 'Organic Unfiltered Apple Cider Vinegar' exactly."", ""The label text includes '32 fl oz' exactly.""]}, ""counting"": {""importance"": ""low"", ""facts"": []}, ""relation"": {""importance"": ""low"", ""facts"": []}, ""shape"": {""importance"": ""low"", ""facts"": []}, ""size"": {""importance"": ""low"", ""facts"": []}, ""color"": {""importance"": ""low"", ""facts"": []}, ""posture"": {""importance"": ""low"", ""facts"": []}, ""scene"": {""importance"": ""low"", ""facts"": []}, ""others"": {""importance"": ""low"", ""facts"": []}}}","{
  ""level_1"": {
    ""existence"": {
      ""importance"": ""high"",
      ""facts"": [
        ""A packaged consumer product labeled as apple cider vinegar is shown.""
      ]
    },
    ""counting"": {
      ""importance"": ""medium"",
      ""facts"": [
        ""Exactly one primary product package/container is shown.""
      ]
    },
    ""relation"": {
      ""importance"": ""low"",
      ""facts"": []
    },
    ""shape"": {
      ""importance"": ""medium"",
      ""facts"": [
        ""The product is contained in a bottle-like container suitable for liquids.""
      ]
    },
    ""size"": {
      ""importance"": ""low"",
      ""facts"": []
    },
    ""color"": {
      ""importance"": ""low"",
      ""facts"": []
    },
    ""posture"": {
      ""importance"": ""low"",
      ""facts"": []
    },
    ""scene"": {
      ""importance"": ""low"",
      ""facts"": []
    },
    ""others"": {
      ""importance"": ""high"",
      ""facts"": [
        ""The package/container has a readable label indicating the product identity.""
      ]
    }
  },
  ""level_2"": {
    ""existence"": {
      ""importance"": ""high"",
      ""facts"": [
        ""The label shows the brand name '365 Everyday Value'."",
        ""The label shows the product description 'Organic Unfiltered Apple Cider Vinegar'."",
        ""The label shows the size/volume '32 fl oz'.""
      ]
    },
    ""counting"": {
      ""importance"": ""low"",
      ""facts"": []
    },
    ""relation"": {
      ""importance"": ""medium"",
      ""facts"": [
        ""The '365 Everyday Value' branding appears on the same package as the 'Organic Unfiltered Apple Cider Vinegar' product name and the '32 fl oz' size.""
      ]
    },
    ""shape"": {
      ""importance"": ""low"",
      ""facts"": []
    },
    ""size"": {
      ""importance"": ""low"",
      ""facts"": []
    },
    ""color"": {
      ""importance"": ""low"",
      ""facts"": []
    },
    ""posture"": {
      ""importance"": ""low"",
      ""facts"": []
    },
    ""scene"": {
      ""importance"": ""low"",
      ""facts"": []
    },
    ""others"": {
      ""importance"": ""high"",
      ""facts"": [
        ""The words 'Organic' and 'Unfiltered' are both visibly present in the product labeling.""
      ]
    }
  },
  ""level_3"": {
    ""existence"": {
      ""importance"": ""high"",
      ""facts"": [
        ""The label text includes '365 Everyday Value' exactly."",
        ""The label text includes 'Organic Unfiltered Apple Cider Vinegar' exactly."",
        ""The label text includes '32 fl oz' exactly.""
      ]
    },
    ""counting"": {
      ""importance"": ""low"",
      ""facts"": []
    },
    ""relation"": {
      ""importance"": ""low"",
      ""facts"": []
    },
    ""shape"": {
      ""importance"": ""low"",
      ""facts"": []
    },
    ""size"": {
      ""importance"": ""low"",
      ""facts"": []
    },
    ""color"": {
      ""importance"": ""low"",
      ""facts"": []
    },
    ""posture"": {
      ""importance"": ""low"",
      ""facts"": []
    },
    ""scene"": {
      ""importance"": ""low"",
      ""facts"": []
    },
    ""others"": {
      ""importance"": ""low"",
      ""facts"": []
    }
  }
}",high,A packaged consumer product labeled as apple cider vinegar is shown.,medium,Exactly one primary product package/container is shown.,low,,medium,The product is contained in a bottle-like container suitable for liquids.,low,,low,,low,,low,,high,The package/container has a readable label indicating the product identity.,high,The label shows the brand name '365 Everyday Value'. | The label shows the product description 'Organic Unfiltered Apple Cider Vinegar'. | The label shows the size/volume '32 fl oz'.,low,,medium,The '365 Everyday Value' branding appears on the same package as the 'Organic Unfiltered Apple Cider Vinegar' product name and the '32 fl oz' size.,low,,low,,low,,low,,low,,high,The words 'Organic' and 'Unfiltered' are both visibly present in the product labeling.,high,The label text includes '365 Everyday Value' exactly. | The label text includes 'Organic Unfiltered Apple Cider Vinegar' exactly. | The label text includes '32 fl oz' exactly.,low,,low,,low,,low,,low,,low,,low,,low,
18,"AmazonBasics Patio Dining Chair Cover (2 Pack), Grey","{""level_1"": {""existence"": {""importance"": ""high"", ""facts"": [""Patio dining chair cover product(s) are depicted.""]}, ""counting"": {""importance"": ""high"", ""facts"": [""Two chair covers are depicted (a 2-pack).""]}, ""relation"": {""importance"": ""low"", ""facts"": []}, ""shape"": {""importance"": ""high"", ""facts"": [""Each cover has a form consistent with covering a dining chair, including a backrest section and a seat section (not just a flat sheet).""]}, ""size"": {""importance"": ""medium"", ""facts"": [""Each cover appears sized to fit a single dining chair (not a sofa/loveseat-sized cover).""]}, ""color"": {""importance"": ""high"", ""facts"": [""The chair covers are grey in overall appearance.""]}, ""posture"": {""importance"": ""low"", ""facts"": []}, ""scene"": {""importance"": ""low"", ""facts"": []}, ""others"": {""importance"": ""medium"", ""facts"": [""Branding reading \""AmazonBasics\"" is visible on the product and/or its packaging.""]}}, ""level_2"": {""existence"": {""importance"": ""medium"", ""facts"": [""Each cover appears to be made of a continuous fabric-like material (typical cover construction), enclosing the chair shape.""]}, ""counting"": {""importance"": ""medium"", ""facts"": [""Both covers appear as separate individual items (not one cover shown twice via a mirror/reflection).""]}, ""relation"": {""importance"": ""medium"", ""facts"": [""If chairs are visible, each cover is shown fitted over a dining chair (one cover per chair).""]}, ""shape"": {""importance"": ""medium"", ""facts"": [""Each cover has a closed top/upper portion over the backrest area (a slipcover-like silhouette rather than an open-top bag).""]}, ""size"": {""importance"": ""low"", ""facts"": []}, ""color"": {""importance"": ""medium"", ""facts"": [""The grey color appears consistent across both covers (both are the same color family).""]}, ""posture"": {""importance"": ""low"", ""facts"": []}, ""scene"": {""importance"": ""low"", ""facts"": []}, ""others"": {""importance"": ""low"", ""facts"": []}}, ""level_3"": {""existence"": {""importance"": ""low"", ""facts"": []}, ""counting"": {""importance"": ""low"", ""facts"": []}, ""relation"": {""importance"": ""low"", ""facts"": []}, ""shape"": {""importance"": ""low"", ""facts"": []}, ""size"": {""importance"": ""low"", ""facts"": []}, ""color"": {""importance"": ""low"", ""facts"": []}, ""posture"": {""importance"": ""low"", ""facts"": []}, ""scene"": {""importance"": ""low"", ""facts"": []}, ""others"": {""importance"": ""low"", ""facts"": []}}}","{
  ""level_1"": {
    ""existence"": {
      ""importance"": ""high"",
      ""facts"": [
        ""Patio dining chair cover product(s) are depicted.""
      ]
    },
    ""counting"": {
      ""importance"": ""high"",
      ""facts"": [
        ""Two chair covers are depicted (a 2-pack).""
      ]
    },
    ""relation"": {
      ""importance"": ""low"",
      ""facts"": []
    },
    ""shape"": {
      ""importance"": ""high"",
      ""facts"": [
        ""Each cover has a form consistent with covering a dining chair, including a backrest section and a seat section (not just a flat sheet).""
      ]
    },
    ""size"": {
      ""importance"": ""medium"",
      ""facts"": [
        ""Each cover appears sized to fit a single dining chair (not a sofa/loveseat-sized cover).""
      ]
    },
    ""color"": {
      ""importance"": ""high"",
      ""facts"": [
        ""The chair covers are grey in overall appearance.""
      ]
    },
    ""posture"": {
      ""importance"": ""low"",
      ""facts"": []
    },
    ""scene"": {
      ""importance"": ""low"",
      ""facts"": []
    },
    ""others"": {
      ""importance"": ""medium"",
      ""facts"": [
        ""Branding reading \""AmazonBasics\"" is visible on the product and/or its packaging.""
      ]
    }
  },
  ""level_2"": {
    ""existence"": {
      ""importance"": ""medium"",
      ""facts"": [
        ""Each cover appears to be made of a continuous fabric-like material (typical cover construction), enclosing the chair shape.""
      ]
    },
    ""counting"": {
      ""importance"": ""medium"",
      ""facts"": [
        ""Both covers appear as separate individual items (not one cover shown twice via a mirror/reflection).""
      ]
    },
    ""relation"": {
      ""importance"": ""medium"",
      ""facts"": [
        ""If chairs are visible, each cover is shown fitted over a dining chair (one cover per chair).""
      ]
    },
    ""shape"": {
      ""importance"": ""medium"",
      ""facts"": [
        ""Each cover has a closed top/upper portion over the backrest area (a slipcover-like silhouette rather than an open-top bag).""
      ]
    },
    ""size"": {
      ""importance"": ""low"",
      ""facts"": []
    },
    ""color"": {
      ""importance"": ""medium"",
      ""facts"": [
        ""The grey color appears consistent across both covers (both are the same color family).""
      ]
    },
    ""posture"": {
      ""importance"": ""low"",
      ""facts"": []
    },
    ""scene"": {
      ""importance"": ""low"",
      ""facts"": []
    },
    ""others"": {
      ""importance"": ""low"",
      ""facts"": []
    }
  },
  ""level_3"": {
    ""existence"": {
      ""importance"": ""low"",
      ""facts"": []
    },
    ""counting"": {
      ""importance"": ""low"",
      ""facts"": []
    },
    ""relation"": {
      ""importance"": ""low"",
      ""facts"": []
    },
    ""shape"": {
      ""importance"": ""low"",
      ""facts"": []
    },
    ""size"": {
      ""importance"": ""low"",
      ""facts"": []
    },
    ""color"": {
      ""importance"": ""low"",
      ""facts"": []
    },
    ""posture"": {
      ""importance"": ""low"",
      ""facts"": []
    },
    ""scene"": {
      ""importance"": ""low"",
      ""facts"": []
    },
    ""others"": {
      ""importance"": ""low"",
      ""facts"": []
    }
  }
}",high,Patio dining chair cover product(s) are depicted.,high,Two chair covers are depicted (a 2-pack).,low,,high,"Each cover has a form consistent with covering a dining chair, including a backrest section and a seat section (not just a flat sheet).",medium,Each cover appears sized to fit a single dining chair (not a sofa/loveseat-sized cover).,high,The chair covers are grey in overall appearance.,low,,low,,medium,"Branding reading ""AmazonBasics"" is visible on the product and/or its packaging.",medium,"Each cover appears to be made of a continuous fabric-like material (typical cover construction), enclosing the chair shape.",medium,Both covers appear as separate individual items (not one cover shown twice via a mirror/reflection).,medium,"If chairs are visible, each cover is shown fitted over a dining chair (one cover per chair).",medium,Each cover has a closed top/upper portion over the backrest area (a slipcover-like silhouette rather than an open-top bag).,low,,medium,The grey color appears consistent across both covers (both are the same color family).,low,,low,,low,,low,,low,,low,,low,,low,,low,,low,,low,,low,
19,"AmazonBasics In-ear Headphones with Mic, Green","{""level_1"": {""existence"": {""importance"": ""high"", ""facts"": [""A pair of in-ear headphones (earbuds) is depicted.""]}, ""counting"": {""importance"": ""medium"", ""facts"": [""Two earbuds are depicted as a left/right pair.""]}, ""relation"": {""importance"": ""medium"", ""facts"": [""The earbuds are part of the same headphone set.""]}, ""shape"": {""importance"": ""medium"", ""facts"": [""Each earbud has an in-ear shape intended to fit into an ear canal (not an over-ear/on-ear headset).""]}, ""size"": {""importance"": ""low"", ""facts"": []}, ""color"": {""importance"": ""high"", ""facts"": [""The headphones are green as the primary visible color (at least the earbuds, and typically the cable as well).""]}, ""posture"": {""importance"": ""low"", ""facts"": []}, ""scene"": {""importance"": ""low"", ""facts"": []}, ""others"": {""importance"": ""high"", ""facts"": [""The product is identifiable as AmazonBasics via visible branding text ('AmazonBasics') on the product and/or its packaging.""]}}, ""level_2"": {""existence"": {""importance"": ""high"", ""facts"": [""An inline microphone module is present (a small housing on the headphone cable)."", ""A cable connecting the earbuds is visible.""]}, ""counting"": {""importance"": ""medium"", ""facts"": [""There is exactly one inline microphone module visible.""]}, ""relation"": {""importance"": ""high"", ""facts"": [""The inline microphone module is attached to the headphone cable (not a separate device).""]}, ""shape"": {""importance"": ""medium"", ""facts"": [""Each earbud has a tip/nozzle area consistent with an in-ear earbud design (often with a silicone/rubber ear tip).""]}, ""size"": {""importance"": ""low"", ""facts"": []}, ""color"": {""importance"": ""high"", ""facts"": [""The inline microphone module and/or cable and/or earbuds appear green (not a different dominant color such as black/white/red).""]}, ""posture"": {""importance"": ""low"", ""facts"": []}, ""scene"": {""importance"": ""low"", ""facts"": []}, ""others"": {""importance"": ""low"", ""facts"": []}}, ""level_3"": {""existence"": {""importance"": ""medium"", ""facts"": [""A 3.5mm-style audio plug is visible at the end of the cable.""]}, ""counting"": {""importance"": ""low"", ""facts"": []}, ""relation"": {""importance"": ""low"", ""facts"": []}, ""shape"": {""importance"": ""low"", ""facts"": []}, ""size"": {""importance"": ""low"", ""facts"": []}, ""color"": {""importance"": ""low"", ""facts"": []}, ""posture"": {""importance"": ""low"", ""facts"": []}, ""scene"": {""importance"": ""low"", ""facts"": []}, ""others"": {""importance"": ""low"", ""facts"": []}}}","{
  ""level_1"": {
    ""existence"": {
      ""importance"": ""high"",
      ""facts"": [
        ""A pair of in-ear headphones (earbuds) is depicted.""
      ]
    },
    ""counting"": {
      ""importance"": ""medium"",
      ""facts"": [
        ""Two earbuds are depicted as a left/right pair.""
      ]
    },
    ""relation"": {
      ""importance"": ""medium"",
      ""facts"": [
        ""The earbuds are part of the same headphone set.""
      ]
    },
    ""shape"": {
      ""importance"": ""medium"",
      ""facts"": [
        ""Each earbud has an in-ear shape intended to fit into an ear canal (not an over-ear/on-ear headset).""
      ]
    },
    ""size"": {
      ""importance"": ""low"",
      ""facts"": []
    },
    ""color"": {
      ""importance"": ""high"",
      ""facts"": [
        ""The headphones are green as the primary visible color (at least the earbuds, and typically the cable as well).""
      ]
    },
    ""posture"": {
      ""importance"": ""low"",
      ""facts"": []
    },
    ""scene"": {
      ""importance"": ""low"",
      ""facts"": []
    },
    ""others"": {
      ""importance"": ""high"",
      ""facts"": [
        ""The product is identifiable as AmazonBasics via visible branding text ('AmazonBasics') on the product and/or its packaging.""
      ]
    }
  },
  ""level_2"": {
    ""existence"": {
      ""importance"": ""high"",
      ""facts"": [
        ""An inline microphone module is present (a small housing on the headphone cable)."",
        ""A cable connecting the earbuds is visible.""
      ]
    },
    ""counting"": {
      ""importance"": ""medium"",
      ""facts"": [
        ""There is exactly one inline microphone module visible.""
      ]
    },
    ""relation"": {
      ""importance"": ""high"",
      ""facts"": [
        ""The inline microphone module is attached to the headphone cable (not a separate device).""
      ]
    },
    ""shape"": {
      ""importance"": ""medium"",
      ""facts"": [
        ""Each earbud has a tip/nozzle area consistent with an in-ear earbud design (often with a silicone/rubber ear tip).""
      ]
    },
    ""size"": {
      ""importance"": ""low"",
      ""facts"": []
    },
    ""color"": {
      ""importance"": ""high"",
      ""facts"": [
        ""The inline microphone module and/or cable and/or earbuds appear green (not a different dominant color such as black/white/red).""
      ]
    },
    ""posture"": {
      ""importance"": ""low"",
      ""facts"": []
    },
    ""scene"": {
      ""importance"": ""low"",
      ""facts"": []
    },
    ""others"": {
      ""importance"": ""low"",
      ""facts"": []
    }
  },
  ""level_3"": {
    ""existence"": {
      ""importance"": ""medium"",
      ""facts"": [
        ""A 3.5mm-style audio plug is visible at the end of the cable.""
      ]
    },
    ""counting"": {
      ""importance"": ""low"",
      ""facts"": []
    },
    ""relation"": {
      ""importance"": ""low"",
      ""facts"": []
    },
    ""shape"": {
      ""importance"": ""low"",
      ""facts"": []
    },
    ""size"": {
      ""importance"": ""low"",
      ""facts"": []
    },
    ""color"": {
      ""importance"": ""low"",
      ""facts"": []
    },
    ""posture"": {
      ""importance"": ""low"",
      ""facts"": []
    },
    ""scene"": {
      ""importance"": ""low"",
      ""facts"": []
    },
    ""others"": {
      ""importance"": ""low"",
      ""facts"": []
    }
  }
}",high,A pair of in-ear headphones (earbuds) is depicted.,medium,Two earbuds are depicted as a left/right pair.,medium,The earbuds are part of the same headphone set.,medium,Each earbud has an in-ear shape intended to fit into an ear canal (not an over-ear/on-ear headset).,low,,high,"The headphones are green as the primary visible color (at least the earbuds, and typically the cable as well).",low,,low,,high,The product is identifiable as AmazonBasics via visible branding text ('AmazonBasics') on the product and/or its packaging.,high,An inline microphone module is present (a small housing on the headphone cable). | A cable connecting the earbuds is visible.,medium,There is exactly one inline microphone module visible.,high,The inline microphone module is attached to the headphone cable (not a separate device).,medium,Each earbud has a tip/nozzle area consistent with an in-ear earbud design (often with a silicone/rubber ear tip).,low,,high,The inline microphone module and/or cable and/or earbuds appear green (not a different dominant color such as black/white/red).,low,,low,,low,,medium,A 3.5mm-style audio plug is visible at the end of the cable.,low,,low,,low,,low,,low,,low,,low,,low,
20,"AmazonBasics 7-Piece Bed-in-A-Bag - Full/Queen, Navy Simple Plaid (Renewed)","{""level_1"": {""existence"": {""importance"": ""high"", ""facts"": [""A bedding set intended for a Full/Queen bed is depicted (bed-in-a-bag style set).""]}, ""counting"": {""importance"": ""high"", ""facts"": [""The set is presented as a 7-piece set (either seven distinct pieces are visible, or visible product text indicates \""7-Piece\"").""]}, ""relation"": {""importance"": ""low"", ""facts"": []}, ""shape"": {""importance"": ""low"", ""facts"": []}, ""size"": {""importance"": ""medium"", ""facts"": [""The bedding is shown at a scale consistent with a bed (e.g., displayed on a bed or shown as a packaged bed set rather than miniature items).""]}, ""color"": {""importance"": ""high"", ""facts"": [""The set’s main color is navy blue.""]}, ""posture"": {""importance"": ""low"", ""facts"": []}, ""scene"": {""importance"": ""low"", ""facts"": []}, ""others"": {""importance"": ""high"", ""facts"": [""The set’s pattern appears as a simple plaid.""]}}, ""level_2"": {""existence"": {""importance"": ""high"", ""facts"": [""A comforter/duvet-like top bedding piece is visible as part of the set."", ""Pillow-related pieces (e.g., pillowcases/shams and/or pillows dressed with the set) are visible as part of the set.""]}, ""counting"": {""importance"": ""medium"", ""facts"": [""If the pieces are laid out individually, seven separate bedding components are visible.""]}, ""relation"": {""importance"": ""medium"", ""facts"": [""If the set is shown on a bed, the comforter covers the mattress and pillow pieces are positioned at the head of the bed.""]}, ""shape"": {""importance"": ""low"", ""facts"": []}, ""size"": {""importance"": ""low"", ""facts"": []}, ""color"": {""importance"": ""high"", ""facts"": [""The plaid consists of navy as the dominant color with contrasting lighter-colored plaid lines/stripes.""]}, ""posture"": {""importance"": ""low"", ""facts"": []}, ""scene"": {""importance"": ""low"", ""facts"": []}, ""others"": {""importance"": ""high"", ""facts"": [""There is visible branding/labeling that identifies the product as AmazonBasics (e.g., on packaging, a tag, or a label).""]}}, ""level_3"": {""existence"": {""importance"": ""low"", ""facts"": []}, ""counting"": {""importance"": ""low"", ""facts"": []}, ""relation"": {""importance"": ""low"", ""facts"": []}, ""shape"": {""importance"": ""low"", ""facts"": []}, ""size"": {""importance"": ""medium"", ""facts"": [""There is visible text indicating the size \""Full/Queen\"" (if the size is communicated in the image).""]}, ""color"": {""importance"": ""low"", ""facts"": []}, ""posture"": {""importance"": ""low"", ""facts"": []}, ""scene"": {""importance"": ""low"", ""facts"": []}, ""others"": {""importance"": ""medium"", ""facts"": [""There is visible text indicating the color/pattern name \""Navy Simple Plaid\"" (if the color/pattern name is communicated in the image)."", ""There is visible text indicating the condition \""Renewed\"" (if the condition is communicated in the image).""]}}}","{
  ""level_1"": {
    ""existence"": {
      ""importance"": ""high"",
      ""facts"": [
        ""A bedding set intended for a Full/Queen bed is depicted (bed-in-a-bag style set).""
      ]
    },
    ""counting"": {
      ""importance"": ""high"",
      ""facts"": [
        ""The set is presented as a 7-piece set (either seven distinct pieces are visible, or visible product text indicates \""7-Piece\"").""
      ]
    },
    ""relation"": {
      ""importance"": ""low"",
      ""facts"": []
    },
    ""shape"": {
      ""importance"": ""low"",
      ""facts"": []
    },
    ""size"": {
      ""importance"": ""medium"",
      ""facts"": [
        ""The bedding is shown at a scale consistent with a bed (e.g., displayed on a bed or shown as a packaged bed set rather than miniature items).""
      ]
    },
    ""color"": {
      ""importance"": ""high"",
      ""facts"": [
        ""The set’s main color is navy blue.""
      ]
    },
    ""posture"": {
      ""importance"": ""low"",
      ""facts"": []
    },
    ""scene"": {
      ""importance"": ""low"",
      ""facts"": []
    },
    ""others"": {
      ""importance"": ""high"",
      ""facts"": [
        ""The set’s pattern appears as a simple plaid.""
      ]
    }
  },
  ""level_2"": {
    ""existence"": {
      ""importance"": ""high"",
      ""facts"": [
        ""A comforter/duvet-like top bedding piece is visible as part of the set."",
        ""Pillow-related pieces (e.g., pillowcases/shams and/or pillows dressed with the set) are visible as part of the set.""
      ]
    },
    ""counting"": {
      ""importance"": ""medium"",
      ""facts"": [
        ""If the pieces are laid out individually, seven separate bedding components are visible.""
      ]
    },
    ""relation"": {
      ""importance"": ""medium"",
      ""facts"": [
        ""If the set is shown on a bed, the comforter covers the mattress and pillow pieces are positioned at the head of the bed.""
      ]
    },
    ""shape"": {
      ""importance"": ""low"",
      ""facts"": []
    },
    ""size"": {
      ""importance"": ""low"",
      ""facts"": []
    },
    ""color"": {
      ""importance"": ""high"",
      ""facts"": [
        ""The plaid consists of navy as the dominant color with contrasting lighter-colored plaid lines/stripes.""
      ]
    },
    ""posture"": {
      ""importance"": ""low"",
      ""facts"": []
    },
    ""scene"": {
      ""importance"": ""low"",
      ""facts"": []
    },
    ""others"": {
      ""importance"": ""high"",
      ""facts"": [
        ""There is visible branding/labeling that identifies the product as AmazonBasics (e.g., on packaging, a tag, or a label).""
      ]
    }
  },
  ""level_3"": {
    ""existence"": {
      ""importance"": ""low"",
      ""facts"": []
    },
    ""counting"": {
      ""importance"": ""low"",
      ""facts"": []
    },
    ""relation"": {
      ""importance"": ""low"",
      ""facts"": []
    },
    ""shape"": {
      ""importance"": ""low"",
      ""facts"": []
    },
    ""size"": {
      ""importance"": ""medium"",
      ""facts"": [
        ""There is visible text indicating the size \""Full/Queen\"" (if the size is communicated in the image).""
      ]
    },
    ""color"": {
      ""importance"": ""low"",
      ""facts"": []
    },
    ""posture"": {
      ""importance"": ""low"",
      ""facts"": []
    },
    ""scene"": {
      ""importance"": ""low"",
      ""facts"": []
    },
    ""others"": {
      ""importance"": ""medium"",
      ""facts"": [
        ""There is visible text indicating the color/pattern name \""Navy Simple Plaid\"" (if the color/pattern name is communicated in the image)."",
        ""There is visible text indicating the condition \""Renewed\"" (if the condition is communicated in the image).""
      ]
    }
  }
}",high,A bedding set intended for a Full/Queen bed is depicted (bed-in-a-bag style set).,high,"The set is presented as a 7-piece set (either seven distinct pieces are visible, or visible product text indicates ""7-Piece"").",low,,low,,medium,"The bedding is shown at a scale consistent with a bed (e.g., displayed on a bed or shown as a packaged bed set rather than miniature items).",high,The set’s main color is navy blue.,low,,low,,high,The set’s pattern appears as a simple plaid.,high,"A comforter/duvet-like top bedding piece is visible as part of the set. | Pillow-related pieces (e.g., pillowcases/shams and/or pillows dressed with the set) are visible as part of the set.",medium,"If the pieces are laid out individually, seven separate bedding components are visible.",medium,"If the set is shown on a bed, the comforter covers the mattress and pillow pieces are positioned at the head of the bed.",low,,low,,high,The plaid consists of navy as the dominant color with contrasting lighter-colored plaid lines/stripes.,low,,low,,high,"There is visible branding/labeling that identifies the product as AmazonBasics (e.g., on packaging, a tag, or a label).",low,,low,,low,,low,,medium,"There is visible text indicating the size ""Full/Queen"" (if the size is communicated in the image).",low,,low,,low,,medium,"There is visible text indicating the color/pattern name ""Navy Simple Plaid"" (if the color/pattern name is communicated in the image). | There is visible text indicating the condition ""Renewed"" (if the condition is communicated in the image)."
22,"Fresh Brand – Red Potatoes, 5 lb","{""level_1"": {""existence"": {""importance"": ""high"", ""facts"": [""Red potatoes are shown.""]}, ""counting"": {""importance"": ""low"", ""facts"": []}, ""relation"": {""importance"": ""high"", ""facts"": [""The red potatoes are presented as a packaged/branded product or labelable item (i.e., not just unlabeled loose potatoes).""]}, ""shape"": {""importance"": ""low"", ""facts"": []}, ""size"": {""importance"": ""low"", ""facts"": []}, ""color"": {""importance"": ""high"", ""facts"": [""The potatoes have visibly red skin (or are clearly identified as red potatoes via visible labeling).""]}, ""posture"": {""importance"": ""low"", ""facts"": []}, ""scene"": {""importance"": ""low"", ""facts"": []}, ""others"": {""importance"": ""high"", ""facts"": [""Visible text indicates the brand name \""Fresh Brand\""."", ""Visible text indicates the product name \""Red Potatoes\""."", ""Visible text indicates the weight \""5 lb\"".""]}}, ""level_2"": {""existence"": {""importance"": ""medium"", ""facts"": [""The potatoes are shown together in a single product presentation (e.g., in a bag, net, or other retail package) with the labeling visible.""]}, ""counting"": {""importance"": ""low"", ""facts"": []}, ""relation"": {""importance"": ""high"", ""facts"": [""The text \""Fresh Brand\"" appears on the same package/label as the text \""Red Potatoes\"" and \""5 lb\"".""]}, ""shape"": {""importance"": ""low"", ""facts"": []}, ""size"": {""importance"": ""low"", ""facts"": []}, ""color"": {""importance"": ""low"", ""facts"": []}, ""posture"": {""importance"": ""low"", ""facts"": []}, ""scene"": {""importance"": ""low"", ""facts"": []}, ""others"": {""importance"": ""high"", ""facts"": [""The text \""Fresh Brand\"" is readable."", ""The text \""Red Potatoes\"" is readable."", ""The text \""5 lb\"" is readable.""]}}, ""level_3"": {""existence"": {""importance"": ""low"", ""facts"": []}, ""counting"": {""importance"": ""low"", ""facts"": []}, ""relation"": {""importance"": ""low"", ""facts"": []}, ""shape"": {""importance"": ""low"", ""facts"": []}, ""size"": {""importance"": ""low"", ""facts"": []}, ""color"": {""importance"": ""low"", ""facts"": []}, ""posture"": {""importance"": ""low"", ""facts"": []}, ""scene"": {""importance"": ""low"", ""facts"": []}, ""others"": {""importance"": ""low"", ""facts"": []}}}","{
  ""level_1"": {
    ""existence"": {
      ""importance"": ""high"",
      ""facts"": [
        ""Red potatoes are shown.""
      ]
    },
    ""counting"": {
      ""importance"": ""low"",
      ""facts"": []
    },
    ""relation"": {
      ""importance"": ""high"",
      ""facts"": [
        ""The red potatoes are presented as a packaged/branded product or labelable item (i.e., not just unlabeled loose potatoes).""
      ]
    },
    ""shape"": {
      ""importance"": ""low"",
      ""facts"": []
    },
    ""size"": {
      ""importance"": ""low"",
      ""facts"": []
    },
    ""color"": {
      ""importance"": ""high"",
      ""facts"": [
        ""The potatoes have visibly red skin (or are clearly identified as red potatoes via visible labeling).""
      ]
    },
    ""posture"": {
      ""importance"": ""low"",
      ""facts"": []
    },
    ""scene"": {
      ""importance"": ""low"",
      ""facts"": []
    },
    ""others"": {
      ""importance"": ""high"",
      ""facts"": [
        ""Visible text indicates the brand name \""Fresh Brand\""."",
        ""Visible text indicates the product name \""Red Potatoes\""."",
        ""Visible text indicates the weight \""5 lb\"".""
      ]
    }
  },
  ""level_2"": {
    ""existence"": {
      ""importance"": ""medium"",
      ""facts"": [
        ""The potatoes are shown together in a single product presentation (e.g., in a bag, net, or other retail package) with the labeling visible.""
      ]
    },
    ""counting"": {
      ""importance"": ""low"",
      ""facts"": []
    },
    ""relation"": {
      ""importance"": ""high"",
      ""facts"": [
        ""The text \""Fresh Brand\"" appears on the same package/label as the text \""Red Potatoes\"" and \""5 lb\"".""
      ]
    },
    ""shape"": {
      ""importance"": ""low"",
      ""facts"": []
    },
    ""size"": {
      ""importance"": ""low"",
      ""facts"": []
    },
    ""color"": {
      ""importance"": ""low"",
      ""facts"": []
    },
    ""posture"": {
      ""importance"": ""low"",
      ""facts"": []
    },
    ""scene"": {
      ""importance"": ""low"",
      ""facts"": []
    },
    ""others"": {
      ""importance"": ""high"",
      ""facts"": [
        ""The text \""Fresh Brand\"" is readable."",
        ""The text \""Red Potatoes\"" is readable."",
        ""The text \""5 lb\"" is readable.""
      ]
    }
  },
  ""level_3"": {
    ""existence"": {
      ""importance"": ""low"",
      ""facts"": []
    },
    ""counting"": {
      ""importance"": ""low"",
      ""facts"": []
    },
    ""relation"": {
      ""importance"": ""low"",
      ""facts"": []
    },
    ""shape"": {
      ""importance"": ""low"",
      ""facts"": []
    },
    ""size"": {
      ""importance"": ""low"",
      ""facts"": []
    },
    ""color"": {
      ""importance"": ""low"",
      ""facts"": []
    },
    ""posture"": {
      ""importance"": ""low"",
      ""facts"": []
    },
    ""scene"": {
      ""importance"": ""low"",
      ""facts"": []
    },
    ""others"": {
      ""importance"": ""low"",
      ""facts"": []
    }
  }
}",high,Red potatoes are shown.,low,,high,"The red potatoes are presented as a packaged/branded product or labelable item (i.e., not just unlabeled loose potatoes).",low,,low,,high,The potatoes have visibly red skin (or are clearly identified as red potatoes via visible labeling).,low,,low,,high,"Visible text indicates the brand name ""Fresh Brand"". | Visible text indicates the product name ""Red Potatoes"". | Visible text indicates the weight ""5 lb"".",medium,"The potatoes are shown together in a single product presentation (e.g., in a bag, net, or other retail package) with the labeling visible.",low,,high,"The text ""Fresh Brand"" appears on the same package/label as the text ""Red Potatoes"" and ""5 lb"".",low,,low,,low,,low,,low,,high,"The text ""Fresh Brand"" is readable. | The text ""Red Potatoes"" is readable. | The text ""5 lb"" is readable.",low,,low,,low,,low,,low,,low,,low,,low,,low,
23,"Moon and Back Baby Set of 5 Organic Reversible Bibs, Pink Blush, One Size","{""level_1"": {""existence"": {""importance"": ""high"", ""facts"": [""Baby bibs are depicted.""]}, ""counting"": {""importance"": ""high"", ""facts"": [""The image depicts a set of bibs (more than one bib visible).""]}, ""relation"": {""importance"": ""low"", ""facts"": []}, ""shape"": {""importance"": ""high"", ""facts"": [""Each item has the recognizable shape of a baby bib with a neck opening/neck area and a wider lower section to cover the chest.""]}, ""size"": {""importance"": ""low"", ""facts"": []}, ""color"": {""importance"": ""high"", ""facts"": [""The bibs are predominantly in a pink blush color family (light/soft pink tones).""]}, ""posture"": {""importance"": ""low"", ""facts"": []}, ""scene"": {""importance"": ""low"", ""facts"": []}, ""others"": {""importance"": ""low"", ""facts"": []}}, ""level_2"": {""existence"": {""importance"": ""high"", ""facts"": [""At least five separate bib items are visible.""]}, ""counting"": {""importance"": ""high"", ""facts"": [""Exactly five bibs are depicted.""]}, ""relation"": {""importance"": ""medium"", ""facts"": [""The bibs are presented together as a single set (e.g., grouped/stacked/arranged together in one image).""]}, ""shape"": {""importance"": ""medium"", ""facts"": [""Each bib has a visible fastening/closure area at the neck (e.g., snaps, hook-and-loop, or ties).""]}, ""size"": {""importance"": ""low"", ""facts"": []}, ""color"": {""importance"": ""high"", ""facts"": [""All five bibs appear within the same pink blush palette (no bib is predominantly a non-pink color).""]}, ""posture"": {""importance"": ""low"", ""facts"": []}, ""scene"": {""importance"": ""low"", ""facts"": []}, ""others"": {""importance"": ""medium"", ""facts"": [""The bibs are shown as fabric/textile items (not illustrated icons of bibs).""]}}, ""level_3"": {""existence"": {""importance"": ""medium"", ""facts"": [""Branding is visible on the product and/or packaging/tag.""]}, ""counting"": {""importance"": ""low"", ""facts"": []}, ""relation"": {""importance"": ""high"", ""facts"": [""Reversibility is visually demonstrated by showing both sides of at least one bib (e.g., one bib flipped over, or some bibs showing one side while others show the opposite side).""]}, ""shape"": {""importance"": ""low"", ""facts"": []}, ""size"": {""importance"": ""low"", ""facts"": []}, ""color"": {""importance"": ""medium"", ""facts"": [""If two sides of a bib are shown, both sides remain within the pink blush palette.""]}, ""posture"": {""importance"": ""low"", ""facts"": []}, ""scene"": {""importance"": ""low"", ""facts"": []}, ""others"": {""importance"": ""high"", ""facts"": [""Visible text includes the brand name \""Moon and Back\""."", ""Visible text includes the word \""Organic\"" (or \""Organic\"" appears as part of a visible product label/tag/packaging text).""]}}}","{
  ""level_1"": {
    ""existence"": {
      ""importance"": ""high"",
      ""facts"": [
        ""Baby bibs are depicted.""
      ]
    },
    ""counting"": {
      ""importance"": ""high"",
      ""facts"": [
        ""The image depicts a set of bibs (more than one bib visible).""
      ]
    },
    ""relation"": {
      ""importance"": ""low"",
      ""facts"": []
    },
    ""shape"": {
      ""importance"": ""high"",
      ""facts"": [
        ""Each item has the recognizable shape of a baby bib with a neck opening/neck area and a wider lower section to cover the chest.""
      ]
    },
    ""size"": {
      ""importance"": ""low"",
      ""facts"": []
    },
    ""color"": {
      ""importance"": ""high"",
      ""facts"": [
        ""The bibs are predominantly in a pink blush color family (light/soft pink tones).""
      ]
    },
    ""posture"": {
      ""importance"": ""low"",
      ""facts"": []
    },
    ""scene"": {
      ""importance"": ""low"",
      ""facts"": []
    },
    ""others"": {
      ""importance"": ""low"",
      ""facts"": []
    }
  },
  ""level_2"": {
    ""existence"": {
      ""importance"": ""high"",
      ""facts"": [
        ""At least five separate bib items are visible.""
      ]
    },
    ""counting"": {
      ""importance"": ""high"",
      ""facts"": [
        ""Exactly five bibs are depicted.""
      ]
    },
    ""relation"": {
      ""importance"": ""medium"",
      ""facts"": [
        ""The bibs are presented together as a single set (e.g., grouped/stacked/arranged together in one image).""
      ]
    },
    ""shape"": {
      ""importance"": ""medium"",
      ""facts"": [
        ""Each bib has a visible fastening/closure area at the neck (e.g., snaps, hook-and-loop, or ties).""
      ]
    },
    ""size"": {
      ""importance"": ""low"",
      ""facts"": []
    },
    ""color"": {
      ""importance"": ""high"",
      ""facts"": [
        ""All five bibs appear within the same pink blush palette (no bib is predominantly a non-pink color).""
      ]
    },
    ""posture"": {
      ""importance"": ""low"",
      ""facts"": []
    },
    ""scene"": {
      ""importance"": ""low"",
      ""facts"": []
    },
    ""others"": {
      ""importance"": ""medium"",
      ""facts"": [
        ""The bibs are shown as fabric/textile items (not illustrated icons of bibs).""
      ]
    }
  },
  ""level_3"": {
    ""existence"": {
      ""importance"": ""medium"",
      ""facts"": [
        ""Branding is visible on the product and/or packaging/tag.""
      ]
    },
    ""counting"": {
      ""importance"": ""low"",
      ""facts"": []
    },
    ""relation"": {
      ""importance"": ""high"",
      ""facts"": [
        ""Reversibility is visually demonstrated by showing both sides of at least one bib (e.g., one bib flipped over, or some bibs showing one side while others show the opposite side).""
      ]
    },
    ""shape"": {
      ""importance"": ""low"",
      ""facts"": []
    },
    ""size"": {
      ""importance"": ""low"",
      ""facts"": []
    },
    ""color"": {
      ""importance"": ""medium"",
      ""facts"": [
        ""If two sides of a bib are shown, both sides remain within the pink blush palette.""
      ]
    },
    ""posture"": {
      ""importance"": ""low"",
      ""facts"": []
    },
    ""scene"": {
      ""importance"": ""low"",
      ""facts"": []
    },
    ""others"": {
      ""importance"": ""high"",
      ""facts"": [
        ""Visible text includes the brand name \""Moon and Back\""."",
        ""Visible text includes the word \""Organic\"" (or \""Organic\"" appears as part of a visible product label/tag/packaging text).""
      ]
    }
  }
}",high,Baby bibs are depicted.,high,The image depicts a set of bibs (more than one bib visible).,low,,high,Each item has the recognizable shape of a baby bib with a neck opening/neck area and a wider lower section to cover the chest.,low,,high,The bibs are predominantly in a pink blush color family (light/soft pink tones).,low,,low,,low,,high,At least five separate bib items are visible.,high,Exactly five bibs are depicted.,medium,"The bibs are presented together as a single set (e.g., grouped/stacked/arranged together in one image).",medium,"Each bib has a visible fastening/closure area at the neck (e.g., snaps, hook-and-loop, or ties).",low,,high,All five bibs appear within the same pink blush palette (no bib is predominantly a non-pink color).,low,,low,,medium,The bibs are shown as fabric/textile items (not illustrated icons of bibs).,medium,Branding is visible on the product and/or packaging/tag.,low,,high,"Reversibility is visually demonstrated by showing both sides of at least one bib (e.g., one bib flipped over, or some bibs showing one side while others show the opposite side).",low,,low,,medium,"If two sides of a bib are shown, both sides remain within the pink blush palette.",low,,low,,high,"Visible text includes the brand name ""Moon and Back"". | Visible text includes the word ""Organic"" (or ""Organic"" appears as part of a visible product label/tag/packaging text)."
24,"Amazon Brand - The Fix Women's Mischa Block Heel Ankle Wrap Sandal with Bows, dove suede, 9 B US","{""level_1"": {""existence"": {""importance"": ""high"", ""facts"": [""At least one ankle-wrap sandal is depicted.""]}, ""counting"": {""importance"": ""low"", ""facts"": []}, ""relation"": {""importance"": ""low"", ""facts"": []}, ""shape"": {""importance"": ""high"", ""facts"": [""The footwear is a sandal (open construction, not a closed shoe/boot)."", ""The sandal has a block-style heel (a thick, chunky heel rather than a stiletto or wedge)."", ""The sandal includes straps that wrap around the ankle.""]}, ""size"": {""importance"": ""low"", ""facts"": []}, ""color"": {""importance"": ""high"", ""facts"": [""The sandal is a dove-colored shade (light gray/gray-beige).""]}, ""posture"": {""importance"": ""low"", ""facts"": []}, ""scene"": {""importance"": ""low"", ""facts"": []}, ""others"": {""importance"": ""high"", ""facts"": [""The sandal has bows as part of its design (visible bow shapes on the sandal).""]}}, ""level_2"": {""existence"": {""importance"": ""high"", ""facts"": [""A heel is present on the sandal."", ""An ankle-wrap strap is present on the sandal."", ""At least one bow embellishment is present on the sandal.""]}, ""counting"": {""importance"": ""low"", ""facts"": []}, ""relation"": {""importance"": ""high"", ""facts"": [""The ankle-wrap strap visually extends around the ankle area of the sandal (positioned above the foot/near the ankle)."", ""The bow(s) are attached to the sandal (not separate accessories placed nearby).""]}, ""shape"": {""importance"": ""high"", ""facts"": [""The heel has a block/rectangular profile (not needle-thin)."", ""The bows have a typical bow form (two loops and a central knot-like section).""]}, ""size"": {""importance"": ""low"", ""facts"": []}, ""color"": {""importance"": ""high"", ""facts"": [""The visible upper/straps of the sandal are the same dove (light gray/gray-beige) color family.""]}, ""posture"": {""importance"": ""low"", ""facts"": []}, ""scene"": {""importance"": ""low"", ""facts"": []}, ""others"": {""importance"": ""high"", ""facts"": [""The sandal’s exterior material appears suede-like (matte, fuzzy/nap texture rather than glossy leather or fabric weave).""]}}, ""level_3"": {""existence"": {""importance"": ""low"", ""facts"": []}, ""counting"": {""importance"": ""low"", ""facts"": []}, ""relation"": {""importance"": ""low"", ""facts"": []}, ""shape"": {""importance"": ""low"", ""facts"": []}, ""size"": {""importance"": ""low"", ""facts"": []}, ""color"": {""importance"": ""low"", ""facts"": []}, ""posture"": {""importance"": ""low"", ""facts"": []}, ""scene"": {""importance"": ""low"", ""facts"": []}, ""others"": {""importance"": ""low"", ""facts"": []}}}","{
  ""level_1"": {
    ""existence"": {
      ""importance"": ""high"",
      ""facts"": [
        ""At least one ankle-wrap sandal is depicted.""
      ]
    },
    ""counting"": {
      ""importance"": ""low"",
      ""facts"": []
    },
    ""relation"": {
      ""importance"": ""low"",
      ""facts"": []
    },
    ""shape"": {
      ""importance"": ""high"",
      ""facts"": [
        ""The footwear is a sandal (open construction, not a closed shoe/boot)."",
        ""The sandal has a block-style heel (a thick, chunky heel rather than a stiletto or wedge)."",
        ""The sandal includes straps that wrap around the ankle.""
      ]
    },
    ""size"": {
      ""importance"": ""low"",
      ""facts"": []
    },
    ""color"": {
      ""importance"": ""high"",
      ""facts"": [
        ""The sandal is a dove-colored shade (light gray/gray-beige).""
      ]
    },
    ""posture"": {
      ""importance"": ""low"",
      ""facts"": []
    },
    ""scene"": {
      ""importance"": ""low"",
      ""facts"": []
    },
    ""others"": {
      ""importance"": ""high"",
      ""facts"": [
        ""The sandal has bows as part of its design (visible bow shapes on the sandal).""
      ]
    }
  },
  ""level_2"": {
    ""existence"": {
      ""importance"": ""high"",
      ""facts"": [
        ""A heel is present on the sandal."",
        ""An ankle-wrap strap is present on the sandal."",
        ""At least one bow embellishment is present on the sandal.""
      ]
    },
    ""counting"": {
      ""importance"": ""low"",
      ""facts"": []
    },
    ""relation"": {
      ""importance"": ""high"",
      ""facts"": [
        ""The ankle-wrap strap visually extends around the ankle area of the sandal (positioned above the foot/near the ankle)."",
        ""The bow(s) are attached to the sandal (not separate accessories placed nearby).""
      ]
    },
    ""shape"": {
      ""importance"": ""high"",
      ""facts"": [
        ""The heel has a block/rectangular profile (not needle-thin)."",
        ""The bows have a typical bow form (two loops and a central knot-like section).""
      ]
    },
    ""size"": {
      ""importance"": ""low"",
      ""facts"": []
    },
    ""color"": {
      ""importance"": ""high"",
      ""facts"": [
        ""The visible upper/straps of the sandal are the same dove (light gray/gray-beige) color family.""
      ]
    },
    ""posture"": {
      ""importance"": ""low"",
      ""facts"": []
    },
    ""scene"": {
      ""importance"": ""low"",
      ""facts"": []
    },
    ""others"": {
      ""importance"": ""high"",
      ""facts"": [
        ""The sandal’s exterior material appears suede-like (matte, fuzzy/nap texture rather than glossy leather or fabric weave).""
      ]
    }
  },
  ""level_3"": {
    ""existence"": {
      ""importance"": ""low"",
      ""facts"": []
    },
    ""counting"": {
      ""importance"": ""low"",
      ""facts"": []
    },
    ""relation"": {
      ""importance"": ""low"",
      ""facts"": []
    },
    ""shape"": {
      ""importance"": ""low"",
      ""facts"": []
    },
    ""size"": {
      ""importance"": ""low"",
      ""facts"": []
    },
    ""color"": {
      ""importance"": ""low"",
      ""facts"": []
    },
    ""posture"": {
      ""importance"": ""low"",
      ""facts"": []
    },
    ""scene"": {
      ""importance"": ""low"",
      ""facts"": []
    },
    ""others"": {
      ""importance"": ""low"",
      ""facts"": []
    }
  }
}",high,At least one ankle-wrap sandal is depicted.,low,,low,,high,"The footwear is a sandal (open construction, not a closed shoe/boot). | The sandal has a block-style heel (a thick, chunky heel rather than a stiletto or wedge). | The sandal includes straps that wrap around the ankle.",low,,high,The sandal is a dove-colored shade (light gray/gray-beige).,low,,low,,high,The sandal has bows as part of its design (visible bow shapes on the sandal).,high,A heel is present on the sandal. | An ankle-wrap strap is present on the sandal. | At least one bow embellishment is present on the sandal.,low,,high,The ankle-wrap strap visually extends around the ankle area of the sandal (positioned above the foot/near the ankle). | The bow(s) are attached to the sandal (not separate accessories placed nearby).,high,The heel has a block/rectangular profile (not needle-thin). | The bows have a typical bow form (two loops and a central knot-like section).,low,,high,The visible upper/straps of the sandal are the same dove (light gray/gray-beige) color family.,low,,low,,high,"The sandal’s exterior material appears suede-like (matte, fuzzy/nap texture rather than glossy leather or fabric weave).",low,,low,,low,,low,,low,,low,,low,,low,,low,
25,"Amazon Brand – Stone & Beam Casual Geometric Wool Runner Rug, 8' x 2' 3"", Green","{""level_1"": {""existence"": {""importance"": ""high"", ""facts"": [""A runner rug is depicted.""]}, ""counting"": {""importance"": ""medium"", ""facts"": [""Exactly one rug is the primary subject of the image.""]}, ""relation"": {""importance"": ""low"", ""facts"": []}, ""shape"": {""importance"": ""high"", ""facts"": [""The rug has a long rectangular shape (runner form).""]}, ""size"": {""importance"": ""medium"", ""facts"": [""The rug appears much longer than it is wide.""]}, ""color"": {""importance"": ""high"", ""facts"": [""Green is a primary visible color of the rug.""]}, ""posture"": {""importance"": ""low"", ""facts"": []}, ""scene"": {""importance"": ""low"", ""facts"": []}, ""others"": {""importance"": ""low"", ""facts"": []}}, ""level_2"": {""existence"": {""importance"": ""high"", ""facts"": [""A geometric pattern is visible on the rug.""]}, ""counting"": {""importance"": ""low"", ""facts"": []}, ""relation"": {""importance"": ""low"", ""facts"": []}, ""shape"": {""importance"": ""high"", ""facts"": [""The rug’s surface design consists of geometric shapes/pattern elements (not purely solid or purely floral/pictorial).""]}, ""size"": {""importance"": ""medium"", ""facts"": [""The rug’s proportions are consistent with an approximately 8 ft by 2 ft 3 in runner (roughly 3.5:1 length-to-width proportion).""]}, ""color"": {""importance"": ""high"", ""facts"": [""The green color appears on a substantial portion of the rug (not just a small accent).""]}, ""posture"": {""importance"": ""low"", ""facts"": []}, ""scene"": {""importance"": ""low"", ""facts"": []}, ""others"": {""importance"": ""low"", ""facts"": []}}, ""level_3"": {""existence"": {""importance"": ""low"", ""facts"": []}, ""counting"": {""importance"": ""low"", ""facts"": []}, ""relation"": {""importance"": ""low"", ""facts"": []}, ""shape"": {""importance"": ""low"", ""facts"": []}, ""size"": {""importance"": ""low"", ""facts"": []}, ""color"": {""importance"": ""low"", ""facts"": []}, ""posture"": {""importance"": ""low"", ""facts"": []}, ""scene"": {""importance"": ""low"", ""facts"": []}, ""others"": {""importance"": ""low"", ""facts"": []}}}","{
  ""level_1"": {
    ""existence"": {
      ""importance"": ""high"",
      ""facts"": [
        ""A runner rug is depicted.""
      ]
    },
    ""counting"": {
      ""importance"": ""medium"",
      ""facts"": [
        ""Exactly one rug is the primary subject of the image.""
      ]
    },
    ""relation"": {
      ""importance"": ""low"",
      ""facts"": []
    },
    ""shape"": {
      ""importance"": ""high"",
      ""facts"": [
        ""The rug has a long rectangular shape (runner form).""
      ]
    },
    ""size"": {
      ""importance"": ""medium"",
      ""facts"": [
        ""The rug appears much longer than it is wide.""
      ]
    },
    ""color"": {
      ""importance"": ""high"",
      ""facts"": [
        ""Green is a primary visible color of the rug.""
      ]
    },
    ""posture"": {
      ""importance"": ""low"",
      ""facts"": []
    },
    ""scene"": {
      ""importance"": ""low"",
      ""facts"": []
    },
    ""others"": {
      ""importance"": ""low"",
      ""facts"": []
    }
  },
  ""level_2"": {
    ""existence"": {
      ""importance"": ""high"",
      ""facts"": [
        ""A geometric pattern is visible on the rug.""
      ]
    },
    ""counting"": {
      ""importance"": ""low"",
      ""facts"": []
    },
    ""relation"": {
      ""importance"": ""low"",
      ""facts"": []
    },
    ""shape"": {
      ""importance"": ""high"",
      ""facts"": [
        ""The rug’s surface design consists of geometric shapes/pattern elements (not purely solid or purely floral/pictorial).""
      ]
    },
    ""size"": {
      ""importance"": ""medium"",
      ""facts"": [
        ""The rug’s proportions are consistent with an approximately 8 ft by 2 ft 3 in runner (roughly 3.5:1 length-to-width proportion).""
      ]
    },
    ""color"": {
      ""importance"": ""high"",
      ""facts"": [
        ""The green color appears on a substantial portion of the rug (not just a small accent).""
      ]
    },
    ""posture"": {
      ""importance"": ""low"",
      ""facts"": []
    },
    ""scene"": {
      ""importance"": ""low"",
      ""facts"": []
    },
    ""others"": {
      ""importance"": ""low"",
      ""facts"": []
    }
  },
  ""level_3"": {
    ""existence"": {
      ""importance"": ""low"",
      ""facts"": []
    },
    ""counting"": {
      ""importance"": ""low"",
      ""facts"": []
    },
    ""relation"": {
      ""importance"": ""low"",
      ""facts"": []
    },
    ""shape"": {
      ""importance"": ""low"",
      ""facts"": []
    },
    ""size"": {
      ""importance"": ""low"",
      ""facts"": []
    },
    ""color"": {
      ""importance"": ""low"",
      ""facts"": []
    },
    ""posture"": {
      ""importance"": ""low"",
      ""facts"": []
    },
    ""scene"": {
      ""importance"": ""low"",
      ""facts"": []
    },
    ""others"": {
      ""importance"": ""low"",
      ""facts"": []
    }
  }
}",high,A runner rug is depicted.,medium,Exactly one rug is the primary subject of the image.,low,,high,The rug has a long rectangular shape (runner form).,medium,The rug appears much longer than it is wide.,high,Green is a primary visible color of the rug.,low,,low,,low,,high,A geometric pattern is visible on the rug.,low,,low,,high,The rug’s surface design consists of geometric shapes/pattern elements (not purely solid or purely floral/pictorial).,medium,The rug’s proportions are consistent with an approximately 8 ft by 2 ft 3 in runner (roughly 3.5:1 length-to-width proportion).,high,The green color appears on a substantial portion of the rug (not just a small accent).,low,,low,,low,,low,,low,,low,,low,,low,,low,,low,,low,,low,
28,"AmazonBasics Modern Adjustable Swivel Bar/Island Stools - PU with Chrome Air Lift - Set of 2, Black","{""level_1"": {""existence"": {""importance"": ""high"", ""facts"": [""Two bar/island stools are shown.""]}, ""counting"": {""importance"": ""high"", ""facts"": [""Exactly two stools are present.""]}, ""relation"": {""importance"": ""medium"", ""facts"": [""The two stools appear as a matching set (same overall design).""]}, ""shape"": {""importance"": ""medium"", ""facts"": [""Each stool has a seat mounted on a single central pedestal column with a base (not four legs).""]}, ""size"": {""importance"": ""low"", ""facts"": []}, ""color"": {""importance"": ""high"", ""facts"": [""The stools’ seats are black.""]}, ""posture"": {""importance"": ""medium"", ""facts"": [""Both stools are upright and standing on their bases.""]}, ""scene"": {""importance"": ""low"", ""facts"": []}, ""others"": {""importance"": ""low"", ""facts"": []}}, ""level_2"": {""existence"": {""importance"": ""high"", ""facts"": [""Each stool has a metal pedestal base with a visible pneumatic/gas-lift (air lift) cylinder.""]}, ""counting"": {""importance"": ""medium"", ""facts"": [""Each stool has one central support column and one base.""]}, ""relation"": {""importance"": ""high"", ""facts"": [""Each seat is attached to the top of the gas-lift/pedestal column."", ""A footrest is integrated around the lower part of the pedestal column on each stool.""]}, ""shape"": {""importance"": ""high"", ""facts"": [""Each stool’s base is a single, round/disc-style base (typical pedestal base).""]}, ""size"": {""importance"": ""low"", ""facts"": []}, ""color"": {""importance"": ""high"", ""facts"": [""The pedestal/air-lift/base components are chrome/silver in appearance.""]}, ""posture"": {""importance"": ""low"", ""facts"": []}, ""scene"": {""importance"": ""low"", ""facts"": []}, ""others"": {""importance"": ""medium"", ""facts"": [""The seat upholstery appears smooth and leather-like (consistent with PU-style upholstery).""]}}, ""level_3"": {""existence"": {""importance"": ""medium"", ""facts"": [""An adjustment lever/handle is visible on each stool near the underside of the seat or at the top of the gas-lift column.""]}, ""counting"": {""importance"": ""low"", ""facts"": []}, ""relation"": {""importance"": ""low"", ""facts"": []}, ""shape"": {""importance"": ""low"", ""facts"": []}, ""size"": {""importance"": ""low"", ""facts"": []}, ""color"": {""importance"": ""low"", ""facts"": []}, ""posture"": {""importance"": ""low"", ""facts"": []}, ""scene"": {""importance"": ""low"", ""facts"": []}, ""others"": {""importance"": ""low"", ""facts"": []}}}","{
  ""level_1"": {
    ""existence"": {
      ""importance"": ""high"",
      ""facts"": [
        ""Two bar/island stools are shown.""
      ]
    },
    ""counting"": {
      ""importance"": ""high"",
      ""facts"": [
        ""Exactly two stools are present.""
      ]
    },
    ""relation"": {
      ""importance"": ""medium"",
      ""facts"": [
        ""The two stools appear as a matching set (same overall design).""
      ]
    },
    ""shape"": {
      ""importance"": ""medium"",
      ""facts"": [
        ""Each stool has a seat mounted on a single central pedestal column with a base (not four legs).""
      ]
    },
    ""size"": {
      ""importance"": ""low"",
      ""facts"": []
    },
    ""color"": {
      ""importance"": ""high"",
      ""facts"": [
        ""The stools’ seats are black.""
      ]
    },
    ""posture"": {
      ""importance"": ""medium"",
      ""facts"": [
        ""Both stools are upright and standing on their bases.""
      ]
    },
    ""scene"": {
      ""importance"": ""low"",
      ""facts"": []
    },
    ""others"": {
      ""importance"": ""low"",
      ""facts"": []
    }
  },
  ""level_2"": {
    ""existence"": {
      ""importance"": ""high"",
      ""facts"": [
        ""Each stool has a metal pedestal base with a visible pneumatic/gas-lift (air lift) cylinder.""
      ]
    },
    ""counting"": {
      ""importance"": ""medium"",
      ""facts"": [
        ""Each stool has one central support column and one base.""
      ]
    },
    ""relation"": {
      ""importance"": ""high"",
      ""facts"": [
        ""Each seat is attached to the top of the gas-lift/pedestal column."",
        ""A footrest is integrated around the lower part of the pedestal column on each stool.""
      ]
    },
    ""shape"": {
      ""importance"": ""high"",
      ""facts"": [
        ""Each stool’s base is a single, round/disc-style base (typical pedestal base).""
      ]
    },
    ""size"": {
      ""importance"": ""low"",
      ""facts"": []
    },
    ""color"": {
      ""importance"": ""high"",
      ""facts"": [
        ""The pedestal/air-lift/base components are chrome/silver in appearance.""
      ]
    },
    ""posture"": {
      ""importance"": ""low"",
      ""facts"": []
    },
    ""scene"": {
      ""importance"": ""low"",
      ""facts"": []
    },
    ""others"": {
      ""importance"": ""medium"",
      ""facts"": [
        ""The seat upholstery appears smooth and leather-like (consistent with PU-style upholstery).""
      ]
    }
  },
  ""level_3"": {
    ""existence"": {
      ""importance"": ""medium"",
      ""facts"": [
        ""An adjustment lever/handle is visible on each stool near the underside of the seat or at the top of the gas-lift column.""
      ]
    },
    ""counting"": {
      ""importance"": ""low"",
      ""facts"": []
    },
    ""relation"": {
      ""importance"": ""low"",
      ""facts"": []
    },
    ""shape"": {
      ""importance"": ""low"",
      ""facts"": []
    },
    ""size"": {
      ""importance"": ""low"",
      ""facts"": []
    },
    ""color"": {
      ""importance"": ""low"",
      ""facts"": []
    },
    ""posture"": {
      ""importance"": ""low"",
      ""facts"": []
    },
    ""scene"": {
      ""importance"": ""low"",
      ""facts"": []
    },
    ""others"": {
      ""importance"": ""low"",
      ""facts"": []
    }
  }
}",high,Two bar/island stools are shown.,high,Exactly two stools are present.,medium,The two stools appear as a matching set (same overall design).,medium,Each stool has a seat mounted on a single central pedestal column with a base (not four legs).,low,,high,The stools’ seats are black.,medium,Both stools are upright and standing on their bases.,low,,low,,high,Each stool has a metal pedestal base with a visible pneumatic/gas-lift (air lift) cylinder.,medium,Each stool has one central support column and one base.,high,Each seat is attached to the top of the gas-lift/pedestal column. | A footrest is integrated around the lower part of the pedestal column on each stool.,high,"Each stool’s base is a single, round/disc-style base (typical pedestal base).",low,,high,The pedestal/air-lift/base components are chrome/silver in appearance.,low,,low,,medium,The seat upholstery appears smooth and leather-like (consistent with PU-style upholstery).,medium,An adjustment lever/handle is visible on each stool near the underside of the seat or at the top of the gas-lift column.,low,,low,,low,,low,,low,,low,,low,,low,
30,"10k White Gold Diamond Heart Ring (0.03 cttw, I-J Color, I2-I3 Clarity), Size 6","{""level_1"": {""existence"": {""importance"": ""high"", ""facts"": [""A ring is depicted.""]}, ""counting"": {""importance"": ""low"", ""facts"": []}, ""relation"": {""importance"": ""low"", ""facts"": []}, ""shape"": {""importance"": ""high"", ""facts"": [""The ring includes a heart-shaped design element.""]}, ""size"": {""importance"": ""low"", ""facts"": []}, ""color"": {""importance"": ""high"", ""facts"": [""The ring’s metal appears white/silvery rather than yellow.""]}, ""posture"": {""importance"": ""low"", ""facts"": []}, ""scene"": {""importance"": ""low"", ""facts"": []}, ""others"": {""importance"": ""low"", ""facts"": []}}, ""level_2"": {""existence"": {""importance"": ""high"", ""facts"": [""At least one diamond/gemstone is present on the ring.""]}, ""counting"": {""importance"": ""low"", ""facts"": [""There is at least one visible diamond/gemstone.""]}, ""relation"": {""importance"": ""high"", ""facts"": [""The diamond/gemstones are set as part of the heart-shaped design element (e.g., on/in the heart).""]}, ""shape"": {""importance"": ""medium"", ""facts"": [""The heart motif is clearly recognizable as a heart shape.""]}, ""size"": {""importance"": ""low"", ""facts"": []}, ""color"": {""importance"": ""medium"", ""facts"": [""The diamond/gemstones appear clear/white rather than strongly colored.""]}, ""posture"": {""importance"": ""low"", ""facts"": []}, ""scene"": {""importance"": ""low"", ""facts"": []}, ""others"": {""importance"": ""low"", ""facts"": []}}, ""level_3"": {""existence"": {""importance"": ""low"", ""facts"": []}, ""counting"": {""importance"": ""low"", ""facts"": []}, ""relation"": {""importance"": ""low"", ""facts"": []}, ""shape"": {""importance"": ""low"", ""facts"": []}, ""size"": {""importance"": ""low"", ""facts"": []}, ""color"": {""importance"": ""low"", ""facts"": []}, ""posture"": {""importance"": ""low"", ""facts"": []}, ""scene"": {""importance"": ""low"", ""facts"": []}, ""others"": {""importance"": ""low"", ""facts"": []}}}","{
  ""level_1"": {
    ""existence"": {
      ""importance"": ""high"",
      ""facts"": [
        ""A ring is depicted.""
      ]
    },
    ""counting"": {
      ""importance"": ""low"",
      ""facts"": []
    },
    ""relation"": {
      ""importance"": ""low"",
      ""facts"": []
    },
    ""shape"": {
      ""importance"": ""high"",
      ""facts"": [
        ""The ring includes a heart-shaped design element.""
      ]
    },
    ""size"": {
      ""importance"": ""low"",
      ""facts"": []
    },
    ""color"": {
      ""importance"": ""high"",
      ""facts"": [
        ""The ring’s metal appears white/silvery rather than yellow.""
      ]
    },
    ""posture"": {
      ""importance"": ""low"",
      ""facts"": []
    },
    ""scene"": {
      ""importance"": ""low"",
      ""facts"": []
    },
    ""others"": {
      ""importance"": ""low"",
      ""facts"": []
    }
  },
  ""level_2"": {
    ""existence"": {
      ""importance"": ""high"",
      ""facts"": [
        ""At least one diamond/gemstone is present on the ring.""
      ]
    },
    ""counting"": {
      ""importance"": ""low"",
      ""facts"": [
        ""There is at least one visible diamond/gemstone.""
      ]
    },
    ""relation"": {
      ""importance"": ""high"",
      ""facts"": [
        ""The diamond/gemstones are set as part of the heart-shaped design element (e.g., on/in the heart).""
      ]
    },
    ""shape"": {
      ""importance"": ""medium"",
      ""facts"": [
        ""The heart motif is clearly recognizable as a heart shape.""
      ]
    },
    ""size"": {
      ""importance"": ""low"",
      ""facts"": []
    },
    ""color"": {
      ""importance"": ""medium"",
      ""facts"": [
        ""The diamond/gemstones appear clear/white rather than strongly colored.""
      ]
    },
    ""posture"": {
      ""importance"": ""low"",
      ""facts"": []
    },
    ""scene"": {
      ""importance"": ""low"",
      ""facts"": []
    },
    ""others"": {
      ""importance"": ""low"",
      ""facts"": []
    }
  },
  ""level_3"": {
    ""existence"": {
      ""importance"": ""low"",
      ""facts"": []
    },
    ""counting"": {
      ""importance"": ""low"",
      ""facts"": []
    },
    ""relation"": {
      ""importance"": ""low"",
      ""facts"": []
    },
    ""shape"": {
      ""importance"": ""low"",
      ""facts"": []
    },
    ""size"": {
      ""importance"": ""low"",
      ""facts"": []
    },
    ""color"": {
      ""importance"": ""low"",
      ""facts"": []
    },
    ""posture"": {
      ""importance"": ""low"",
      ""facts"": []
    },
    ""scene"": {
      ""importance"": ""low"",
      ""facts"": []
    },
    ""others"": {
      ""importance"": ""low"",
      ""facts"": []
    }
  }
}",high,A ring is depicted.,low,,low,,high,The ring includes a heart-shaped design element.,low,,high,The ring’s metal appears white/silvery rather than yellow.,low,,low,,low,,high,At least one diamond/gemstone is present on the ring.,low,There is at least one visible diamond/gemstone.,high,"The diamond/gemstones are set as part of the heart-shaped design element (e.g., on/in the heart).",medium,The heart motif is clearly recognizable as a heart shape.,low,,medium,The diamond/gemstones appear clear/white rather than strongly colored.,low,,low,,low,,low,,low,,low,,low,,low,,low,,low,,low,,low,
31,"AmazonBasics Zinc Alloy Guitar Capo for Acoustic and Electric Guitar, Copper, 3-Pack","{""level_1"": {""existence"": {""importance"": ""high"", ""facts"": [""Guitar capos are depicted.""]}, ""counting"": {""importance"": ""high"", ""facts"": [""Exactly three capos are shown (a 3-pack).""]}, ""relation"": {""importance"": ""low"", ""facts"": []}, ""shape"": {""importance"": ""medium"", ""facts"": [""Each item has a clamp-like capo form intended to attach across a guitar neck/fretboard.""]}, ""size"": {""importance"": ""low"", ""facts"": []}, ""color"": {""importance"": ""high"", ""facts"": [""The capos are copper-colored.""]}, ""posture"": {""importance"": ""low"", ""facts"": []}, ""scene"": {""importance"": ""low"", ""facts"": []}, ""others"": {""importance"": ""low"", ""facts"": []}}, ""level_2"": {""existence"": {""importance"": ""medium"", ""facts"": [""Each capo has two opposing jaws/arms that form the clamp."", ""Each capo has a contact surface/pad on the jaw that would press on guitar strings/fretboard.""]}, ""counting"": {""importance"": ""low"", ""facts"": []}, ""relation"": {""importance"": ""medium"", ""facts"": [""On each capo, the padded contact surface is positioned on the inner side of the clamping jaw.""]}, ""shape"": {""importance"": ""low"", ""facts"": []}, ""size"": {""importance"": ""low"", ""facts"": []}, ""color"": {""importance"": ""medium"", ""facts"": [""The primary visible body of each capo is copper-colored (not just a small copper accent).""]}, ""posture"": {""importance"": ""low"", ""facts"": []}, ""scene"": {""importance"": ""low"", ""facts"": []}, ""others"": {""importance"": ""low"", ""facts"": []}}, ""level_3"": {""existence"": {""importance"": ""medium"", ""facts"": [""Visible branding indicates 'AmazonBasics' (e.g., on the capos themselves or on product packaging shown in the image).""]}, ""counting"": {""importance"": ""low"", ""facts"": []}, ""relation"": {""importance"": ""low"", ""facts"": []}, ""shape"": {""importance"": ""low"", ""facts"": []}, ""size"": {""importance"": ""low"", ""facts"": []}, ""color"": {""importance"": ""low"", ""facts"": []}, ""posture"": {""importance"": ""low"", ""facts"": []}, ""scene"": {""importance"": ""low"", ""facts"": []}, ""others"": {""importance"": ""low"", ""facts"": []}}}","{
  ""level_1"": {
    ""existence"": {
      ""importance"": ""high"",
      ""facts"": [
        ""Guitar capos are depicted.""
      ]
    },
    ""counting"": {
      ""importance"": ""high"",
      ""facts"": [
        ""Exactly three capos are shown (a 3-pack).""
      ]
    },
    ""relation"": {
      ""importance"": ""low"",
      ""facts"": []
    },
    ""shape"": {
      ""importance"": ""medium"",
      ""facts"": [
        ""Each item has a clamp-like capo form intended to attach across a guitar neck/fretboard.""
      ]
    },
    ""size"": {
      ""importance"": ""low"",
      ""facts"": []
    },
    ""color"": {
      ""importance"": ""high"",
      ""facts"": [
        ""The capos are copper-colored.""
      ]
    },
    ""posture"": {
      ""importance"": ""low"",
      ""facts"": []
    },
    ""scene"": {
      ""importance"": ""low"",
      ""facts"": []
    },
    ""others"": {
      ""importance"": ""low"",
      ""facts"": []
    }
  },
  ""level_2"": {
    ""existence"": {
      ""importance"": ""medium"",
      ""facts"": [
        ""Each capo has two opposing jaws/arms that form the clamp."",
        ""Each capo has a contact surface/pad on the jaw that would press on guitar strings/fretboard.""
      ]
    },
    ""counting"": {
      ""importance"": ""low"",
      ""facts"": []
    },
    ""relation"": {
      ""importance"": ""medium"",
      ""facts"": [
        ""On each capo, the padded contact surface is positioned on the inner side of the clamping jaw.""
      ]
    },
    ""shape"": {
      ""importance"": ""low"",
      ""facts"": []
    },
    ""size"": {
      ""importance"": ""low"",
      ""facts"": []
    },
    ""color"": {
      ""importance"": ""medium"",
      ""facts"": [
        ""The primary visible body of each capo is copper-colored (not just a small copper accent).""
      ]
    },
    ""posture"": {
      ""importance"": ""low"",
      ""facts"": []
    },
    ""scene"": {
      ""importance"": ""low"",
      ""facts"": []
    },
    ""others"": {
      ""importance"": ""low"",
      ""facts"": []
    }
  },
  ""level_3"": {
    ""existence"": {
      ""importance"": ""medium"",
      ""facts"": [
        ""Visible branding indicates 'AmazonBasics' (e.g., on the capos themselves or on product packaging shown in the image).""
      ]
    },
    ""counting"": {
      ""importance"": ""low"",
      ""facts"": []
    },
    ""relation"": {
      ""importance"": ""low"",
      ""facts"": []
    },
    ""shape"": {
      ""importance"": ""low"",
      ""facts"": []
    },
    ""size"": {
      ""importance"": ""low"",
      ""facts"": []
    },
    ""color"": {
      ""importance"": ""low"",
      ""facts"": []
    },
    ""posture"": {
      ""importance"": ""low"",
      ""facts"": []
    },
    ""scene"": {
      ""importance"": ""low"",
      ""facts"": []
    },
    ""others"": {
      ""importance"": ""low"",
      ""facts"": []
    }
  }
}",high,Guitar capos are depicted.,high,Exactly three capos are shown (a 3-pack).,low,,medium,Each item has a clamp-like capo form intended to attach across a guitar neck/fretboard.,low,,high,The capos are copper-colored.,low,,low,,low,,medium,Each capo has two opposing jaws/arms that form the clamp. | Each capo has a contact surface/pad on the jaw that would press on guitar strings/fretboard.,low,,medium,"On each capo, the padded contact surface is positioned on the inner side of the clamping jaw.",low,,low,,medium,The primary visible body of each capo is copper-colored (not just a small copper accent).,low,,low,,low,,medium,"Visible branding indicates 'AmazonBasics' (e.g., on the capos themselves or on product packaging shown in the image).",low,,low,,low,,low,,low,,low,,low,,low,
32,"UMI Merryfeel Microfibre Duvet Cover Set, Light and Soft","{""level_1"": {""existence"": {""importance"": ""high"", ""facts"": [""A duvet cover set (bedding set) is depicted.""]}, ""counting"": {""importance"": ""high"", ""facts"": [""The image shows more than one bedding item (it is presented as a set, not a single standalone piece).""]}, ""relation"": {""importance"": ""medium"", ""facts"": [""The items appear to belong together as one coordinated duvet cover set (matching design/material).""]}, ""shape"": {""importance"": ""low"", ""facts"": []}, ""size"": {""importance"": ""low"", ""facts"": []}, ""color"": {""importance"": ""low"", ""facts"": []}, ""posture"": {""importance"": ""low"", ""facts"": []}, ""scene"": {""importance"": ""low"", ""facts"": []}, ""others"": {""importance"": ""low"", ""facts"": []}}, ""level_2"": {""existence"": {""importance"": ""high"", ""facts"": [""A duvet cover is visible."", ""At least one pillowcase is visible.""]}, ""counting"": {""importance"": ""low"", ""facts"": []}, ""relation"": {""importance"": ""medium"", ""facts"": [""The pillowcase(s) match the duvet cover in appearance (pattern/color/material look).""]}, ""shape"": {""importance"": ""low"", ""facts"": [""The duvet cover appears as a large rectangular textile item."", ""The pillowcase(s) appear as smaller rectangular textile item(s).""]}, ""size"": {""importance"": ""low"", ""facts"": []}, ""color"": {""importance"": ""low"", ""facts"": []}, ""posture"": {""importance"": ""low"", ""facts"": []}, ""scene"": {""importance"": ""low"", ""facts"": []}, ""others"": {""importance"": ""medium"", ""facts"": [""The brand name 'UMI Merryfeel' is visible as text on the product, packaging, or a label/tag.""]}}, ""level_3"": {""existence"": {""importance"": ""low"", ""facts"": []}, ""counting"": {""importance"": ""low"", ""facts"": []}, ""relation"": {""importance"": ""low"", ""facts"": []}, ""shape"": {""importance"": ""low"", ""facts"": []}, ""size"": {""importance"": ""low"", ""facts"": []}, ""color"": {""importance"": ""low"", ""facts"": []}, ""posture"": {""importance"": ""low"", ""facts"": []}, ""scene"": {""importance"": ""low"", ""facts"": []}, ""others"": {""importance"": ""low"", ""facts"": []}}}","{
  ""level_1"": {
    ""existence"": {
      ""importance"": ""high"",
      ""facts"": [
        ""A duvet cover set (bedding set) is depicted.""
      ]
    },
    ""counting"": {
      ""importance"": ""high"",
      ""facts"": [
        ""The image shows more than one bedding item (it is presented as a set, not a single standalone piece).""
      ]
    },
    ""relation"": {
      ""importance"": ""medium"",
      ""facts"": [
        ""The items appear to belong together as one coordinated duvet cover set (matching design/material).""
      ]
    },
    ""shape"": {
      ""importance"": ""low"",
      ""facts"": []
    },
    ""size"": {
      ""importance"": ""low"",
      ""facts"": []
    },
    ""color"": {
      ""importance"": ""low"",
      ""facts"": []
    },
    ""posture"": {
      ""importance"": ""low"",
      ""facts"": []
    },
    ""scene"": {
      ""importance"": ""low"",
      ""facts"": []
    },
    ""others"": {
      ""importance"": ""low"",
      ""facts"": []
    }
  },
  ""level_2"": {
    ""existence"": {
      ""importance"": ""high"",
      ""facts"": [
        ""A duvet cover is visible."",
        ""At least one pillowcase is visible.""
      ]
    },
    ""counting"": {
      ""importance"": ""low"",
      ""facts"": []
    },
    ""relation"": {
      ""importance"": ""medium"",
      ""facts"": [
        ""The pillowcase(s) match the duvet cover in appearance (pattern/color/material look).""
      ]
    },
    ""shape"": {
      ""importance"": ""low"",
      ""facts"": [
        ""The duvet cover appears as a large rectangular textile item."",
        ""The pillowcase(s) appear as smaller rectangular textile item(s).""
      ]
    },
    ""size"": {
      ""importance"": ""low"",
      ""facts"": []
    },
    ""color"": {
      ""importance"": ""low"",
      ""facts"": []
    },
    ""posture"": {
      ""importance"": ""low"",
      ""facts"": []
    },
    ""scene"": {
      ""importance"": ""low"",
      ""facts"": []
    },
    ""others"": {
      ""importance"": ""medium"",
      ""facts"": [
        ""The brand name 'UMI Merryfeel' is visible as text on the product, packaging, or a label/tag.""
      ]
    }
  },
  ""level_3"": {
    ""existence"": {
      ""importance"": ""low"",
      ""facts"": []
    },
    ""counting"": {
      ""importance"": ""low"",
      ""facts"": []
    },
    ""relation"": {
      ""importance"": ""low"",
      ""facts"": []
    },
    ""shape"": {
      ""importance"": ""low"",
      ""facts"": []
    },
    ""size"": {
      ""importance"": ""low"",
      ""facts"": []
    },
    ""color"": {
      ""importance"": ""low"",
      ""facts"": []
    },
    ""posture"": {
      ""importance"": ""low"",
      ""facts"": []
    },
    ""scene"": {
      ""importance"": ""low"",
      ""facts"": []
    },
    ""others"": {
      ""importance"": ""low"",
      ""facts"": []
    }
  }
}",high,A duvet cover set (bedding set) is depicted.,high,"The image shows more than one bedding item (it is presented as a set, not a single standalone piece).",medium,The items appear to belong together as one coordinated duvet cover set (matching design/material).,low,,low,,low,,low,,low,,low,,high,A duvet cover is visible. | At least one pillowcase is visible.,low,,medium,The pillowcase(s) match the duvet cover in appearance (pattern/color/material look).,low,The duvet cover appears as a large rectangular textile item. | The pillowcase(s) appear as smaller rectangular textile item(s).,low,,low,,low,,low,,medium,"The brand name 'UMI Merryfeel' is visible as text on the product, packaging, or a label/tag.",low,,low,,low,,low,,low,,low,,low,,low,,low,
33,"365 Everyday Value, Organic Peanut Sauce, 10 oz","{""level_1"": {""existence"": {""importance"": ""high"", ""facts"": [""A packaged consumer product is shown (the product packaging/container is visible).""]}, ""counting"": {""importance"": ""medium"", ""facts"": [""Exactly one product package/container is shown as the primary subject.""]}, ""relation"": {""importance"": ""low"", ""facts"": []}, ""shape"": {""importance"": ""low"", ""facts"": []}, ""size"": {""importance"": ""low"", ""facts"": []}, ""color"": {""importance"": ""low"", ""facts"": []}, ""posture"": {""importance"": ""low"", ""facts"": []}, ""scene"": {""importance"": ""low"", ""facts"": []}, ""others"": {""importance"": ""high"", ""facts"": [""The product identification text on the packaging is visible/readable enough to verify the brand name, product name, and size.""]}}, ""level_2"": {""existence"": {""importance"": ""high"", ""facts"": [""The text \""365 Everyday Value\"" appears on the product packaging."", ""The text \""Organic Peanut Sauce\"" appears on the product packaging."", ""The text \""10 oz\"" appears on the product packaging.""]}, ""counting"": {""importance"": ""low"", ""facts"": []}, ""relation"": {""importance"": ""medium"", ""facts"": [""The brand text (\""365 Everyday Value\""), product name (\""Organic Peanut Sauce\""), and size (\""10 oz\"") all refer to the same depicted product package/container.""]}, ""shape"": {""importance"": ""low"", ""facts"": []}, ""size"": {""importance"": ""low"", ""facts"": []}, ""color"": {""importance"": ""low"", ""facts"": []}, ""posture"": {""importance"": ""low"", ""facts"": []}, ""scene"": {""importance"": ""low"", ""facts"": []}, ""others"": {""importance"": ""low"", ""facts"": []}}, ""level_3"": {""existence"": {""importance"": ""high"", ""facts"": [""The brand text includes the numeral \""365\""."", ""The size marking includes the unit \""oz\"".""]}, ""counting"": {""importance"": ""low"", ""facts"": []}, ""relation"": {""importance"": ""low"", ""facts"": []}, ""shape"": {""importance"": ""low"", ""facts"": []}, ""size"": {""importance"": ""low"", ""facts"": []}, ""color"": {""importance"": ""low"", ""facts"": []}, ""posture"": {""importance"": ""low"", ""facts"": []}, ""scene"": {""importance"": ""low"", ""facts"": []}, ""others"": {""importance"": ""low"", ""facts"": []}}}","{
  ""level_1"": {
    ""existence"": {
      ""importance"": ""high"",
      ""facts"": [
        ""A packaged consumer product is shown (the product packaging/container is visible).""
      ]
    },
    ""counting"": {
      ""importance"": ""medium"",
      ""facts"": [
        ""Exactly one product package/container is shown as the primary subject.""
      ]
    },
    ""relation"": {
      ""importance"": ""low"",
      ""facts"": []
    },
    ""shape"": {
      ""importance"": ""low"",
      ""facts"": []
    },
    ""size"": {
      ""importance"": ""low"",
      ""facts"": []
    },
    ""color"": {
      ""importance"": ""low"",
      ""facts"": []
    },
    ""posture"": {
      ""importance"": ""low"",
      ""facts"": []
    },
    ""scene"": {
      ""importance"": ""low"",
      ""facts"": []
    },
    ""others"": {
      ""importance"": ""high"",
      ""facts"": [
        ""The product identification text on the packaging is visible/readable enough to verify the brand name, product name, and size.""
      ]
    }
  },
  ""level_2"": {
    ""existence"": {
      ""importance"": ""high"",
      ""facts"": [
        ""The text \""365 Everyday Value\"" appears on the product packaging."",
        ""The text \""Organic Peanut Sauce\"" appears on the product packaging."",
        ""The text \""10 oz\"" appears on the product packaging.""
      ]
    },
    ""counting"": {
      ""importance"": ""low"",
      ""facts"": []
    },
    ""relation"": {
      ""importance"": ""medium"",
      ""facts"": [
        ""The brand text (\""365 Everyday Value\""), product name (\""Organic Peanut Sauce\""), and size (\""10 oz\"") all refer to the same depicted product package/container.""
      ]
    },
    ""shape"": {
      ""importance"": ""low"",
      ""facts"": []
    },
    ""size"": {
      ""importance"": ""low"",
      ""facts"": []
    },
    ""color"": {
      ""importance"": ""low"",
      ""facts"": []
    },
    ""posture"": {
      ""importance"": ""low"",
      ""facts"": []
    },
    ""scene"": {
      ""importance"": ""low"",
      ""facts"": []
    },
    ""others"": {
      ""importance"": ""low"",
      ""facts"": []
    }
  },
  ""level_3"": {
    ""existence"": {
      ""importance"": ""high"",
      ""facts"": [
        ""The brand text includes the numeral \""365\""."",
        ""The size marking includes the unit \""oz\"".""
      ]
    },
    ""counting"": {
      ""importance"": ""low"",
      ""facts"": []
    },
    ""relation"": {
      ""importance"": ""low"",
      ""facts"": []
    },
    ""shape"": {
      ""importance"": ""low"",
      ""facts"": []
    },
    ""size"": {
      ""importance"": ""low"",
      ""facts"": []
    },
    ""color"": {
      ""importance"": ""low"",
      ""facts"": []
    },
    ""posture"": {
      ""importance"": ""low"",
      ""facts"": []
    },
    ""scene"": {
      ""importance"": ""low"",
      ""facts"": []
    },
    ""others"": {
      ""importance"": ""low"",
      ""facts"": []
    }
  }
}",high,A packaged consumer product is shown (the product packaging/container is visible).,medium,Exactly one product package/container is shown as the primary subject.,low,,low,,low,,low,,low,,low,,high,"The product identification text on the packaging is visible/readable enough to verify the brand name, product name, and size.",high,"The text ""365 Everyday Value"" appears on the product packaging. | The text ""Organic Peanut Sauce"" appears on the product packaging. | The text ""10 oz"" appears on the product packaging.",low,,medium,"The brand text (""365 Everyday Value""), product name (""Organic Peanut Sauce""), and size (""10 oz"") all refer to the same depicted product package/container.",low,,low,,low,,low,,low,,low,,high,"The brand text includes the numeral ""365"". | The size marking includes the unit ""oz"".",low,,low,,low,,low,,low,,low,,low,,low,
36,"AmazonBasics Satin Padded Blouse Hangers, Ivory, 30-Pack","{""level_1"": {""existence"": {""importance"": ""high"", ""facts"": [""Clothing hangers are depicted.""]}, ""counting"": {""importance"": ""high"", ""facts"": [""The depicted set corresponds to a 30-pack of hangers (i.e., 30 hangers are shown, or the packaging for the hangers is shown indicating a 30-pack).""]}, ""relation"": {""importance"": ""low"", ""facts"": []}, ""shape"": {""importance"": ""medium"", ""facts"": [""Each hanger has a typical clothes-hanger silhouette suitable for hanging tops (a central hook with two shoulder arms).""]}, ""size"": {""importance"": ""low"", ""facts"": []}, ""color"": {""importance"": ""high"", ""facts"": [""The hangers are ivory (off-white/cream) in appearance.""]}, ""posture"": {""importance"": ""low"", ""facts"": []}, ""scene"": {""importance"": ""low"", ""facts"": []}, ""others"": {""importance"": ""high"", ""facts"": [""The hangers are identifiable as AmazonBasics-branded (e.g., AmazonBasics name/logo visible on packaging, labels, or the product).""]}}, ""level_2"": {""existence"": {""importance"": ""high"", ""facts"": [""Each hanger has a metal hook at the top."", ""Each hanger has padded shoulder sections.""]}, ""counting"": {""importance"": ""high"", ""facts"": [""Exactly 30 hangers are visible if no packaging quantity marking is shown.""]}, ""relation"": {""importance"": ""medium"", ""facts"": [""The padding covers the shoulder arms of the hangers.""]}, ""shape"": {""importance"": ""medium"", ""facts"": [""The hanger arms appear thick/rounded due to padding rather than thin rigid plastic/wood.""]}, ""size"": {""importance"": ""low"", ""facts"": []}, ""color"": {""importance"": ""high"", ""facts"": [""The satin covering and padding appear in an ivory tone.""]}, ""posture"": {""importance"": ""low"", ""facts"": []}, ""scene"": {""importance"": ""low"", ""facts"": []}, ""others"": {""importance"": ""high"", ""facts"": [""The hanger covering has a satin-like (smooth, slightly shiny) fabric appearance.""]}}, ""level_3"": {""existence"": {""importance"": ""medium"", ""facts"": [""If packaging is shown, it is associated with the hangers and is consistent with retail packaging for the product.""]}, ""counting"": {""importance"": ""medium"", ""facts"": [""If the quantity is shown via packaging text, the visible quantity marking reads as a 30-pack (e.g., '30').""]}, ""relation"": {""importance"": ""low"", ""facts"": []}, ""shape"": {""importance"": ""low"", ""facts"": []}, ""size"": {""importance"": ""low"", ""facts"": []}, ""color"": {""importance"": ""low"", ""facts"": []}, ""posture"": {""importance"": ""low"", ""facts"": []}, ""scene"": {""importance"": ""low"", ""facts"": []}, ""others"": {""importance"": ""low"", ""facts"": []}}}","{
  ""level_1"": {
    ""existence"": {
      ""importance"": ""high"",
      ""facts"": [
        ""Clothing hangers are depicted.""
      ]
    },
    ""counting"": {
      ""importance"": ""high"",
      ""facts"": [
        ""The depicted set corresponds to a 30-pack of hangers (i.e., 30 hangers are shown, or the packaging for the hangers is shown indicating a 30-pack).""
      ]
    },
    ""relation"": {
      ""importance"": ""low"",
      ""facts"": []
    },
    ""shape"": {
      ""importance"": ""medium"",
      ""facts"": [
        ""Each hanger has a typical clothes-hanger silhouette suitable for hanging tops (a central hook with two shoulder arms).""
      ]
    },
    ""size"": {
      ""importance"": ""low"",
      ""facts"": []
    },
    ""color"": {
      ""importance"": ""high"",
      ""facts"": [
        ""The hangers are ivory (off-white/cream) in appearance.""
      ]
    },
    ""posture"": {
      ""importance"": ""low"",
      ""facts"": []
    },
    ""scene"": {
      ""importance"": ""low"",
      ""facts"": []
    },
    ""others"": {
      ""importance"": ""high"",
      ""facts"": [
        ""The hangers are identifiable as AmazonBasics-branded (e.g., AmazonBasics name/logo visible on packaging, labels, or the product).""
      ]
    }
  },
  ""level_2"": {
    ""existence"": {
      ""importance"": ""high"",
      ""facts"": [
        ""Each hanger has a metal hook at the top."",
        ""Each hanger has padded shoulder sections.""
      ]
    },
    ""counting"": {
      ""importance"": ""high"",
      ""facts"": [
        ""Exactly 30 hangers are visible if no packaging quantity marking is shown.""
      ]
    },
    ""relation"": {
      ""importance"": ""medium"",
      ""facts"": [
        ""The padding covers the shoulder arms of the hangers.""
      ]
    },
    ""shape"": {
      ""importance"": ""medium"",
      ""facts"": [
        ""The hanger arms appear thick/rounded due to padding rather than thin rigid plastic/wood.""
      ]
    },
    ""size"": {
      ""importance"": ""low"",
      ""facts"": []
    },
    ""color"": {
      ""importance"": ""high"",
      ""facts"": [
        ""The satin covering and padding appear in an ivory tone.""
      ]
    },
    ""posture"": {
      ""importance"": ""low"",
      ""facts"": []
    },
    ""scene"": {
      ""importance"": ""low"",
      ""facts"": []
    },
    ""others"": {
      ""importance"": ""high"",
      ""facts"": [
        ""The hanger covering has a satin-like (smooth, slightly shiny) fabric appearance.""
      ]
    }
  },
  ""level_3"": {
    ""existence"": {
      ""importance"": ""medium"",
      ""facts"": [
        ""If packaging is shown, it is associated with the hangers and is consistent with retail packaging for the product.""
      ]
    },
    ""counting"": {
      ""importance"": ""medium"",
      ""facts"": [
        ""If the quantity is shown via packaging text, the visible quantity marking reads as a 30-pack (e.g., '30').""
      ]
    },
    ""relation"": {
      ""importance"": ""low"",
      ""facts"": []
    },
    ""shape"": {
      ""importance"": ""low"",
      ""facts"": []
    },
    ""size"": {
      ""importance"": ""low"",
      ""facts"": []
    },
    ""color"": {
      ""importance"": ""low"",
      ""facts"": []
    },
    ""posture"": {
      ""importance"": ""low"",
      ""facts"": []
    },
    ""scene"": {
      ""importance"": ""low"",
      ""facts"": []
    },
    ""others"": {
      ""importance"": ""low"",
      ""facts"": []
    }
  }
}",high,Clothing hangers are depicted.,high,"The depicted set corresponds to a 30-pack of hangers (i.e., 30 hangers are shown, or the packaging for the hangers is shown indicating a 30-pack).",low,,medium,Each hanger has a typical clothes-hanger silhouette suitable for hanging tops (a central hook with two shoulder arms).,low,,high,The hangers are ivory (off-white/cream) in appearance.,low,,low,,high,"The hangers are identifiable as AmazonBasics-branded (e.g., AmazonBasics name/logo visible on packaging, labels, or the product).",high,Each hanger has a metal hook at the top. | Each hanger has padded shoulder sections.,high,Exactly 30 hangers are visible if no packaging quantity marking is shown.,medium,The padding covers the shoulder arms of the hangers.,medium,The hanger arms appear thick/rounded due to padding rather than thin rigid plastic/wood.,low,,high,The satin covering and padding appear in an ivory tone.,low,,low,,high,"The hanger covering has a satin-like (smooth, slightly shiny) fabric appearance.",medium,"If packaging is shown, it is associated with the hangers and is consistent with retail packaging for the product.",medium,"If the quantity is shown via packaging text, the visible quantity marking reads as a 30-pack (e.g., '30').",low,,low,,low,,low,,low,,low,,low,
38,AmazonBasics Wallet Album for 120 Instax Mini Photos - Ice Blue,"{""level_1"": {""existence"": {""importance"": ""high"", ""facts"": [""A photo album (wallet-style album) is shown.""]}, ""counting"": {""importance"": ""medium"", ""facts"": [""Exactly one wallet photo album is shown.""]}, ""relation"": {""importance"": ""low"", ""facts"": []}, ""shape"": {""importance"": ""medium"", ""facts"": [""The album is book-like/rectangular, with a front cover and spine/edge consistent with a small photo album.""]}, ""size"": {""importance"": ""low"", ""facts"": []}, ""color"": {""importance"": ""high"", ""facts"": [""The album’s cover is an ice-blue/light-blue color.""]}, ""posture"": {""importance"": ""low"", ""facts"": []}, ""scene"": {""importance"": ""low"", ""facts"": []}, ""others"": {""importance"": ""high"", ""facts"": [""The brand name 'AmazonBasics' is visibly present on the product and/or its packaging.""]}}, ""level_2"": {""existence"": {""importance"": ""high"", ""facts"": [""There is visible indication (e.g., printed text on product/packaging) that it is for 'Instax Mini' photos."", ""There is visible indication (e.g., printed text on product/packaging) that the capacity is '120' photos.""]}, ""counting"": {""importance"": ""low"", ""facts"": []}, ""relation"": {""importance"": ""low"", ""facts"": []}, ""shape"": {""importance"": ""low"", ""facts"": []}, ""size"": {""importance"": ""low"", ""facts"": []}, ""color"": {""importance"": ""low"", ""facts"": []}, ""posture"": {""importance"": ""low"", ""facts"": []}, ""scene"": {""importance"": ""low"", ""facts"": []}, ""others"": {""importance"": ""medium"", ""facts"": [""The words 'Wallet Album' are visibly present on the product and/or its packaging.""]}}, ""level_3"": {""existence"": {""importance"": ""low"", ""facts"": []}, ""counting"": {""importance"": ""low"", ""facts"": []}, ""relation"": {""importance"": ""low"", ""facts"": []}, ""shape"": {""importance"": ""low"", ""facts"": []}, ""size"": {""importance"": ""low"", ""facts"": []}, ""color"": {""importance"": ""low"", ""facts"": []}, ""posture"": {""importance"": ""low"", ""facts"": []}, ""scene"": {""importance"": ""low"", ""facts"": []}, ""others"": {""importance"": ""low"", ""facts"": []}}}","{
  ""level_1"": {
    ""existence"": {
      ""importance"": ""high"",
      ""facts"": [
        ""A photo album (wallet-style album) is shown.""
      ]
    },
    ""counting"": {
      ""importance"": ""medium"",
      ""facts"": [
        ""Exactly one wallet photo album is shown.""
      ]
    },
    ""relation"": {
      ""importance"": ""low"",
      ""facts"": []
    },
    ""shape"": {
      ""importance"": ""medium"",
      ""facts"": [
        ""The album is book-like/rectangular, with a front cover and spine/edge consistent with a small photo album.""
      ]
    },
    ""size"": {
      ""importance"": ""low"",
      ""facts"": []
    },
    ""color"": {
      ""importance"": ""high"",
      ""facts"": [
        ""The album’s cover is an ice-blue/light-blue color.""
      ]
    },
    ""posture"": {
      ""importance"": ""low"",
      ""facts"": []
    },
    ""scene"": {
      ""importance"": ""low"",
      ""facts"": []
    },
    ""others"": {
      ""importance"": ""high"",
      ""facts"": [
        ""The brand name 'AmazonBasics' is visibly present on the product and/or its packaging.""
      ]
    }
  },
  ""level_2"": {
    ""existence"": {
      ""importance"": ""high"",
      ""facts"": [
        ""There is visible indication (e.g., printed text on product/packaging) that it is for 'Instax Mini' photos."",
        ""There is visible indication (e.g., printed text on product/packaging) that the capacity is '120' photos.""
      ]
    },
    ""counting"": {
      ""importance"": ""low"",
      ""facts"": []
    },
    ""relation"": {
      ""importance"": ""low"",
      ""facts"": []
    },
    ""shape"": {
      ""importance"": ""low"",
      ""facts"": []
    },
    ""size"": {
      ""importance"": ""low"",
      ""facts"": []
    },
    ""color"": {
      ""importance"": ""low"",
      ""facts"": []
    },
    ""posture"": {
      ""importance"": ""low"",
      ""facts"": []
    },
    ""scene"": {
      ""importance"": ""low"",
      ""facts"": []
    },
    ""others"": {
      ""importance"": ""medium"",
      ""facts"": [
        ""The words 'Wallet Album' are visibly present on the product and/or its packaging.""
      ]
    }
  },
  ""level_3"": {
    ""existence"": {
      ""importance"": ""low"",
      ""facts"": []
    },
    ""counting"": {
      ""importance"": ""low"",
      ""facts"": []
    },
    ""relation"": {
      ""importance"": ""low"",
      ""facts"": []
    },
    ""shape"": {
      ""importance"": ""low"",
      ""facts"": []
    },
    ""size"": {
      ""importance"": ""low"",
      ""facts"": []
    },
    ""color"": {
      ""importance"": ""low"",
      ""facts"": []
    },
    ""posture"": {
      ""importance"": ""low"",
      ""facts"": []
    },
    ""scene"": {
      ""importance"": ""low"",
      ""facts"": []
    },
    ""others"": {
      ""importance"": ""low"",
      ""facts"": []
    }
  }
}",high,A photo album (wallet-style album) is shown.,medium,Exactly one wallet photo album is shown.,low,,medium,"The album is book-like/rectangular, with a front cover and spine/edge consistent with a small photo album.",low,,high,The album’s cover is an ice-blue/light-blue color.,low,,low,,high,The brand name 'AmazonBasics' is visibly present on the product and/or its packaging.,high,"There is visible indication (e.g., printed text on product/packaging) that it is for 'Instax Mini' photos. | There is visible indication (e.g., printed text on product/packaging) that the capacity is '120' photos.",low,,low,,low,,low,,low,,low,,low,,medium,The words 'Wallet Album' are visibly present on the product and/or its packaging.,low,,low,,low,,low,,low,,low,,low,,low,,low,
42,"AmazonBasics 10-12 Sheet Cross Cut Paper, Credit Card, and CD Shredder","{""level_1"": {""existence"": {""importance"": ""high"", ""facts"": [""A paper shredder machine is depicted.""]}, ""counting"": {""importance"": ""medium"", ""facts"": [""Exactly one shredder machine is depicted as the main subject.""]}, ""relation"": {""importance"": ""low"", ""facts"": []}, ""shape"": {""importance"": ""medium"", ""facts"": [""The shredder has a top shredding-head section and a lower waste-bin/body section.""]}, ""size"": {""importance"": ""low"", ""facts"": []}, ""color"": {""importance"": ""low"", ""facts"": []}, ""posture"": {""importance"": ""medium"", ""facts"": [""The shredder is upright (standing as it would during normal use).""]}, ""scene"": {""importance"": ""low"", ""facts"": []}, ""others"": {""importance"": ""low"", ""facts"": []}}, ""level_2"": {""existence"": {""importance"": ""high"", ""facts"": [""A paper-feed slot/opening is visible on the shredder.""]}, ""counting"": {""importance"": ""low"", ""facts"": []}, ""relation"": {""importance"": ""medium"", ""facts"": [""The paper-feed slot/opening is located on the top section of the shredder.""]}, ""shape"": {""importance"": ""medium"", ""facts"": [""The paper-feed slot/opening is a long narrow opening sized for sheets of paper.""]}, ""size"": {""importance"": ""low"", ""facts"": []}, ""color"": {""importance"": ""low"", ""facts"": []}, ""posture"": {""importance"": ""low"", ""facts"": []}, ""scene"": {""importance"": ""low"", ""facts"": []}, ""others"": {""importance"": ""high"", ""facts"": [""The shredder shows 'AmazonBasics' branding/logo on the product body (as printed/embossed on the shredder).""]}}, ""level_3"": {""existence"": {""importance"": ""medium"", ""facts"": [""A separate feed slot/opening sized for a credit card and/or CD is visible, or a CD/credit-card feed area is visibly indicated on the machine.""]}, ""counting"": {""importance"": ""low"", ""facts"": []}, ""relation"": {""importance"": ""low"", ""facts"": []}, ""shape"": {""importance"": ""low"", ""facts"": []}, ""size"": {""importance"": ""low"", ""facts"": []}, ""color"": {""importance"": ""low"", ""facts"": []}, ""posture"": {""importance"": ""low"", ""facts"": []}, ""scene"": {""importance"": ""low"", ""facts"": []}, ""others"": {""importance"": ""low"", ""facts"": []}}}","{
  ""level_1"": {
    ""existence"": {
      ""importance"": ""high"",
      ""facts"": [
        ""A paper shredder machine is depicted.""
      ]
    },
    ""counting"": {
      ""importance"": ""medium"",
      ""facts"": [
        ""Exactly one shredder machine is depicted as the main subject.""
      ]
    },
    ""relation"": {
      ""importance"": ""low"",
      ""facts"": []
    },
    ""shape"": {
      ""importance"": ""medium"",
      ""facts"": [
        ""The shredder has a top shredding-head section and a lower waste-bin/body section.""
      ]
    },
    ""size"": {
      ""importance"": ""low"",
      ""facts"": []
    },
    ""color"": {
      ""importance"": ""low"",
      ""facts"": []
    },
    ""posture"": {
      ""importance"": ""medium"",
      ""facts"": [
        ""The shredder is upright (standing as it would during normal use).""
      ]
    },
    ""scene"": {
      ""importance"": ""low"",
      ""facts"": []
    },
    ""others"": {
      ""importance"": ""low"",
      ""facts"": []
    }
  },
  ""level_2"": {
    ""existence"": {
      ""importance"": ""high"",
      ""facts"": [
        ""A paper-feed slot/opening is visible on the shredder.""
      ]
    },
    ""counting"": {
      ""importance"": ""low"",
      ""facts"": []
    },
    ""relation"": {
      ""importance"": ""medium"",
      ""facts"": [
        ""The paper-feed slot/opening is located on the top section of the shredder.""
      ]
    },
    ""shape"": {
      ""importance"": ""medium"",
      ""facts"": [
        ""The paper-feed slot/opening is a long narrow opening sized for sheets of paper.""
      ]
    },
    ""size"": {
      ""importance"": ""low"",
      ""facts"": []
    },
    ""color"": {
      ""importance"": ""low"",
      ""facts"": []
    },
    ""posture"": {
      ""importance"": ""low"",
      ""facts"": []
    },
    ""scene"": {
      ""importance"": ""low"",
      ""facts"": []
    },
    ""others"": {
      ""importance"": ""high"",
      ""facts"": [
        ""The shredder shows 'AmazonBasics' branding/logo on the product body (as printed/embossed on the shredder).""
      ]
    }
  },
  ""level_3"": {
    ""existence"": {
      ""importance"": ""medium"",
      ""facts"": [
        ""A separate feed slot/opening sized for a credit card and/or CD is visible, or a CD/credit-card feed area is visibly indicated on the machine.""
      ]
    },
    ""counting"": {
      ""importance"": ""low"",
      ""facts"": []
    },
    ""relation"": {
      ""importance"": ""low"",
      ""facts"": []
    },
    ""shape"": {
      ""importance"": ""low"",
      ""facts"": []
    },
    ""size"": {
      ""importance"": ""low"",
      ""facts"": []
    },
    ""color"": {
      ""importance"": ""low"",
      ""facts"": []
    },
    ""posture"": {
      ""importance"": ""low"",
      ""facts"": []
    },
    ""scene"": {
      ""importance"": ""low"",
      ""facts"": []
    },
    ""others"": {
      ""importance"": ""low"",
      ""facts"": []
    }
  }
}",high,A paper shredder machine is depicted.,medium,Exactly one shredder machine is depicted as the main subject.,low,,medium,The shredder has a top shredding-head section and a lower waste-bin/body section.,low,,low,,medium,The shredder is upright (standing as it would during normal use).,low,,low,,high,A paper-feed slot/opening is visible on the shredder.,low,,medium,The paper-feed slot/opening is located on the top section of the shredder.,medium,The paper-feed slot/opening is a long narrow opening sized for sheets of paper.,low,,low,,low,,low,,high,The shredder shows 'AmazonBasics' branding/logo on the product body (as printed/embossed on the shredder).,medium,"A separate feed slot/opening sized for a credit card and/or CD is visible, or a CD/credit-card feed area is visibly indicated on the machine.",low,,low,,low,,low,,low,,low,,low,,low,
43,"Amazon Brand - Mama Bear, Vegetarian Kids Black Elderberry Gummies 300 mg with Vitamins C, D, E and Zinc - Immune System Support - 60 Gummies (1 to 2 Month Supply), Non-GMO, Gluten Free","{""level_1"": {""existence"": {""importance"": ""high"", ""facts"": [""The image shows a package/container of a product labeled as a Mama Bear brand kids’ black elderberry gummy supplement.""]}, ""counting"": {""importance"": ""low"", ""facts"": []}, ""relation"": {""importance"": ""low"", ""facts"": []}, ""shape"": {""importance"": ""low"", ""facts"": []}, ""size"": {""importance"": ""low"", ""facts"": []}, ""color"": {""importance"": ""low"", ""facts"": []}, ""posture"": {""importance"": ""low"", ""facts"": []}, ""scene"": {""importance"": ""low"", ""facts"": []}, ""others"": {""importance"": ""high"", ""facts"": [""The package/container includes visible branding identifying it as an Amazon Brand and 'Mama Bear'.""]}}, ""level_2"": {""existence"": {""importance"": ""high"", ""facts"": [""The text 'Mama Bear' appears on the packaging."", ""The text 'Amazon Brand' appears on the packaging."", ""The product is labeled as 'Vegetarian'."", ""The product is labeled for 'Kids'."", ""The product is labeled as 'Black Elderberry Gummies'."", ""The packaging includes a claim or label indicating 'Immune System Support'."", ""The packaging includes a 'Non-GMO' claim/label."", ""The packaging includes a 'Gluten Free' claim/label.""]}, ""counting"": {""importance"": ""high"", ""facts"": [""The packaging states '60 Gummies'.""]}, ""relation"": {""importance"": ""medium"", ""facts"": [""The vitamins/minerals listed on the package are presented as included with the black elderberry gummies.""]}, ""shape"": {""importance"": ""low"", ""facts"": []}, ""size"": {""importance"": ""low"", ""facts"": []}, ""color"": {""importance"": ""low"", ""facts"": []}, ""posture"": {""importance"": ""low"", ""facts"": []}, ""scene"": {""importance"": ""low"", ""facts"": []}, ""others"": {""importance"": ""high"", ""facts"": [""The packaging states '300 mg'."", ""The packaging lists Vitamins C, D, and E, and Zinc.""]}}, ""level_3"": {""existence"": {""importance"": ""high"", ""facts"": [""The packaging includes the lettered vitamin identifiers 'C', 'D', and 'E'."", ""The packaging includes the word 'Zinc'.""]}, ""counting"": {""importance"": ""medium"", ""facts"": [""The packaging indicates a supply duration of '1 to 2 Month Supply'.""]}, ""relation"": {""importance"": ""low"", ""facts"": []}, ""shape"": {""importance"": ""low"", ""facts"": []}, ""size"": {""importance"": ""low"", ""facts"": []}, ""color"": {""importance"": ""low"", ""facts"": []}, ""posture"": {""importance"": ""low"", ""facts"": []}, ""scene"": {""importance"": ""low"", ""facts"": []}, ""others"": {""importance"": ""low"", ""facts"": []}}}","{
  ""level_1"": {
    ""existence"": {
      ""importance"": ""high"",
      ""facts"": [
        ""The image shows a package/container of a product labeled as a Mama Bear brand kids’ black elderberry gummy supplement.""
      ]
    },
    ""counting"": {
      ""importance"": ""low"",
      ""facts"": []
    },
    ""relation"": {
      ""importance"": ""low"",
      ""facts"": []
    },
    ""shape"": {
      ""importance"": ""low"",
      ""facts"": []
    },
    ""size"": {
      ""importance"": ""low"",
      ""facts"": []
    },
    ""color"": {
      ""importance"": ""low"",
      ""facts"": []
    },
    ""posture"": {
      ""importance"": ""low"",
      ""facts"": []
    },
    ""scene"": {
      ""importance"": ""low"",
      ""facts"": []
    },
    ""others"": {
      ""importance"": ""high"",
      ""facts"": [
        ""The package/container includes visible branding identifying it as an Amazon Brand and 'Mama Bear'.""
      ]
    }
  },
  ""level_2"": {
    ""existence"": {
      ""importance"": ""high"",
      ""facts"": [
        ""The text 'Mama Bear' appears on the packaging."",
        ""The text 'Amazon Brand' appears on the packaging."",
        ""The product is labeled as 'Vegetarian'."",
        ""The product is labeled for 'Kids'."",
        ""The product is labeled as 'Black Elderberry Gummies'."",
        ""The packaging includes a claim or label indicating 'Immune System Support'."",
        ""The packaging includes a 'Non-GMO' claim/label."",
        ""The packaging includes a 'Gluten Free' claim/label.""
      ]
    },
    ""counting"": {
      ""importance"": ""high"",
      ""facts"": [
        ""The packaging states '60 Gummies'.""
      ]
    },
    ""relation"": {
      ""importance"": ""medium"",
      ""facts"": [
        ""The vitamins/minerals listed on the package are presented as included with the black elderberry gummies.""
      ]
    },
    ""shape"": {
      ""importance"": ""low"",
      ""facts"": []
    },
    ""size"": {
      ""importance"": ""low"",
      ""facts"": []
    },
    ""color"": {
      ""importance"": ""low"",
      ""facts"": []
    },
    ""posture"": {
      ""importance"": ""low"",
      ""facts"": []
    },
    ""scene"": {
      ""importance"": ""low"",
      ""facts"": []
    },
    ""others"": {
      ""importance"": ""high"",
      ""facts"": [
        ""The packaging states '300 mg'."",
        ""The packaging lists Vitamins C, D, and E, and Zinc.""
      ]
    }
  },
  ""level_3"": {
    ""existence"": {
      ""importance"": ""high"",
      ""facts"": [
        ""The packaging includes the lettered vitamin identifiers 'C', 'D', and 'E'."",
        ""The packaging includes the word 'Zinc'.""
      ]
    },
    ""counting"": {
      ""importance"": ""medium"",
      ""facts"": [
        ""The packaging indicates a supply duration of '1 to 2 Month Supply'.""
      ]
    },
    ""relation"": {
      ""importance"": ""low"",
      ""facts"": []
    },
    ""shape"": {
      ""importance"": ""low"",
      ""facts"": []
    },
    ""size"": {
      ""importance"": ""low"",
      ""facts"": []
    },
    ""color"": {
      ""importance"": ""low"",
      ""facts"": []
    },
    ""posture"": {
      ""importance"": ""low"",
      ""facts"": []
    },
    ""scene"": {
      ""importance"": ""low"",
      ""facts"": []
    },
    ""others"": {
      ""importance"": ""low"",
      ""facts"": []
    }
  }
}",high,The image shows a package/container of a product labeled as a Mama Bear brand kids’ black elderberry gummy supplement.,low,,low,,low,,low,,low,,low,,low,,high,The package/container includes visible branding identifying it as an Amazon Brand and 'Mama Bear'.,high,The text 'Mama Bear' appears on the packaging. | The text 'Amazon Brand' appears on the packaging. | The product is labeled as 'Vegetarian'. | The product is labeled for 'Kids'. | The product is labeled as 'Black Elderberry Gummies'. | The packaging includes a claim or label indicating 'Immune System Support'. | The packaging includes a 'Non-GMO' claim/label. | The packaging includes a 'Gluten Free' claim/label.,high,The packaging states '60 Gummies'.,medium,The vitamins/minerals listed on the package are presented as included with the black elderberry gummies.,low,,low,,low,,low,,low,,high,"The packaging states '300 mg'. | The packaging lists Vitamins C, D, and E, and Zinc.",high,"The packaging includes the lettered vitamin identifiers 'C', 'D', and 'E'. | The packaging includes the word 'Zinc'.",medium,The packaging indicates a supply duration of '1 to 2 Month Supply'.,low,,low,,low,,low,,low,,low,,low,
46,"Eono Amazon Brand Large Foldable Laundry Baskets, Foldable Laundry Bags, Clothes Bag, blue, x-large","{""level_1"": {""existence"": {""importance"": ""high"", ""facts"": [""A laundry basket/bag intended for holding clothes is depicted.""]}, ""counting"": {""importance"": ""low"", ""facts"": []}, ""relation"": {""importance"": ""low"", ""facts"": []}, ""shape"": {""importance"": ""medium"", ""facts"": [""The item is a container with an opening suitable for placing laundry inside.""]}, ""size"": {""importance"": ""low"", ""facts"": []}, ""color"": {""importance"": ""high"", ""facts"": [""The laundry basket/bag is blue as the primary visible color.""]}, ""posture"": {""importance"": ""low"", ""facts"": []}, ""scene"": {""importance"": ""low"", ""facts"": []}, ""others"": {""importance"": ""high"", ""facts"": [""The item appears to be foldable/collapsible (i.e., not a rigid hard-shell basket).""]}}, ""level_2"": {""existence"": {""importance"": ""medium"", ""facts"": [""The container appears to be made of a flexible material (e.g., fabric-like), consistent with a foldable laundry bag/basket.""]}, ""counting"": {""importance"": ""low"", ""facts"": []}, ""relation"": {""importance"": ""low"", ""facts"": []}, ""shape"": {""importance"": ""low"", ""facts"": []}, ""size"": {""importance"": ""low"", ""facts"": []}, ""color"": {""importance"": ""high"", ""facts"": [""No other color dominates the item more than blue.""]}, ""posture"": {""importance"": ""low"", ""facts"": []}, ""scene"": {""importance"": ""low"", ""facts"": []}, ""others"": {""importance"": ""medium"", ""facts"": [""If any brand marking/text is visible on the product or packaging, it includes the name 'Eono' and/or 'Amazon Brand'.""]}}, ""level_3"": {""existence"": {""importance"": ""low"", ""facts"": []}, ""counting"": {""importance"": ""low"", ""facts"": []}, ""relation"": {""importance"": ""low"", ""facts"": []}, ""shape"": {""importance"": ""low"", ""facts"": []}, ""size"": {""importance"": ""low"", ""facts"": []}, ""color"": {""importance"": ""low"", ""facts"": []}, ""posture"": {""importance"": ""low"", ""facts"": []}, ""scene"": {""importance"": ""low"", ""facts"": []}, ""others"": {""importance"": ""medium"", ""facts"": [""If any size marking/text is visible on the product or packaging, it indicates 'x-large' or 'XL'.""]}}}","{
  ""level_1"": {
    ""existence"": {
      ""importance"": ""high"",
      ""facts"": [
        ""A laundry basket/bag intended for holding clothes is depicted.""
      ]
    },
    ""counting"": {
      ""importance"": ""low"",
      ""facts"": []
    },
    ""relation"": {
      ""importance"": ""low"",
      ""facts"": []
    },
    ""shape"": {
      ""importance"": ""medium"",
      ""facts"": [
        ""The item is a container with an opening suitable for placing laundry inside.""
      ]
    },
    ""size"": {
      ""importance"": ""low"",
      ""facts"": []
    },
    ""color"": {
      ""importance"": ""high"",
      ""facts"": [
        ""The laundry basket/bag is blue as the primary visible color.""
      ]
    },
    ""posture"": {
      ""importance"": ""low"",
      ""facts"": []
    },
    ""scene"": {
      ""importance"": ""low"",
      ""facts"": []
    },
    ""others"": {
      ""importance"": ""high"",
      ""facts"": [
        ""The item appears to be foldable/collapsible (i.e., not a rigid hard-shell basket).""
      ]
    }
  },
  ""level_2"": {
    ""existence"": {
      ""importance"": ""medium"",
      ""facts"": [
        ""The container appears to be made of a flexible material (e.g., fabric-like), consistent with a foldable laundry bag/basket.""
      ]
    },
    ""counting"": {
      ""importance"": ""low"",
      ""facts"": []
    },
    ""relation"": {
      ""importance"": ""low"",
      ""facts"": []
    },
    ""shape"": {
      ""importance"": ""low"",
      ""facts"": []
    },
    ""size"": {
      ""importance"": ""low"",
      ""facts"": []
    },
    ""color"": {
      ""importance"": ""high"",
      ""facts"": [
        ""No other color dominates the item more than blue.""
      ]
    },
    ""posture"": {
      ""importance"": ""low"",
      ""facts"": []
    },
    ""scene"": {
      ""importance"": ""low"",
      ""facts"": []
    },
    ""others"": {
      ""importance"": ""medium"",
      ""facts"": [
        ""If any brand marking/text is visible on the product or packaging, it includes the name 'Eono' and/or 'Amazon Brand'.""
      ]
    }
  },
  ""level_3"": {
    ""existence"": {
      ""importance"": ""low"",
      ""facts"": []
    },
    ""counting"": {
      ""importance"": ""low"",
      ""facts"": []
    },
    ""relation"": {
      ""importance"": ""low"",
      ""facts"": []
    },
    ""shape"": {
      ""importance"": ""low"",
      ""facts"": []
    },
    ""size"": {
      ""importance"": ""low"",
      ""facts"": []
    },
    ""color"": {
      ""importance"": ""low"",
      ""facts"": []
    },
    ""posture"": {
      ""importance"": ""low"",
      ""facts"": []
    },
    ""scene"": {
      ""importance"": ""low"",
      ""facts"": []
    },
    ""others"": {
      ""importance"": ""medium"",
      ""facts"": [
        ""If any size marking/text is visible on the product or packaging, it indicates 'x-large' or 'XL'.""
      ]
    }
  }
}",high,A laundry basket/bag intended for holding clothes is depicted.,low,,low,,medium,The item is a container with an opening suitable for placing laundry inside.,low,,high,The laundry basket/bag is blue as the primary visible color.,low,,low,,high,"The item appears to be foldable/collapsible (i.e., not a rigid hard-shell basket).",medium,"The container appears to be made of a flexible material (e.g., fabric-like), consistent with a foldable laundry bag/basket.",low,,low,,low,,low,,high,No other color dominates the item more than blue.,low,,low,,medium,"If any brand marking/text is visible on the product or packaging, it includes the name 'Eono' and/or 'Amazon Brand'.",low,,low,,low,,low,,low,,low,,low,,low,,medium,"If any size marking/text is visible on the product or packaging, it indicates 'x-large' or 'XL'."
49,"Rivet Corwin Modern Reactive-Glaze Stoneware 18-Piece Dinnerware Set, Service for 6, Atacama Blue","{""level_1"": {""existence"": {""importance"": ""high"", ""facts"": [""A coordinated dinnerware set is depicted.""]}, ""counting"": {""importance"": ""high"", ""facts"": [""There are 18 separate dinnerware pieces visible in total."", ""The set is visually divisible into 6 matching place settings (service for 6).""]}, ""relation"": {""importance"": ""high"", ""facts"": [""All pieces appear to belong to the same matching collection (same general design and glaze).""]}, ""shape"": {""importance"": ""low"", ""facts"": []}, ""size"": {""importance"": ""medium"", ""facts"": [""Within each of the 6 place settings, the 3 pieces are visibly different in size and/or form (not 3 identical duplicates).""]}, ""color"": {""importance"": ""high"", ""facts"": [""The dinnerware is predominantly blue in color (Atacama Blue).""]}, ""posture"": {""importance"": ""low"", ""facts"": []}, ""scene"": {""importance"": ""low"", ""facts"": []}, ""others"": {""importance"": ""medium"", ""facts"": [""The pieces appear to be glazed ceramic/stoneware (hard, opaque, glazed surfaces rather than metal, glass, wood, or plastic).""]}}, ""level_2"": {""existence"": {""importance"": ""medium"", ""facts"": [""At least three distinct dinnerware item types are present among the 18 pieces (e.g., different plate/bowl forms).""]}, ""counting"": {""importance"": ""high"", ""facts"": [""Each of the 6 place settings contains exactly 3 pieces.""]}, ""relation"": {""importance"": ""high"", ""facts"": [""Each place setting’s 3 pieces match each other in glaze color/pattern and overall design.""]}, ""shape"": {""importance"": ""low"", ""facts"": []}, ""size"": {""importance"": ""low"", ""facts"": []}, ""color"": {""importance"": ""high"", ""facts"": [""The blue glaze shows tonal variation consistent across the set (not flat, uniform single-tone coloring on every surface).""]}, ""posture"": {""importance"": ""low"", ""facts"": []}, ""scene"": {""importance"": ""low"", ""facts"": []}, ""others"": {""importance"": ""high"", ""facts"": [""The glaze appearance is reactive-style (visible variation/mottling/speckling or pooling typical of reactive glazes rather than perfectly even solid color).""]}}, ""level_3"": {""existence"": {""importance"": ""low"", ""facts"": []}, ""counting"": {""importance"": ""low"", ""facts"": []}, ""relation"": {""importance"": ""low"", ""facts"": []}, ""shape"": {""importance"": ""low"", ""facts"": []}, ""size"": {""importance"": ""low"", ""facts"": []}, ""color"": {""importance"": ""low"", ""facts"": []}, ""posture"": {""importance"": ""low"", ""facts"": []}, ""scene"": {""importance"": ""low"", ""facts"": []}, ""others"": {""importance"": ""low"", ""facts"": []}}}","{
  ""level_1"": {
    ""existence"": {
      ""importance"": ""high"",
      ""facts"": [
        ""A coordinated dinnerware set is depicted.""
      ]
    },
    ""counting"": {
      ""importance"": ""high"",
      ""facts"": [
        ""There are 18 separate dinnerware pieces visible in total."",
        ""The set is visually divisible into 6 matching place settings (service for 6).""
      ]
    },
    ""relation"": {
      ""importance"": ""high"",
      ""facts"": [
        ""All pieces appear to belong to the same matching collection (same general design and glaze).""
      ]
    },
    ""shape"": {
      ""importance"": ""low"",
      ""facts"": []
    },
    ""size"": {
      ""importance"": ""medium"",
      ""facts"": [
        ""Within each of the 6 place settings, the 3 pieces are visibly different in size and/or form (not 3 identical duplicates).""
      ]
    },
    ""color"": {
      ""importance"": ""high"",
      ""facts"": [
        ""The dinnerware is predominantly blue in color (Atacama Blue).""
      ]
    },
    ""posture"": {
      ""importance"": ""low"",
      ""facts"": []
    },
    ""scene"": {
      ""importance"": ""low"",
      ""facts"": []
    },
    ""others"": {
      ""importance"": ""medium"",
      ""facts"": [
        ""The pieces appear to be glazed ceramic/stoneware (hard, opaque, glazed surfaces rather than metal, glass, wood, or plastic).""
      ]
    }
  },
  ""level_2"": {
    ""existence"": {
      ""importance"": ""medium"",
      ""facts"": [
        ""At least three distinct dinnerware item types are present among the 18 pieces (e.g., different plate/bowl forms).""
      ]
    },
    ""counting"": {
      ""importance"": ""high"",
      ""facts"": [
        ""Each of the 6 place settings contains exactly 3 pieces.""
      ]
    },
    ""relation"": {
      ""importance"": ""high"",
      ""facts"": [
        ""Each place setting’s 3 pieces match each other in glaze color/pattern and overall design.""
      ]
    },
    ""shape"": {
      ""importance"": ""low"",
      ""facts"": []
    },
    ""size"": {
      ""importance"": ""low"",
      ""facts"": []
    },
    ""color"": {
      ""importance"": ""high"",
      ""facts"": [
        ""The blue glaze shows tonal variation consistent across the set (not flat, uniform single-tone coloring on every surface).""
      ]
    },
    ""posture"": {
      ""importance"": ""low"",
      ""facts"": []
    },
    ""scene"": {
      ""importance"": ""low"",
      ""facts"": []
    },
    ""others"": {
      ""importance"": ""high"",
      ""facts"": [
        ""The glaze appearance is reactive-style (visible variation/mottling/speckling or pooling typical of reactive glazes rather than perfectly even solid color).""
      ]
    }
  },
  ""level_3"": {
    ""existence"": {
      ""importance"": ""low"",
      ""facts"": []
    },
    ""counting"": {
      ""importance"": ""low"",
      ""facts"": []
    },
    ""relation"": {
      ""importance"": ""low"",
      ""facts"": []
    },
    ""shape"": {
      ""importance"": ""low"",
      ""facts"": []
    },
    ""size"": {
      ""importance"": ""low"",
      ""facts"": []
    },
    ""color"": {
      ""importance"": ""low"",
      ""facts"": []
    },
    ""posture"": {
      ""importance"": ""low"",
      ""facts"": []
    },
    ""scene"": {
      ""importance"": ""low"",
      ""facts"": []
    },
    ""others"": {
      ""importance"": ""low"",
      ""facts"": []
    }
  }
}",high,A coordinated dinnerware set is depicted.,high,There are 18 separate dinnerware pieces visible in total. | The set is visually divisible into 6 matching place settings (service for 6).,high,All pieces appear to belong to the same matching collection (same general design and glaze).,low,,medium,"Within each of the 6 place settings, the 3 pieces are visibly different in size and/or form (not 3 identical duplicates).",high,The dinnerware is predominantly blue in color (Atacama Blue).,low,,low,,medium,"The pieces appear to be glazed ceramic/stoneware (hard, opaque, glazed surfaces rather than metal, glass, wood, or plastic).",medium,"At least three distinct dinnerware item types are present among the 18 pieces (e.g., different plate/bowl forms).",high,Each of the 6 place settings contains exactly 3 pieces.,high,Each place setting’s 3 pieces match each other in glaze color/pattern and overall design.,low,,low,,high,"The blue glaze shows tonal variation consistent across the set (not flat, uniform single-tone coloring on every surface).",low,,low,,high,The glaze appearance is reactive-style (visible variation/mottling/speckling or pooling typical of reactive glazes rather than perfectly even solid color).,low,,low,,low,,low,,low,,low,,low,,low,,low,
51,"Girls' Petite Sterling Silver Birthstone Open Heart Stud Earrings and 16"" Pendant Necklace Jewelry Set","{""level_1"": {""existence"": {""importance"": ""high"", ""facts"": [""A jewelry set is shown that includes earrings and a necklace.""]}, ""counting"": {""importance"": ""high"", ""facts"": [""Two earrings are shown as a matching pair."", ""One necklace is shown.""]}, ""relation"": {""importance"": ""medium"", ""facts"": [""The earrings and necklace are presented as a coordinated set (visually similar metal finish and overall style).""]}, ""shape"": {""importance"": ""high"", ""facts"": [""Each earring has an open heart shape (a heart outline with an empty center).""]}, ""size"": {""importance"": ""low"", ""facts"": []}, ""color"": {""importance"": ""high"", ""facts"": [""The jewelry metal appears silver-colored.""]}, ""posture"": {""importance"": ""low"", ""facts"": []}, ""scene"": {""importance"": ""low"", ""facts"": []}, ""others"": {""importance"": ""low"", ""facts"": []}}, ""level_2"": {""existence"": {""importance"": ""high"", ""facts"": [""Each earring includes a visible gemstone.""]}, ""counting"": {""importance"": ""high"", ""facts"": [""There is one open-heart stud earring on the left and one on the right (a pair).""]}, ""relation"": {""importance"": ""high"", ""facts"": [""The gemstone is set into each open-heart earring."", ""The necklace includes a chain with a pendant attached.""]}, ""shape"": {""importance"": ""medium"", ""facts"": [""The earrings are stud-style (compact, not hoops and not long/dangling).""]}, ""size"": {""importance"": ""low"", ""facts"": []}, ""color"": {""importance"": ""medium"", ""facts"": [""The gemstones are visibly colored (not purely metallic).""]}, ""posture"": {""importance"": ""low"", ""facts"": []}, ""scene"": {""importance"": ""low"", ""facts"": []}, ""others"": {""importance"": ""low"", ""facts"": []}}, ""level_3"": {""existence"": {""importance"": ""low"", ""facts"": []}, ""counting"": {""importance"": ""medium"", ""facts"": [""Each earring has exactly one gemstone.""]}, ""relation"": {""importance"": ""low"", ""facts"": []}, ""shape"": {""importance"": ""low"", ""facts"": []}, ""size"": {""importance"": ""low"", ""facts"": []}, ""color"": {""importance"": ""low"", ""facts"": []}, ""posture"": {""importance"": ""low"", ""facts"": []}, ""scene"": {""importance"": ""low"", ""facts"": []}, ""others"": {""importance"": ""low"", ""facts"": []}}}","{
  ""level_1"": {
    ""existence"": {
      ""importance"": ""high"",
      ""facts"": [
        ""A jewelry set is shown that includes earrings and a necklace.""
      ]
    },
    ""counting"": {
      ""importance"": ""high"",
      ""facts"": [
        ""Two earrings are shown as a matching pair."",
        ""One necklace is shown.""
      ]
    },
    ""relation"": {
      ""importance"": ""medium"",
      ""facts"": [
        ""The earrings and necklace are presented as a coordinated set (visually similar metal finish and overall style).""
      ]
    },
    ""shape"": {
      ""importance"": ""high"",
      ""facts"": [
        ""Each earring has an open heart shape (a heart outline with an empty center).""
      ]
    },
    ""size"": {
      ""importance"": ""low"",
      ""facts"": []
    },
    ""color"": {
      ""importance"": ""high"",
      ""facts"": [
        ""The jewelry metal appears silver-colored.""
      ]
    },
    ""posture"": {
      ""importance"": ""low"",
      ""facts"": []
    },
    ""scene"": {
      ""importance"": ""low"",
      ""facts"": []
    },
    ""others"": {
      ""importance"": ""low"",
      ""facts"": []
    }
  },
  ""level_2"": {
    ""existence"": {
      ""importance"": ""high"",
      ""facts"": [
        ""Each earring includes a visible gemstone.""
      ]
    },
    ""counting"": {
      ""importance"": ""high"",
      ""facts"": [
        ""There is one open-heart stud earring on the left and one on the right (a pair).""
      ]
    },
    ""relation"": {
      ""importance"": ""high"",
      ""facts"": [
        ""The gemstone is set into each open-heart earring."",
        ""The necklace includes a chain with a pendant attached.""
      ]
    },
    ""shape"": {
      ""importance"": ""medium"",
      ""facts"": [
        ""The earrings are stud-style (compact, not hoops and not long/dangling).""
      ]
    },
    ""size"": {
      ""importance"": ""low"",
      ""facts"": []
    },
    ""color"": {
      ""importance"": ""medium"",
      ""facts"": [
        ""The gemstones are visibly colored (not purely metallic).""
      ]
    },
    ""posture"": {
      ""importance"": ""low"",
      ""facts"": []
    },
    ""scene"": {
      ""importance"": ""low"",
      ""facts"": []
    },
    ""others"": {
      ""importance"": ""low"",
      ""facts"": []
    }
  },
  ""level_3"": {
    ""existence"": {
      ""importance"": ""low"",
      ""facts"": []
    },
    ""counting"": {
      ""importance"": ""medium"",
      ""facts"": [
        ""Each earring has exactly one gemstone.""
      ]
    },
    ""relation"": {
      ""importance"": ""low"",
      ""facts"": []
    },
    ""shape"": {
      ""importance"": ""low"",
      ""facts"": []
    },
    ""size"": {
      ""importance"": ""low"",
      ""facts"": []
    },
    ""color"": {
      ""importance"": ""low"",
      ""facts"": []
    },
    ""posture"": {
      ""importance"": ""low"",
      ""facts"": []
    },
    ""scene"": {
      ""importance"": ""low"",
      ""facts"": []
    },
    ""others"": {
      ""importance"": ""low"",
      ""facts"": []
    }
  }
}",high,A jewelry set is shown that includes earrings and a necklace.,high,Two earrings are shown as a matching pair. | One necklace is shown.,medium,The earrings and necklace are presented as a coordinated set (visually similar metal finish and overall style).,high,Each earring has an open heart shape (a heart outline with an empty center).,low,,high,The jewelry metal appears silver-colored.,low,,low,,low,,high,Each earring includes a visible gemstone.,high,There is one open-heart stud earring on the left and one on the right (a pair).,high,The gemstone is set into each open-heart earring. | The necklace includes a chain with a pendant attached.,medium,"The earrings are stud-style (compact, not hoops and not long/dangling).",low,,medium,The gemstones are visibly colored (not purely metallic).,low,,low,,low,,low,,medium,Each earring has exactly one gemstone.,low,,low,,low,,low,,low,,low,,low,
54,"365 Everyday Value, Organic Ground Cloves Ground, 1.87 oz","{""level_1"": {""existence"": {""importance"": ""high"", ""facts"": [""A packaged retail product for ground cloves is shown.""]}, ""counting"": {""importance"": ""medium"", ""facts"": [""Exactly one product package/container is shown as the main subject.""]}, ""relation"": {""importance"": ""medium"", ""facts"": [""The product packaging has a visible label/printing on it.""]}, ""shape"": {""importance"": ""low"", ""facts"": []}, ""size"": {""importance"": ""low"", ""facts"": []}, ""color"": {""importance"": ""low"", ""facts"": []}, ""posture"": {""importance"": ""low"", ""facts"": []}, ""scene"": {""importance"": ""low"", ""facts"": []}, ""others"": {""importance"": ""low"", ""facts"": []}}, ""level_2"": {""existence"": {""importance"": ""high"", ""facts"": [""The text \""365 Everyday Value\"" appears on the product packaging.""]}, ""counting"": {""importance"": ""low"", ""facts"": []}, ""relation"": {""importance"": ""high"", ""facts"": [""The text \""Organic Ground Cloves\"" appears on the product packaging as the product name/type.""]}, ""shape"": {""importance"": ""low"", ""facts"": []}, ""size"": {""importance"": ""low"", ""facts"": []}, ""color"": {""importance"": ""low"", ""facts"": []}, ""posture"": {""importance"": ""low"", ""facts"": []}, ""scene"": {""importance"": ""low"", ""facts"": []}, ""others"": {""importance"": ""medium"", ""facts"": [""The word \""Ground\"" appears on the product packaging as a form/description.""]}}, ""level_3"": {""existence"": {""importance"": ""high"", ""facts"": [""The net weight \""1.87 oz\"" appears on the product packaging.""]}, ""counting"": {""importance"": ""low"", ""facts"": []}, ""relation"": {""importance"": ""low"", ""facts"": []}, ""shape"": {""importance"": ""low"", ""facts"": []}, ""size"": {""importance"": ""low"", ""facts"": []}, ""color"": {""importance"": ""low"", ""facts"": []}, ""posture"": {""importance"": ""low"", ""facts"": []}, ""scene"": {""importance"": ""low"", ""facts"": []}, ""others"": {""importance"": ""low"", ""facts"": []}}}","{
  ""level_1"": {
    ""existence"": {
      ""importance"": ""high"",
      ""facts"": [
        ""A packaged retail product for ground cloves is shown.""
      ]
    },
    ""counting"": {
      ""importance"": ""medium"",
      ""facts"": [
        ""Exactly one product package/container is shown as the main subject.""
      ]
    },
    ""relation"": {
      ""importance"": ""medium"",
      ""facts"": [
        ""The product packaging has a visible label/printing on it.""
      ]
    },
    ""shape"": {
      ""importance"": ""low"",
      ""facts"": []
    },
    ""size"": {
      ""importance"": ""low"",
      ""facts"": []
    },
    ""color"": {
      ""importance"": ""low"",
      ""facts"": []
    },
    ""posture"": {
      ""importance"": ""low"",
      ""facts"": []
    },
    ""scene"": {
      ""importance"": ""low"",
      ""facts"": []
    },
    ""others"": {
      ""importance"": ""low"",
      ""facts"": []
    }
  },
  ""level_2"": {
    ""existence"": {
      ""importance"": ""high"",
      ""facts"": [
        ""The text \""365 Everyday Value\"" appears on the product packaging.""
      ]
    },
    ""counting"": {
      ""importance"": ""low"",
      ""facts"": []
    },
    ""relation"": {
      ""importance"": ""high"",
      ""facts"": [
        ""The text \""Organic Ground Cloves\"" appears on the product packaging as the product name/type.""
      ]
    },
    ""shape"": {
      ""importance"": ""low"",
      ""facts"": []
    },
    ""size"": {
      ""importance"": ""low"",
      ""facts"": []
    },
    ""color"": {
      ""importance"": ""low"",
      ""facts"": []
    },
    ""posture"": {
      ""importance"": ""low"",
      ""facts"": []
    },
    ""scene"": {
      ""importance"": ""low"",
      ""facts"": []
    },
    ""others"": {
      ""importance"": ""medium"",
      ""facts"": [
        ""The word \""Ground\"" appears on the product packaging as a form/description.""
      ]
    }
  },
  ""level_3"": {
    ""existence"": {
      ""importance"": ""high"",
      ""facts"": [
        ""The net weight \""1.87 oz\"" appears on the product packaging.""
      ]
    },
    ""counting"": {
      ""importance"": ""low"",
      ""facts"": []
    },
    ""relation"": {
      ""importance"": ""low"",
      ""facts"": []
    },
    ""shape"": {
      ""importance"": ""low"",
      ""facts"": []
    },
    ""size"": {
      ""importance"": ""low"",
      ""facts"": []
    },
    ""color"": {
      ""importance"": ""low"",
      ""facts"": []
    },
    ""posture"": {
      ""importance"": ""low"",
      ""facts"": []
    },
    ""scene"": {
      ""importance"": ""low"",
      ""facts"": []
    },
    ""others"": {
      ""importance"": ""low"",
      ""facts"": []
    }
  }
}",high,A packaged retail product for ground cloves is shown.,medium,Exactly one product package/container is shown as the main subject.,medium,The product packaging has a visible label/printing on it.,low,,low,,low,,low,,low,,low,,high,"The text ""365 Everyday Value"" appears on the product packaging.",low,,high,"The text ""Organic Ground Cloves"" appears on the product packaging as the product name/type.",low,,low,,low,,low,,low,,medium,"The word ""Ground"" appears on the product packaging as a form/description.",high,"The net weight ""1.87 oz"" appears on the product packaging.",low,,low,,low,,low,,low,,low,,low,,low,
56,"Amazon Essentials Sox Sandal, Natural, ((8.5 M) US","{""level_1"": {""existence"": {""importance"": ""high"", ""facts"": [""A sandal-style footwear item is depicted.""]}, ""counting"": {""importance"": ""low"", ""facts"": [""The image shows either a single sandal or a pair of matching sandals.""]}, ""relation"": {""importance"": ""low"", ""facts"": []}, ""shape"": {""importance"": ""medium"", ""facts"": [""The footwear has an open-toe sandal construction (toes are not fully enclosed).""]}, ""size"": {""importance"": ""low"", ""facts"": []}, ""color"": {""importance"": ""high"", ""facts"": [""The sandal is shown in a light neutral 'natural' color (e.g., beige/tan/off-white) as the dominant visible color.""]}, ""posture"": {""importance"": ""low"", ""facts"": []}, ""scene"": {""importance"": ""low"", ""facts"": []}, ""others"": {""importance"": ""low"", ""facts"": []}}, ""level_2"": {""existence"": {""importance"": ""medium"", ""facts"": [""The sandal includes a sole/footbed and at least one upper component/strap securing the foot to the sole.""]}, ""counting"": {""importance"": ""low"", ""facts"": []}, ""relation"": {""importance"": ""low"", ""facts"": []}, ""shape"": {""importance"": ""medium"", ""facts"": [""The sole/footbed follows a foot-shaped outline.""]}, ""size"": {""importance"": ""low"", ""facts"": []}, ""color"": {""importance"": ""medium"", ""facts"": [""The sole/footbed and upper components appear within the same natural/light-neutral color family (not a highly saturated or dark colorway).""]}, ""posture"": {""importance"": ""low"", ""facts"": []}, ""scene"": {""importance"": ""low"", ""facts"": []}, ""others"": {""importance"": ""low"", ""facts"": []}}, ""level_3"": {""existence"": {""importance"": ""low"", ""facts"": []}, ""counting"": {""importance"": ""low"", ""facts"": []}, ""relation"": {""importance"": ""low"", ""facts"": []}, ""shape"": {""importance"": ""low"", ""facts"": []}, ""size"": {""importance"": ""low"", ""facts"": []}, ""color"": {""importance"": ""low"", ""facts"": []}, ""posture"": {""importance"": ""low"", ""facts"": []}, ""scene"": {""importance"": ""low"", ""facts"": []}, ""others"": {""importance"": ""medium"", ""facts"": [""If any brand text is visibly printed on the product or packaging, it reads \""Amazon Essentials\""."", ""If any size text is visibly printed on the product or packaging, it includes \""8.5 M\"" and \""US\"".""]}}}","{
  ""level_1"": {
    ""existence"": {
      ""importance"": ""high"",
      ""facts"": [
        ""A sandal-style footwear item is depicted.""
      ]
    },
    ""counting"": {
      ""importance"": ""low"",
      ""facts"": [
        ""The image shows either a single sandal or a pair of matching sandals.""
      ]
    },
    ""relation"": {
      ""importance"": ""low"",
      ""facts"": []
    },
    ""shape"": {
      ""importance"": ""medium"",
      ""facts"": [
        ""The footwear has an open-toe sandal construction (toes are not fully enclosed).""
      ]
    },
    ""size"": {
      ""importance"": ""low"",
      ""facts"": []
    },
    ""color"": {
      ""importance"": ""high"",
      ""facts"": [
        ""The sandal is shown in a light neutral 'natural' color (e.g., beige/tan/off-white) as the dominant visible color.""
      ]
    },
    ""posture"": {
      ""importance"": ""low"",
      ""facts"": []
    },
    ""scene"": {
      ""importance"": ""low"",
      ""facts"": []
    },
    ""others"": {
      ""importance"": ""low"",
      ""facts"": []
    }
  },
  ""level_2"": {
    ""existence"": {
      ""importance"": ""medium"",
      ""facts"": [
        ""The sandal includes a sole/footbed and at least one upper component/strap securing the foot to the sole.""
      ]
    },
    ""counting"": {
      ""importance"": ""low"",
      ""facts"": []
    },
    ""relation"": {
      ""importance"": ""low"",
      ""facts"": []
    },
    ""shape"": {
      ""importance"": ""medium"",
      ""facts"": [
        ""The sole/footbed follows a foot-shaped outline.""
      ]
    },
    ""size"": {
      ""importance"": ""low"",
      ""facts"": []
    },
    ""color"": {
      ""importance"": ""medium"",
      ""facts"": [
        ""The sole/footbed and upper components appear within the same natural/light-neutral color family (not a highly saturated or dark colorway).""
      ]
    },
    ""posture"": {
      ""importance"": ""low"",
      ""facts"": []
    },
    ""scene"": {
      ""importance"": ""low"",
      ""facts"": []
    },
    ""others"": {
      ""importance"": ""low"",
      ""facts"": []
    }
  },
  ""level_3"": {
    ""existence"": {
      ""importance"": ""low"",
      ""facts"": []
    },
    ""counting"": {
      ""importance"": ""low"",
      ""facts"": []
    },
    ""relation"": {
      ""importance"": ""low"",
      ""facts"": []
    },
    ""shape"": {
      ""importance"": ""low"",
      ""facts"": []
    },
    ""size"": {
      ""importance"": ""low"",
      ""facts"": []
    },
    ""color"": {
      ""importance"": ""low"",
      ""facts"": []
    },
    ""posture"": {
      ""importance"": ""low"",
      ""facts"": []
    },
    ""scene"": {
      ""importance"": ""low"",
      ""facts"": []
    },
    ""others"": {
      ""importance"": ""medium"",
      ""facts"": [
        ""If any brand text is visibly printed on the product or packaging, it reads \""Amazon Essentials\""."",
        ""If any size text is visibly printed on the product or packaging, it includes \""8.5 M\"" and \""US\"".""
      ]
    }
  }
}",high,A sandal-style footwear item is depicted.,low,The image shows either a single sandal or a pair of matching sandals.,low,,medium,The footwear has an open-toe sandal construction (toes are not fully enclosed).,low,,high,"The sandal is shown in a light neutral 'natural' color (e.g., beige/tan/off-white) as the dominant visible color.",low,,low,,low,,medium,The sandal includes a sole/footbed and at least one upper component/strap securing the foot to the sole.,low,,low,,medium,The sole/footbed follows a foot-shaped outline.,low,,medium,The sole/footbed and upper components appear within the same natural/light-neutral color family (not a highly saturated or dark colorway).,low,,low,,low,,low,,low,,low,,low,,low,,low,,low,,low,,medium,"If any brand text is visibly printed on the product or packaging, it reads ""Amazon Essentials"". | If any size text is visibly printed on the product or packaging, it includes ""8.5 M"" and ""US""."
58,Flavia Women's Grey Running Shoes-9 UK (41 EU) (10 US) (FKT/FB-02/GRY),"{""level_1"": {""existence"": {""importance"": ""high"", ""facts"": [""Running shoes are depicted.""]}, ""counting"": {""importance"": ""high"", ""facts"": [""Two shoes are visible (a pair).""]}, ""relation"": {""importance"": ""medium"", ""facts"": [""The two shoes are presented together as a pair.""]}, ""shape"": {""importance"": ""high"", ""facts"": [""Each shoe has a sneaker/running-shoe form (closed toe, low-cut shoe shape with a distinct sole).""]}, ""size"": {""importance"": ""low"", ""facts"": []}, ""color"": {""importance"": ""high"", ""facts"": [""The shoes are grey as their primary/overall color.""]}, ""posture"": {""importance"": ""low"", ""facts"": []}, ""scene"": {""importance"": ""low"", ""facts"": []}, ""others"": {""importance"": ""medium"", ""facts"": [""The image is in color (not purely grayscale).""]}}, ""level_2"": {""existence"": {""importance"": ""medium"", ""facts"": [""Each shoe has a visible sole that appears suitable for athletic/running use.""]}, ""counting"": {""importance"": ""low"", ""facts"": []}, ""relation"": {""importance"": ""low"", ""facts"": []}, ""shape"": {""importance"": ""low"", ""facts"": []}, ""size"": {""importance"": ""low"", ""facts"": []}, ""color"": {""importance"": ""medium"", ""facts"": [""Grey is the dominant visible color on the upper of each shoe.""]}, ""posture"": {""importance"": ""low"", ""facts"": []}, ""scene"": {""importance"": ""low"", ""facts"": []}, ""others"": {""importance"": ""low"", ""facts"": []}}, ""level_3"": {""existence"": {""importance"": ""medium"", ""facts"": [""Some visible branding/labeling is present on the shoes or on accompanying packaging/tag.""]}, ""counting"": {""importance"": ""low"", ""facts"": []}, ""relation"": {""importance"": ""low"", ""facts"": []}, ""shape"": {""importance"": ""low"", ""facts"": []}, ""size"": {""importance"": ""high"", ""facts"": [""A visible size marking or label shows the sizes: \""9 UK\"", \""41 EU\"", and \""10 US\"".""]}, ""color"": {""importance"": ""low"", ""facts"": []}, ""posture"": {""importance"": ""low"", ""facts"": []}, ""scene"": {""importance"": ""low"", ""facts"": []}, ""others"": {""importance"": ""high"", ""facts"": [""Visible text includes the brand name \""Flavia\""."", ""Visible text includes the model/code \""FKT/FB-02/GRY\"".""]}}}","{
  ""level_1"": {
    ""existence"": {
      ""importance"": ""high"",
      ""facts"": [
        ""Running shoes are depicted.""
      ]
    },
    ""counting"": {
      ""importance"": ""high"",
      ""facts"": [
        ""Two shoes are visible (a pair).""
      ]
    },
    ""relation"": {
      ""importance"": ""medium"",
      ""facts"": [
        ""The two shoes are presented together as a pair.""
      ]
    },
    ""shape"": {
      ""importance"": ""high"",
      ""facts"": [
        ""Each shoe has a sneaker/running-shoe form (closed toe, low-cut shoe shape with a distinct sole).""
      ]
    },
    ""size"": {
      ""importance"": ""low"",
      ""facts"": []
    },
    ""color"": {
      ""importance"": ""high"",
      ""facts"": [
        ""The shoes are grey as their primary/overall color.""
      ]
    },
    ""posture"": {
      ""importance"": ""low"",
      ""facts"": []
    },
    ""scene"": {
      ""importance"": ""low"",
      ""facts"": []
    },
    ""others"": {
      ""importance"": ""medium"",
      ""facts"": [
        ""The image is in color (not purely grayscale).""
      ]
    }
  },
  ""level_2"": {
    ""existence"": {
      ""importance"": ""medium"",
      ""facts"": [
        ""Each shoe has a visible sole that appears suitable for athletic/running use.""
      ]
    },
    ""counting"": {
      ""importance"": ""low"",
      ""facts"": []
    },
    ""relation"": {
      ""importance"": ""low"",
      ""facts"": []
    },
    ""shape"": {
      ""importance"": ""low"",
      ""facts"": []
    },
    ""size"": {
      ""importance"": ""low"",
      ""facts"": []
    },
    ""color"": {
      ""importance"": ""medium"",
      ""facts"": [
        ""Grey is the dominant visible color on the upper of each shoe.""
      ]
    },
    ""posture"": {
      ""importance"": ""low"",
      ""facts"": []
    },
    ""scene"": {
      ""importance"": ""low"",
      ""facts"": []
    },
    ""others"": {
      ""importance"": ""low"",
      ""facts"": []
    }
  },
  ""level_3"": {
    ""existence"": {
      ""importance"": ""medium"",
      ""facts"": [
        ""Some visible branding/labeling is present on the shoes or on accompanying packaging/tag.""
      ]
    },
    ""counting"": {
      ""importance"": ""low"",
      ""facts"": []
    },
    ""relation"": {
      ""importance"": ""low"",
      ""facts"": []
    },
    ""shape"": {
      ""importance"": ""low"",
      ""facts"": []
    },
    ""size"": {
      ""importance"": ""high"",
      ""facts"": [
        ""A visible size marking or label shows the sizes: \""9 UK\"", \""41 EU\"", and \""10 US\"".""
      ]
    },
    ""color"": {
      ""importance"": ""low"",
      ""facts"": []
    },
    ""posture"": {
      ""importance"": ""low"",
      ""facts"": []
    },
    ""scene"": {
      ""importance"": ""low"",
      ""facts"": []
    },
    ""others"": {
      ""importance"": ""high"",
      ""facts"": [
        ""Visible text includes the brand name \""Flavia\""."",
        ""Visible text includes the model/code \""FKT/FB-02/GRY\"".""
      ]
    }
  }
}",high,Running shoes are depicted.,high,Two shoes are visible (a pair).,medium,The two shoes are presented together as a pair.,high,"Each shoe has a sneaker/running-shoe form (closed toe, low-cut shoe shape with a distinct sole).",low,,high,The shoes are grey as their primary/overall color.,low,,low,,medium,The image is in color (not purely grayscale).,medium,Each shoe has a visible sole that appears suitable for athletic/running use.,low,,low,,low,,low,,medium,Grey is the dominant visible color on the upper of each shoe.,low,,low,,low,,medium,Some visible branding/labeling is present on the shoes or on accompanying packaging/tag.,low,,low,,low,,high,"A visible size marking or label shows the sizes: ""9 UK"", ""41 EU"", and ""10 US"".",low,,low,,low,,high,"Visible text includes the brand name ""Flavia"". | Visible text includes the model/code ""FKT/FB-02/GRY""."
60,"Whole Foods Market, Red Yeast Rice 600mg, 60 ct","{""level_1"": {""existence"": {""importance"": ""high"", ""facts"": [""A packaged product labeled as a Whole Foods Market item is shown.""]}, ""counting"": {""importance"": ""low"", ""facts"": []}, ""relation"": {""importance"": ""low"", ""facts"": []}, ""shape"": {""importance"": ""low"", ""facts"": []}, ""size"": {""importance"": ""low"", ""facts"": []}, ""color"": {""importance"": ""low"", ""facts"": []}, ""posture"": {""importance"": ""low"", ""facts"": []}, ""scene"": {""importance"": ""low"", ""facts"": []}, ""others"": {""importance"": ""high"", ""facts"": [""The product’s packaging/label includes readable text indicating the product identity.""]}}, ""level_2"": {""existence"": {""importance"": ""high"", ""facts"": [""The packaging/label shows the brand name 'Whole Foods Market'."", ""The packaging/label shows the product name 'Red Yeast Rice'."", ""The packaging/label shows the dosage '600mg'."", ""The packaging/label shows the count '60 ct'.""]}, ""counting"": {""importance"": ""low"", ""facts"": []}, ""relation"": {""importance"": ""medium"", ""facts"": [""The texts 'Whole Foods Market', 'Red Yeast Rice', '600mg', and '60 ct' all refer to the same single product shown.""]}, ""shape"": {""importance"": ""low"", ""facts"": []}, ""size"": {""importance"": ""low"", ""facts"": []}, ""color"": {""importance"": ""low"", ""facts"": []}, ""posture"": {""importance"": ""low"", ""facts"": []}, ""scene"": {""importance"": ""low"", ""facts"": []}, ""others"": {""importance"": ""low"", ""facts"": []}}, ""level_3"": {""existence"": {""importance"": ""low"", ""facts"": []}, ""counting"": {""importance"": ""low"", ""facts"": []}, ""relation"": {""importance"": ""low"", ""facts"": []}, ""shape"": {""importance"": ""low"", ""facts"": []}, ""size"": {""importance"": ""low"", ""facts"": []}, ""color"": {""importance"": ""low"", ""facts"": []}, ""posture"": {""importance"": ""low"", ""facts"": []}, ""scene"": {""importance"": ""low"", ""facts"": []}, ""others"": {""importance"": ""high"", ""facts"": [""The label text includes the exact strings 'Whole Foods Market', 'Red Yeast Rice', '600mg', and '60 ct' (or '60ct').""]}}}","{
  ""level_1"": {
    ""existence"": {
      ""importance"": ""high"",
      ""facts"": [
        ""A packaged product labeled as a Whole Foods Market item is shown.""
      ]
    },
    ""counting"": {
      ""importance"": ""low"",
      ""facts"": []
    },
    ""relation"": {
      ""importance"": ""low"",
      ""facts"": []
    },
    ""shape"": {
      ""importance"": ""low"",
      ""facts"": []
    },
    ""size"": {
      ""importance"": ""low"",
      ""facts"": []
    },
    ""color"": {
      ""importance"": ""low"",
      ""facts"": []
    },
    ""posture"": {
      ""importance"": ""low"",
      ""facts"": []
    },
    ""scene"": {
      ""importance"": ""low"",
      ""facts"": []
    },
    ""others"": {
      ""importance"": ""high"",
      ""facts"": [
        ""The product’s packaging/label includes readable text indicating the product identity.""
      ]
    }
  },
  ""level_2"": {
    ""existence"": {
      ""importance"": ""high"",
      ""facts"": [
        ""The packaging/label shows the brand name 'Whole Foods Market'."",
        ""The packaging/label shows the product name 'Red Yeast Rice'."",
        ""The packaging/label shows the dosage '600mg'."",
        ""The packaging/label shows the count '60 ct'.""
      ]
    },
    ""counting"": {
      ""importance"": ""low"",
      ""facts"": []
    },
    ""relation"": {
      ""importance"": ""medium"",
      ""facts"": [
        ""The texts 'Whole Foods Market', 'Red Yeast Rice', '600mg', and '60 ct' all refer to the same single product shown.""
      ]
    },
    ""shape"": {
      ""importance"": ""low"",
      ""facts"": []
    },
    ""size"": {
      ""importance"": ""low"",
      ""facts"": []
    },
    ""color"": {
      ""importance"": ""low"",
      ""facts"": []
    },
    ""posture"": {
      ""importance"": ""low"",
      ""facts"": []
    },
    ""scene"": {
      ""importance"": ""low"",
      ""facts"": []
    },
    ""others"": {
      ""importance"": ""low"",
      ""facts"": []
    }
  },
  ""level_3"": {
    ""existence"": {
      ""importance"": ""low"",
      ""facts"": []
    },
    ""counting"": {
      ""importance"": ""low"",
      ""facts"": []
    },
    ""relation"": {
      ""importance"": ""low"",
      ""facts"": []
    },
    ""shape"": {
      ""importance"": ""low"",
      ""facts"": []
    },
    ""size"": {
      ""importance"": ""low"",
      ""facts"": []
    },
    ""color"": {
      ""importance"": ""low"",
      ""facts"": []
    },
    ""posture"": {
      ""importance"": ""low"",
      ""facts"": []
    },
    ""scene"": {
      ""importance"": ""low"",
      ""facts"": []
    },
    ""others"": {
      ""importance"": ""high"",
      ""facts"": [
        ""The label text includes the exact strings 'Whole Foods Market', 'Red Yeast Rice', '600mg', and '60 ct' (or '60ct').""
      ]
    }
  }
}",high,A packaged product labeled as a Whole Foods Market item is shown.,low,,low,,low,,low,,low,,low,,low,,high,The product’s packaging/label includes readable text indicating the product identity.,high,The packaging/label shows the brand name 'Whole Foods Market'. | The packaging/label shows the product name 'Red Yeast Rice'. | The packaging/label shows the dosage '600mg'. | The packaging/label shows the count '60 ct'.,low,,medium,"The texts 'Whole Foods Market', 'Red Yeast Rice', '600mg', and '60 ct' all refer to the same single product shown.",low,,low,,low,,low,,low,,low,,low,,low,,low,,low,,low,,low,,low,,low,,high,"The label text includes the exact strings 'Whole Foods Market', 'Red Yeast Rice', '600mg', and '60 ct' (or '60ct')."
65,"365 EVERYDAY VALUE Artichoke Quarters, 14.1 OZ","{""level_1"": {""existence"": {""importance"": ""high"", ""facts"": [""A packaged food product is shown.""]}, ""counting"": {""importance"": ""low"", ""facts"": []}, ""relation"": {""importance"": ""high"", ""facts"": [""The visible packaging/label identifies the product as '365 EVERYDAY VALUE Artichoke Quarters, 14.1 OZ'.""]}, ""shape"": {""importance"": ""low"", ""facts"": []}, ""size"": {""importance"": ""low"", ""facts"": []}, ""color"": {""importance"": ""low"", ""facts"": []}, ""posture"": {""importance"": ""low"", ""facts"": []}, ""scene"": {""importance"": ""low"", ""facts"": []}, ""others"": {""importance"": ""low"", ""facts"": []}}, ""level_2"": {""existence"": {""importance"": ""high"", ""facts"": [""The label shows the brand text '365'."", ""The label shows the text 'EVERYDAY VALUE'."", ""The label shows the product name text 'Artichoke Quarters'."", ""The label shows the net contents text '14.1 OZ'.""]}, ""counting"": {""importance"": ""low"", ""facts"": []}, ""relation"": {""importance"": ""high"", ""facts"": [""The texts '365' and 'EVERYDAY VALUE' appear as part of the same brand/label on the package."", ""The text 'Artichoke Quarters' appears as the product name on the same package."", ""The text '14.1 OZ' appears as the product’s stated size/weight on the same package.""]}, ""shape"": {""importance"": ""low"", ""facts"": []}, ""size"": {""importance"": ""low"", ""facts"": []}, ""color"": {""importance"": ""low"", ""facts"": []}, ""posture"": {""importance"": ""low"", ""facts"": []}, ""scene"": {""importance"": ""low"", ""facts"": []}, ""others"": {""importance"": ""medium"", ""facts"": [""The text on the label is legible enough to read '365', 'EVERYDAY VALUE', 'Artichoke Quarters', and '14.1 OZ'.""]}}, ""level_3"": {""existence"": {""importance"": ""low"", ""facts"": []}, ""counting"": {""importance"": ""low"", ""facts"": []}, ""relation"": {""importance"": ""low"", ""facts"": []}, ""shape"": {""importance"": ""low"", ""facts"": []}, ""size"": {""importance"": ""low"", ""facts"": []}, ""color"": {""importance"": ""low"", ""facts"": []}, ""posture"": {""importance"": ""low"", ""facts"": []}, ""scene"": {""importance"": ""low"", ""facts"": []}, ""others"": {""importance"": ""high"", ""facts"": [""The label text matches exactly: '365 EVERYDAY VALUE Artichoke Quarters, 14.1 OZ'.""]}}}","{
  ""level_1"": {
    ""existence"": {
      ""importance"": ""high"",
      ""facts"": [
        ""A packaged food product is shown.""
      ]
    },
    ""counting"": {
      ""importance"": ""low"",
      ""facts"": []
    },
    ""relation"": {
      ""importance"": ""high"",
      ""facts"": [
        ""The visible packaging/label identifies the product as '365 EVERYDAY VALUE Artichoke Quarters, 14.1 OZ'.""
      ]
    },
    ""shape"": {
      ""importance"": ""low"",
      ""facts"": []
    },
    ""size"": {
      ""importance"": ""low"",
      ""facts"": []
    },
    ""color"": {
      ""importance"": ""low"",
      ""facts"": []
    },
    ""posture"": {
      ""importance"": ""low"",
      ""facts"": []
    },
    ""scene"": {
      ""importance"": ""low"",
      ""facts"": []
    },
    ""others"": {
      ""importance"": ""low"",
      ""facts"": []
    }
  },
  ""level_2"": {
    ""existence"": {
      ""importance"": ""high"",
      ""facts"": [
        ""The label shows the brand text '365'."",
        ""The label shows the text 'EVERYDAY VALUE'."",
        ""The label shows the product name text 'Artichoke Quarters'."",
        ""The label shows the net contents text '14.1 OZ'.""
      ]
    },
    ""counting"": {
      ""importance"": ""low"",
      ""facts"": []
    },
    ""relation"": {
      ""importance"": ""high"",
      ""facts"": [
        ""The texts '365' and 'EVERYDAY VALUE' appear as part of the same brand/label on the package."",
        ""The text 'Artichoke Quarters' appears as the product name on the same package."",
        ""The text '14.1 OZ' appears as the product’s stated size/weight on the same package.""
      ]
    },
    ""shape"": {
      ""importance"": ""low"",
      ""facts"": []
    },
    ""size"": {
      ""importance"": ""low"",
      ""facts"": []
    },
    ""color"": {
      ""importance"": ""low"",
      ""facts"": []
    },
    ""posture"": {
      ""importance"": ""low"",
      ""facts"": []
    },
    ""scene"": {
      ""importance"": ""low"",
      ""facts"": []
    },
    ""others"": {
      ""importance"": ""medium"",
      ""facts"": [
        ""The text on the label is legible enough to read '365', 'EVERYDAY VALUE', 'Artichoke Quarters', and '14.1 OZ'.""
      ]
    }
  },
  ""level_3"": {
    ""existence"": {
      ""importance"": ""low"",
      ""facts"": []
    },
    ""counting"": {
      ""importance"": ""low"",
      ""facts"": []
    },
    ""relation"": {
      ""importance"": ""low"",
      ""facts"": []
    },
    ""shape"": {
      ""importance"": ""low"",
      ""facts"": []
    },
    ""size"": {
      ""importance"": ""low"",
      ""facts"": []
    },
    ""color"": {
      ""importance"": ""low"",
      ""facts"": []
    },
    ""posture"": {
      ""importance"": ""low"",
      ""facts"": []
    },
    ""scene"": {
      ""importance"": ""low"",
      ""facts"": []
    },
    ""others"": {
      ""importance"": ""high"",
      ""facts"": [
        ""The label text matches exactly: '365 EVERYDAY VALUE Artichoke Quarters, 14.1 OZ'.""
      ]
    }
  }
}",high,A packaged food product is shown.,low,,high,"The visible packaging/label identifies the product as '365 EVERYDAY VALUE Artichoke Quarters, 14.1 OZ'.",low,,low,,low,,low,,low,,low,,high,The label shows the brand text '365'. | The label shows the text 'EVERYDAY VALUE'. | The label shows the product name text 'Artichoke Quarters'. | The label shows the net contents text '14.1 OZ'.,low,,high,The texts '365' and 'EVERYDAY VALUE' appear as part of the same brand/label on the package. | The text 'Artichoke Quarters' appears as the product name on the same package. | The text '14.1 OZ' appears as the product’s stated size/weight on the same package.,low,,low,,low,,low,,low,,medium,"The text on the label is legible enough to read '365', 'EVERYDAY VALUE', 'Artichoke Quarters', and '14.1 OZ'.",low,,low,,low,,low,,low,,low,,low,,low,,high,"The label text matches exactly: '365 EVERYDAY VALUE Artichoke Quarters, 14.1 OZ'."
69,Ravenna Home Cross Flush Mounted Wooden Coffee Table,"{""level_1"": {""existence"": {""importance"": ""high"", ""facts"": [""A coffee table is depicted.""]}, ""counting"": {""importance"": ""low"", ""facts"": []}, ""relation"": {""importance"": ""low"", ""facts"": []}, ""shape"": {""importance"": ""medium"", ""facts"": [""The table has a flat tabletop surface.""]}, ""size"": {""importance"": ""medium"", ""facts"": [""The table appears low (coffee-table height rather than dining-table height).""]}, ""color"": {""importance"": ""low"", ""facts"": []}, ""posture"": {""importance"": ""low"", ""facts"": []}, ""scene"": {""importance"": ""low"", ""facts"": []}, ""others"": {""importance"": ""low"", ""facts"": []}}, ""level_2"": {""existence"": {""importance"": ""high"", ""facts"": [""The table is made of wood (visible wood material/wood grain)."", ""A cross-shaped support/brace structure is present as part of the table’s base/understructure.""]}, ""counting"": {""importance"": ""low"", ""facts"": []}, ""relation"": {""importance"": ""high"", ""facts"": [""The cross-shaped support/brace is attached to the table (part of the leg/base structure rather than a separate object).""]}, ""shape"": {""importance"": ""high"", ""facts"": [""The base/understructure forms a cross/X-like configuration when viewed from an appropriate angle (intersecting members).""]}, ""size"": {""importance"": ""low"", ""facts"": []}, ""color"": {""importance"": ""low"", ""facts"": []}, ""posture"": {""importance"": ""low"", ""facts"": []}, ""scene"": {""importance"": ""low"", ""facts"": []}, ""others"": {""importance"": ""medium"", ""facts"": [""The cross support/brace appears flush-mounted (the connected members meet without an obvious protruding/raised offset at the mounting point).""]}}, ""level_3"": {""existence"": {""importance"": ""low"", ""facts"": []}, ""counting"": {""importance"": ""low"", ""facts"": []}, ""relation"": {""importance"": ""low"", ""facts"": []}, ""shape"": {""importance"": ""low"", ""facts"": []}, ""size"": {""importance"": ""low"", ""facts"": []}, ""color"": {""importance"": ""low"", ""facts"": []}, ""posture"": {""importance"": ""low"", ""facts"": []}, ""scene"": {""importance"": ""low"", ""facts"": []}, ""others"": {""importance"": ""low"", ""facts"": []}}}","{
  ""level_1"": {
    ""existence"": {
      ""importance"": ""high"",
      ""facts"": [
        ""A coffee table is depicted.""
      ]
    },
    ""counting"": {
      ""importance"": ""low"",
      ""facts"": []
    },
    ""relation"": {
      ""importance"": ""low"",
      ""facts"": []
    },
    ""shape"": {
      ""importance"": ""medium"",
      ""facts"": [
        ""The table has a flat tabletop surface.""
      ]
    },
    ""size"": {
      ""importance"": ""medium"",
      ""facts"": [
        ""The table appears low (coffee-table height rather than dining-table height).""
      ]
    },
    ""color"": {
      ""importance"": ""low"",
      ""facts"": []
    },
    ""posture"": {
      ""importance"": ""low"",
      ""facts"": []
    },
    ""scene"": {
      ""importance"": ""low"",
      ""facts"": []
    },
    ""others"": {
      ""importance"": ""low"",
      ""facts"": []
    }
  },
  ""level_2"": {
    ""existence"": {
      ""importance"": ""high"",
      ""facts"": [
        ""The table is made of wood (visible wood material/wood grain)."",
        ""A cross-shaped support/brace structure is present as part of the table’s base/understructure.""
      ]
    },
    ""counting"": {
      ""importance"": ""low"",
      ""facts"": []
    },
    ""relation"": {
      ""importance"": ""high"",
      ""facts"": [
        ""The cross-shaped support/brace is attached to the table (part of the leg/base structure rather than a separate object).""
      ]
    },
    ""shape"": {
      ""importance"": ""high"",
      ""facts"": [
        ""The base/understructure forms a cross/X-like configuration when viewed from an appropriate angle (intersecting members).""
      ]
    },
    ""size"": {
      ""importance"": ""low"",
      ""facts"": []
    },
    ""color"": {
      ""importance"": ""low"",
      ""facts"": []
    },
    ""posture"": {
      ""importance"": ""low"",
      ""facts"": []
    },
    ""scene"": {
      ""importance"": ""low"",
      ""facts"": []
    },
    ""others"": {
      ""importance"": ""medium"",
      ""facts"": [
        ""The cross support/brace appears flush-mounted (the connected members meet without an obvious protruding/raised offset at the mounting point).""
      ]
    }
  },
  ""level_3"": {
    ""existence"": {
      ""importance"": ""low"",
      ""facts"": []
    },
    ""counting"": {
      ""importance"": ""low"",
      ""facts"": []
    },
    ""relation"": {
      ""importance"": ""low"",
      ""facts"": []
    },
    ""shape"": {
      ""importance"": ""low"",
      ""facts"": []
    },
    ""size"": {
      ""importance"": ""low"",
      ""facts"": []
    },
    ""color"": {
      ""importance"": ""low"",
      ""facts"": []
    },
    ""posture"": {
      ""importance"": ""low"",
      ""facts"": []
    },
    ""scene"": {
      ""importance"": ""low"",
      ""facts"": []
    },
    ""others"": {
      ""importance"": ""low"",
      ""facts"": []
    }
  }
}",high,A coffee table is depicted.,low,,low,,medium,The table has a flat tabletop surface.,medium,The table appears low (coffee-table height rather than dining-table height).,low,,low,,low,,low,,high,The table is made of wood (visible wood material/wood grain). | A cross-shaped support/brace structure is present as part of the table’s base/understructure.,low,,high,The cross-shaped support/brace is attached to the table (part of the leg/base structure rather than a separate object).,high,The base/understructure forms a cross/X-like configuration when viewed from an appropriate angle (intersecting members).,low,,low,,low,,low,,medium,The cross support/brace appears flush-mounted (the connected members meet without an obvious protruding/raised offset at the mounting point).,low,,low,,low,,low,,low,,low,,low,,low,,low,
70,"Amazon Brand – Stone & Beam Sophia Modern Swivel Kitchen Bar Stool, 43.3""H, Merlot","{""level_1"": {""existence"": {""importance"": ""high"", ""facts"": [""A single kitchen/bar stool is depicted.""]}, ""counting"": {""importance"": ""high"", ""facts"": [""Exactly one stool is shown.""]}, ""relation"": {""importance"": ""low"", ""facts"": []}, ""shape"": {""importance"": ""medium"", ""facts"": [""The object has the overall form of a tall bar stool (a seat elevated above the ground by a base/legs).""]}, ""size"": {""importance"": ""medium"", ""facts"": [""The stool appears tall like a bar-height/counter-height stool (not a low chair).""]}, ""color"": {""importance"": ""high"", ""facts"": [""The stool is merlot-colored (a dark red/wine-red appearance) on its primary visible surfaces.""]}, ""posture"": {""importance"": ""low"", ""facts"": []}, ""scene"": {""importance"": ""low"", ""facts"": []}, ""others"": {""importance"": ""low"", ""facts"": []}}, ""level_2"": {""existence"": {""importance"": ""high"", ""facts"": [""A seat is present at the top of the stool."", ""A supporting base/legs are present beneath the seat."", ""A footrest element is present (a bar/ring/rails positioned below the seat for feet).""]}, ""counting"": {""importance"": ""low"", ""facts"": []}, ""relation"": {""importance"": ""high"", ""facts"": [""The seat is supported above the ground by the base/legs."", ""The footrest is attached to the base/legs below the seat.""]}, ""shape"": {""importance"": ""medium"", ""facts"": [""The design is consistent with a swivel stool (the seat appears to be mounted so it can rotate relative to the base, e.g., via a central post or visible swivel joint/plate).""]}, ""size"": {""importance"": ""low"", ""facts"": []}, ""color"": {""importance"": ""high"", ""facts"": [""The merlot (dark red/wine-red) color is visible on the seat (and backrest if present).""]}, ""posture"": {""importance"": ""low"", ""facts"": []}, ""scene"": {""importance"": ""low"", ""facts"": []}, ""others"": {""importance"": ""low"", ""facts"": []}}, ""level_3"": {""existence"": {""importance"": ""low"", ""facts"": []}, ""counting"": {""importance"": ""low"", ""facts"": []}, ""relation"": {""importance"": ""low"", ""facts"": []}, ""shape"": {""importance"": ""low"", ""facts"": []}, ""size"": {""importance"": ""low"", ""facts"": []}, ""color"": {""importance"": ""low"", ""facts"": []}, ""posture"": {""importance"": ""low"", ""facts"": []}, ""scene"": {""importance"": ""low"", ""facts"": []}, ""others"": {""importance"": ""low"", ""facts"": []}}}","{
  ""level_1"": {
    ""existence"": {
      ""importance"": ""high"",
      ""facts"": [
        ""A single kitchen/bar stool is depicted.""
      ]
    },
    ""counting"": {
      ""importance"": ""high"",
      ""facts"": [
        ""Exactly one stool is shown.""
      ]
    },
    ""relation"": {
      ""importance"": ""low"",
      ""facts"": []
    },
    ""shape"": {
      ""importance"": ""medium"",
      ""facts"": [
        ""The object has the overall form of a tall bar stool (a seat elevated above the ground by a base/legs).""
      ]
    },
    ""size"": {
      ""importance"": ""medium"",
      ""facts"": [
        ""The stool appears tall like a bar-height/counter-height stool (not a low chair).""
      ]
    },
    ""color"": {
      ""importance"": ""high"",
      ""facts"": [
        ""The stool is merlot-colored (a dark red/wine-red appearance) on its primary visible surfaces.""
      ]
    },
    ""posture"": {
      ""importance"": ""low"",
      ""facts"": []
    },
    ""scene"": {
      ""importance"": ""low"",
      ""facts"": []
    },
    ""others"": {
      ""importance"": ""low"",
      ""facts"": []
    }
  },
  ""level_2"": {
    ""existence"": {
      ""importance"": ""high"",
      ""facts"": [
        ""A seat is present at the top of the stool."",
        ""A supporting base/legs are present beneath the seat."",
        ""A footrest element is present (a bar/ring/rails positioned below the seat for feet).""
      ]
    },
    ""counting"": {
      ""importance"": ""low"",
      ""facts"": []
    },
    ""relation"": {
      ""importance"": ""high"",
      ""facts"": [
        ""The seat is supported above the ground by the base/legs."",
        ""The footrest is attached to the base/legs below the seat.""
      ]
    },
    ""shape"": {
      ""importance"": ""medium"",
      ""facts"": [
        ""The design is consistent with a swivel stool (the seat appears to be mounted so it can rotate relative to the base, e.g., via a central post or visible swivel joint/plate).""
      ]
    },
    ""size"": {
      ""importance"": ""low"",
      ""facts"": []
    },
    ""color"": {
      ""importance"": ""high"",
      ""facts"": [
        ""The merlot (dark red/wine-red) color is visible on the seat (and backrest if present).""
      ]
    },
    ""posture"": {
      ""importance"": ""low"",
      ""facts"": []
    },
    ""scene"": {
      ""importance"": ""low"",
      ""facts"": []
    },
    ""others"": {
      ""importance"": ""low"",
      ""facts"": []
    }
  },
  ""level_3"": {
    ""existence"": {
      ""importance"": ""low"",
      ""facts"": []
    },
    ""counting"": {
      ""importance"": ""low"",
      ""facts"": []
    },
    ""relation"": {
      ""importance"": ""low"",
      ""facts"": []
    },
    ""shape"": {
      ""importance"": ""low"",
      ""facts"": []
    },
    ""size"": {
      ""importance"": ""low"",
      ""facts"": []
    },
    ""color"": {
      ""importance"": ""low"",
      ""facts"": []
    },
    ""posture"": {
      ""importance"": ""low"",
      ""facts"": []
    },
    ""scene"": {
      ""importance"": ""low"",
      ""facts"": []
    },
    ""others"": {
      ""importance"": ""low"",
      ""facts"": []
    }
  }
}",high,A single kitchen/bar stool is depicted.,high,Exactly one stool is shown.,low,,medium,The object has the overall form of a tall bar stool (a seat elevated above the ground by a base/legs).,medium,The stool appears tall like a bar-height/counter-height stool (not a low chair).,high,The stool is merlot-colored (a dark red/wine-red appearance) on its primary visible surfaces.,low,,low,,low,,high,A seat is present at the top of the stool. | A supporting base/legs are present beneath the seat. | A footrest element is present (a bar/ring/rails positioned below the seat for feet).,low,,high,The seat is supported above the ground by the base/legs. | The footrest is attached to the base/legs below the seat.,medium,"The design is consistent with a swivel stool (the seat appears to be mounted so it can rotate relative to the base, e.g., via a central post or visible swivel joint/plate).",low,,high,The merlot (dark red/wine-red) color is visible on the seat (and backrest if present).,low,,low,,low,,low,,low,,low,,low,,low,,low,,low,,low,,low,
72,"Amazon Brand - Vedaka Black Peppercorn (Kali Mirch), 100g","{""level_1"": {""existence"": {""importance"": ""high"", ""facts"": [""A packaged consumer product of black peppercorns is shown.""]}, ""counting"": {""importance"": ""medium"", ""facts"": [""Exactly one primary product package/container is shown.""]}, ""relation"": {""importance"": ""low"", ""facts"": []}, ""shape"": {""importance"": ""low"", ""facts"": []}, ""size"": {""importance"": ""low"", ""facts"": []}, ""color"": {""importance"": ""low"", ""facts"": []}, ""posture"": {""importance"": ""low"", ""facts"": []}, ""scene"": {""importance"": ""low"", ""facts"": []}, ""others"": {""importance"": ""low"", ""facts"": []}}, ""level_2"": {""existence"": {""importance"": ""high"", ""facts"": [""Branding for 'Vedaka' is visible on the package."", ""The product name indicates black peppercorns on the package.""]}, ""counting"": {""importance"": ""low"", ""facts"": []}, ""relation"": {""importance"": ""medium"", ""facts"": [""The brand and product name text appear on the same package shown.""]}, ""shape"": {""importance"": ""low"", ""facts"": []}, ""size"": {""importance"": ""low"", ""facts"": []}, ""color"": {""importance"": ""low"", ""facts"": []}, ""posture"": {""importance"": ""low"", ""facts"": []}, ""scene"": {""importance"": ""low"", ""facts"": []}, ""others"": {""importance"": ""medium"", ""facts"": [""The package shows that it is an Amazon brand (e.g., the words 'Amazon Brand' are visible).""]}}, ""level_3"": {""existence"": {""importance"": ""high"", ""facts"": [""The text 'Amazon Brand' is visible on the packaging."", ""The text 'Vedaka' is visible on the packaging."", ""The text 'Black Peppercorn' is visible on the packaging."", ""The text 'Kali Mirch' is visible on the packaging."", ""The net quantity '100g' is visible on the packaging.""]}, ""counting"": {""importance"": ""low"", ""facts"": []}, ""relation"": {""importance"": ""low"", ""facts"": []}, ""shape"": {""importance"": ""low"", ""facts"": []}, ""size"": {""importance"": ""low"", ""facts"": []}, ""color"": {""importance"": ""low"", ""facts"": []}, ""posture"": {""importance"": ""low"", ""facts"": []}, ""scene"": {""importance"": ""low"", ""facts"": []}, ""others"": {""importance"": ""low"", ""facts"": []}}}","{
  ""level_1"": {
    ""existence"": {
      ""importance"": ""high"",
      ""facts"": [
        ""A packaged consumer product of black peppercorns is shown.""
      ]
    },
    ""counting"": {
      ""importance"": ""medium"",
      ""facts"": [
        ""Exactly one primary product package/container is shown.""
      ]
    },
    ""relation"": {
      ""importance"": ""low"",
      ""facts"": []
    },
    ""shape"": {
      ""importance"": ""low"",
      ""facts"": []
    },
    ""size"": {
      ""importance"": ""low"",
      ""facts"": []
    },
    ""color"": {
      ""importance"": ""low"",
      ""facts"": []
    },
    ""posture"": {
      ""importance"": ""low"",
      ""facts"": []
    },
    ""scene"": {
      ""importance"": ""low"",
      ""facts"": []
    },
    ""others"": {
      ""importance"": ""low"",
      ""facts"": []
    }
  },
  ""level_2"": {
    ""existence"": {
      ""importance"": ""high"",
      ""facts"": [
        ""Branding for 'Vedaka' is visible on the package."",
        ""The product name indicates black peppercorns on the package.""
      ]
    },
    ""counting"": {
      ""importance"": ""low"",
      ""facts"": []
    },
    ""relation"": {
      ""importance"": ""medium"",
      ""facts"": [
        ""The brand and product name text appear on the same package shown.""
      ]
    },
    ""shape"": {
      ""importance"": ""low"",
      ""facts"": []
    },
    ""size"": {
      ""importance"": ""low"",
      ""facts"": []
    },
    ""color"": {
      ""importance"": ""low"",
      ""facts"": []
    },
    ""posture"": {
      ""importance"": ""low"",
      ""facts"": []
    },
    ""scene"": {
      ""importance"": ""low"",
      ""facts"": []
    },
    ""others"": {
      ""importance"": ""medium"",
      ""facts"": [
        ""The package shows that it is an Amazon brand (e.g., the words 'Amazon Brand' are visible).""
      ]
    }
  },
  ""level_3"": {
    ""existence"": {
      ""importance"": ""high"",
      ""facts"": [
        ""The text 'Amazon Brand' is visible on the packaging."",
        ""The text 'Vedaka' is visible on the packaging."",
        ""The text 'Black Peppercorn' is visible on the packaging."",
        ""The text 'Kali Mirch' is visible on the packaging."",
        ""The net quantity '100g' is visible on the packaging.""
      ]
    },
    ""counting"": {
      ""importance"": ""low"",
      ""facts"": []
    },
    ""relation"": {
      ""importance"": ""low"",
      ""facts"": []
    },
    ""shape"": {
      ""importance"": ""low"",
      ""facts"": []
    },
    ""size"": {
      ""importance"": ""low"",
      ""facts"": []
    },
    ""color"": {
      ""importance"": ""low"",
      ""facts"": []
    },
    ""posture"": {
      ""importance"": ""low"",
      ""facts"": []
    },
    ""scene"": {
      ""importance"": ""low"",
      ""facts"": []
    },
    ""others"": {
      ""importance"": ""low"",
      ""facts"": []
    }
  }
}",high,A packaged consumer product of black peppercorns is shown.,medium,Exactly one primary product package/container is shown.,low,,low,,low,,low,,low,,low,,low,,high,Branding for 'Vedaka' is visible on the package. | The product name indicates black peppercorns on the package.,low,,medium,The brand and product name text appear on the same package shown.,low,,low,,low,,low,,low,,medium,"The package shows that it is an Amazon brand (e.g., the words 'Amazon Brand' are visible).",high,The text 'Amazon Brand' is visible on the packaging. | The text 'Vedaka' is visible on the packaging. | The text 'Black Peppercorn' is visible on the packaging. | The text 'Kali Mirch' is visible on the packaging. | The net quantity '100g' is visible on the packaging.,low,,low,,low,,low,,low,,low,,low,,low,
74,"Jamaican Style Salad, 12.98 oz","{""level_1"": {""existence"": {""importance"": ""high"", ""facts"": [""A salad (food dish) is depicted.""]}, ""counting"": {""importance"": ""low"", ""facts"": []}, ""relation"": {""importance"": ""low"", ""facts"": []}, ""shape"": {""importance"": ""low"", ""facts"": []}, ""size"": {""importance"": ""low"", ""facts"": []}, ""color"": {""importance"": ""low"", ""facts"": []}, ""posture"": {""importance"": ""low"", ""facts"": []}, ""scene"": {""importance"": ""low"", ""facts"": []}, ""others"": {""importance"": ""high"", ""facts"": [""The text \""Jamaican Style Salad\"" is visibly present in the image."", ""The text \""12.98 oz\"" is visibly present in the image.""]}}, ""level_2"": {""existence"": {""importance"": ""low"", ""facts"": []}, ""counting"": {""importance"": ""low"", ""facts"": []}, ""relation"": {""importance"": ""low"", ""facts"": []}, ""shape"": {""importance"": ""low"", ""facts"": []}, ""size"": {""importance"": ""low"", ""facts"": []}, ""color"": {""importance"": ""low"", ""facts"": []}, ""posture"": {""importance"": ""low"", ""facts"": []}, ""scene"": {""importance"": ""low"", ""facts"": []}, ""others"": {""importance"": ""low"", ""facts"": []}}, ""level_3"": {""existence"": {""importance"": ""low"", ""facts"": []}, ""counting"": {""importance"": ""low"", ""facts"": []}, ""relation"": {""importance"": ""low"", ""facts"": []}, ""shape"": {""importance"": ""low"", ""facts"": []}, ""size"": {""importance"": ""low"", ""facts"": []}, ""color"": {""importance"": ""low"", ""facts"": []}, ""posture"": {""importance"": ""low"", ""facts"": []}, ""scene"": {""importance"": ""low"", ""facts"": []}, ""others"": {""importance"": ""low"", ""facts"": []}}}","{
  ""level_1"": {
    ""existence"": {
      ""importance"": ""high"",
      ""facts"": [
        ""A salad (food dish) is depicted.""
      ]
    },
    ""counting"": {
      ""importance"": ""low"",
      ""facts"": []
    },
    ""relation"": {
      ""importance"": ""low"",
      ""facts"": []
    },
    ""shape"": {
      ""importance"": ""low"",
      ""facts"": []
    },
    ""size"": {
      ""importance"": ""low"",
      ""facts"": []
    },
    ""color"": {
      ""importance"": ""low"",
      ""facts"": []
    },
    ""posture"": {
      ""importance"": ""low"",
      ""facts"": []
    },
    ""scene"": {
      ""importance"": ""low"",
      ""facts"": []
    },
    ""others"": {
      ""importance"": ""high"",
      ""facts"": [
        ""The text \""Jamaican Style Salad\"" is visibly present in the image."",
        ""The text \""12.98 oz\"" is visibly present in the image.""
      ]
    }
  },
  ""level_2"": {
    ""existence"": {
      ""importance"": ""low"",
      ""facts"": []
    },
    ""counting"": {
      ""importance"": ""low"",
      ""facts"": []
    },
    ""relation"": {
      ""importance"": ""low"",
      ""facts"": []
    },
    ""shape"": {
      ""importance"": ""low"",
      ""facts"": []
    },
    ""size"": {
      ""importance"": ""low"",
      ""facts"": []
    },
    ""color"": {
      ""importance"": ""low"",
      ""facts"": []
    },
    ""posture"": {
      ""importance"": ""low"",
      ""facts"": []
    },
    ""scene"": {
      ""importance"": ""low"",
      ""facts"": []
    },
    ""others"": {
      ""importance"": ""low"",
      ""facts"": []
    }
  },
  ""level_3"": {
    ""existence"": {
      ""importance"": ""low"",
      ""facts"": []
    },
    ""counting"": {
      ""importance"": ""low"",
      ""facts"": []
    },
    ""relation"": {
      ""importance"": ""low"",
      ""facts"": []
    },
    ""shape"": {
      ""importance"": ""low"",
      ""facts"": []
    },
    ""size"": {
      ""importance"": ""low"",
      ""facts"": []
    },
    ""color"": {
      ""importance"": ""low"",
      ""facts"": []
    },
    ""posture"": {
      ""importance"": ""low"",
      ""facts"": []
    },
    ""scene"": {
      ""importance"": ""low"",
      ""facts"": []
    },
    ""others"": {
      ""importance"": ""low"",
      ""facts"": []
    }
  }
}",high,A salad (food dish) is depicted.,low,,low,,low,,low,,low,,low,,low,,high,"The text ""Jamaican Style Salad"" is visibly present in the image. | The text ""12.98 oz"" is visibly present in the image.",low,,low,,low,,low,,low,,low,,low,,low,,low,,low,,low,,low,,low,,low,,low,,low,,low,,low,
75,"365 Everyday Value, Milk Chocolate Jumbo Baking Chips, 10 oz","{""level_1"": {""existence"": {""importance"": ""high"", ""facts"": [""A retail product package/container is shown for '365 Everyday Value' milk chocolate jumbo baking chips.""]}, ""counting"": {""importance"": ""medium"", ""facts"": [""Exactly one product package/container is shown as the primary subject.""]}, ""relation"": {""importance"": ""low"", ""facts"": []}, ""shape"": {""importance"": ""low"", ""facts"": []}, ""size"": {""importance"": ""low"", ""facts"": []}, ""color"": {""importance"": ""low"", ""facts"": []}, ""posture"": {""importance"": ""low"", ""facts"": []}, ""scene"": {""importance"": ""low"", ""facts"": []}, ""others"": {""importance"": ""high"", ""facts"": [""The image is a color image (not purely grayscale).""]}}, ""level_2"": {""existence"": {""importance"": ""high"", ""facts"": [""The package shows the brand text '365 Everyday Value'."", ""The package shows the product text 'Milk Chocolate'."", ""The package shows the product text 'Jumbo Baking Chips'."", ""The package shows the net weight text '10 oz'.""]}, ""counting"": {""importance"": ""low"", ""facts"": []}, ""relation"": {""importance"": ""medium"", ""facts"": [""The texts '365 Everyday Value', 'Milk Chocolate', 'Jumbo Baking Chips', and '10 oz' appear on the same product package/container.""]}, ""shape"": {""importance"": ""low"", ""facts"": []}, ""size"": {""importance"": ""low"", ""facts"": []}, ""color"": {""importance"": ""low"", ""facts"": []}, ""posture"": {""importance"": ""low"", ""facts"": []}, ""scene"": {""importance"": ""low"", ""facts"": []}, ""others"": {""importance"": ""medium"", ""facts"": [""The required texts are legible enough to be read from the image pixels.""]}}, ""level_3"": {""existence"": {""importance"": ""low"", ""facts"": []}, ""counting"": {""importance"": ""low"", ""facts"": []}, ""relation"": {""importance"": ""low"", ""facts"": []}, ""shape"": {""importance"": ""low"", ""facts"": []}, ""size"": {""importance"": ""low"", ""facts"": []}, ""color"": {""importance"": ""low"", ""facts"": []}, ""posture"": {""importance"": ""low"", ""facts"": []}, ""scene"": {""importance"": ""low"", ""facts"": []}, ""others"": {""importance"": ""low"", ""facts"": []}}}","{
  ""level_1"": {
    ""existence"": {
      ""importance"": ""high"",
      ""facts"": [
        ""A retail product package/container is shown for '365 Everyday Value' milk chocolate jumbo baking chips.""
      ]
    },
    ""counting"": {
      ""importance"": ""medium"",
      ""facts"": [
        ""Exactly one product package/container is shown as the primary subject.""
      ]
    },
    ""relation"": {
      ""importance"": ""low"",
      ""facts"": []
    },
    ""shape"": {
      ""importance"": ""low"",
      ""facts"": []
    },
    ""size"": {
      ""importance"": ""low"",
      ""facts"": []
    },
    ""color"": {
      ""importance"": ""low"",
      ""facts"": []
    },
    ""posture"": {
      ""importance"": ""low"",
      ""facts"": []
    },
    ""scene"": {
      ""importance"": ""low"",
      ""facts"": []
    },
    ""others"": {
      ""importance"": ""high"",
      ""facts"": [
        ""The image is a color image (not purely grayscale).""
      ]
    }
  },
  ""level_2"": {
    ""existence"": {
      ""importance"": ""high"",
      ""facts"": [
        ""The package shows the brand text '365 Everyday Value'."",
        ""The package shows the product text 'Milk Chocolate'."",
        ""The package shows the product text 'Jumbo Baking Chips'."",
        ""The package shows the net weight text '10 oz'.""
      ]
    },
    ""counting"": {
      ""importance"": ""low"",
      ""facts"": []
    },
    ""relation"": {
      ""importance"": ""medium"",
      ""facts"": [
        ""The texts '365 Everyday Value', 'Milk Chocolate', 'Jumbo Baking Chips', and '10 oz' appear on the same product package/container.""
      ]
    },
    ""shape"": {
      ""importance"": ""low"",
      ""facts"": []
    },
    ""size"": {
      ""importance"": ""low"",
      ""facts"": []
    },
    ""color"": {
      ""importance"": ""low"",
      ""facts"": []
    },
    ""posture"": {
      ""importance"": ""low"",
      ""facts"": []
    },
    ""scene"": {
      ""importance"": ""low"",
      ""facts"": []
    },
    ""others"": {
      ""importance"": ""medium"",
      ""facts"": [
        ""The required texts are legible enough to be read from the image pixels.""
      ]
    }
  },
  ""level_3"": {
    ""existence"": {
      ""importance"": ""low"",
      ""facts"": []
    },
    ""counting"": {
      ""importance"": ""low"",
      ""facts"": []
    },
    ""relation"": {
      ""importance"": ""low"",
      ""facts"": []
    },
    ""shape"": {
      ""importance"": ""low"",
      ""facts"": []
    },
    ""size"": {
      ""importance"": ""low"",
      ""facts"": []
    },
    ""color"": {
      ""importance"": ""low"",
      ""facts"": []
    },
    ""posture"": {
      ""importance"": ""low"",
      ""facts"": []
    },
    ""scene"": {
      ""importance"": ""low"",
      ""facts"": []
    },
    ""others"": {
      ""importance"": ""low"",
      ""facts"": []
    }
  }
}",high,A retail product package/container is shown for '365 Everyday Value' milk chocolate jumbo baking chips.,medium,Exactly one product package/container is shown as the primary subject.,low,,low,,low,,low,,low,,low,,high,The image is a color image (not purely grayscale).,high,The package shows the brand text '365 Everyday Value'. | The package shows the product text 'Milk Chocolate'. | The package shows the product text 'Jumbo Baking Chips'. | The package shows the net weight text '10 oz'.,low,,medium,"The texts '365 Everyday Value', 'Milk Chocolate', 'Jumbo Baking Chips', and '10 oz' appear on the same product package/container.",low,,low,,low,,low,,low,,medium,The required texts are legible enough to be read from the image pixels.,low,,low,,low,,low,,low,,low,,low,,low,,low,
80,Flavia Women's Clutch (Kahki),"{""level_1"": {""existence"": {""importance"": ""high"", ""facts"": [""A clutch-style handbag/purse is depicted.""]}, ""counting"": {""importance"": ""high"", ""facts"": [""Exactly one clutch handbag/purse is shown as the main subject.""]}, ""relation"": {""importance"": ""low"", ""facts"": []}, ""shape"": {""importance"": ""medium"", ""facts"": [""The bag has a compact, clutch-like form (small handbag intended to be held in one hand).""]}, ""size"": {""importance"": ""low"", ""facts"": []}, ""color"": {""importance"": ""high"", ""facts"": [""The clutch’s exterior is khaki-colored (a muted beige/tan/greenish-brown tone) as the dominant color.""]}, ""posture"": {""importance"": ""low"", ""facts"": []}, ""scene"": {""importance"": ""medium"", ""facts"": [""The image clearly shows the clutch (not heavily obscured or out of frame).""]}, ""others"": {""importance"": ""low"", ""facts"": []}}, ""level_2"": {""existence"": {""importance"": ""high"", ""facts"": [""Visible branding/labeling indicating the name \""Flavia\"" appears on the clutch or on an attached tag/label that is part of the product depiction.""]}, ""counting"": {""importance"": ""low"", ""facts"": []}, ""relation"": {""importance"": ""medium"", ""facts"": [""The \""Flavia\"" branding/label is physically on the clutch itself or on an attached tag/label associated with the clutch (not a separate caption or overlay).""]}, ""shape"": {""importance"": ""low"", ""facts"": []}, ""size"": {""importance"": ""low"", ""facts"": []}, ""color"": {""importance"": ""medium"", ""facts"": [""The khaki color is visible on the main exterior panels of the clutch (not only on minor accents).""]}, ""posture"": {""importance"": ""low"", ""facts"": []}, ""scene"": {""importance"": ""low"", ""facts"": []}, ""others"": {""importance"": ""low"", ""facts"": []}}, ""level_3"": {""existence"": {""importance"": ""low"", ""facts"": []}, ""counting"": {""importance"": ""low"", ""facts"": []}, ""relation"": {""importance"": ""low"", ""facts"": []}, ""shape"": {""importance"": ""low"", ""facts"": []}, ""size"": {""importance"": ""low"", ""facts"": []}, ""color"": {""importance"": ""low"", ""facts"": []}, ""posture"": {""importance"": ""low"", ""facts"": []}, ""scene"": {""importance"": ""low"", ""facts"": []}, ""others"": {""importance"": ""high"", ""facts"": [""If the brand name is readable, it is spelled \""Flavia\"".""]}}}","{
  ""level_1"": {
    ""existence"": {
      ""importance"": ""high"",
      ""facts"": [
        ""A clutch-style handbag/purse is depicted.""
      ]
    },
    ""counting"": {
      ""importance"": ""high"",
      ""facts"": [
        ""Exactly one clutch handbag/purse is shown as the main subject.""
      ]
    },
    ""relation"": {
      ""importance"": ""low"",
      ""facts"": []
    },
    ""shape"": {
      ""importance"": ""medium"",
      ""facts"": [
        ""The bag has a compact, clutch-like form (small handbag intended to be held in one hand).""
      ]
    },
    ""size"": {
      ""importance"": ""low"",
      ""facts"": []
    },
    ""color"": {
      ""importance"": ""high"",
      ""facts"": [
        ""The clutch’s exterior is khaki-colored (a muted beige/tan/greenish-brown tone) as the dominant color.""
      ]
    },
    ""posture"": {
      ""importance"": ""low"",
      ""facts"": []
    },
    ""scene"": {
      ""importance"": ""medium"",
      ""facts"": [
        ""The image clearly shows the clutch (not heavily obscured or out of frame).""
      ]
    },
    ""others"": {
      ""importance"": ""low"",
      ""facts"": []
    }
  },
  ""level_2"": {
    ""existence"": {
      ""importance"": ""high"",
      ""facts"": [
        ""Visible branding/labeling indicating the name \""Flavia\"" appears on the clutch or on an attached tag/label that is part of the product depiction.""
      ]
    },
    ""counting"": {
      ""importance"": ""low"",
      ""facts"": []
    },
    ""relation"": {
      ""importance"": ""medium"",
      ""facts"": [
        ""The \""Flavia\"" branding/label is physically on the clutch itself or on an attached tag/label associated with the clutch (not a separate caption or overlay).""
      ]
    },
    ""shape"": {
      ""importance"": ""low"",
      ""facts"": []
    },
    ""size"": {
      ""importance"": ""low"",
      ""facts"": []
    },
    ""color"": {
      ""importance"": ""medium"",
      ""facts"": [
        ""The khaki color is visible on the main exterior panels of the clutch (not only on minor accents).""
      ]
    },
    ""posture"": {
      ""importance"": ""low"",
      ""facts"": []
    },
    ""scene"": {
      ""importance"": ""low"",
      ""facts"": []
    },
    ""others"": {
      ""importance"": ""low"",
      ""facts"": []
    }
  },
  ""level_3"": {
    ""existence"": {
      ""importance"": ""low"",
      ""facts"": []
    },
    ""counting"": {
      ""importance"": ""low"",
      ""facts"": []
    },
    ""relation"": {
      ""importance"": ""low"",
      ""facts"": []
    },
    ""shape"": {
      ""importance"": ""low"",
      ""facts"": []
    },
    ""size"": {
      ""importance"": ""low"",
      ""facts"": []
    },
    ""color"": {
      ""importance"": ""low"",
      ""facts"": []
    },
    ""posture"": {
      ""importance"": ""low"",
      ""facts"": []
    },
    ""scene"": {
      ""importance"": ""low"",
      ""facts"": []
    },
    ""others"": {
      ""importance"": ""high"",
      ""facts"": [
        ""If the brand name is readable, it is spelled \""Flavia\"".""
      ]
    }
  }
}",high,A clutch-style handbag/purse is depicted.,high,Exactly one clutch handbag/purse is shown as the main subject.,low,,medium,"The bag has a compact, clutch-like form (small handbag intended to be held in one hand).",low,,high,The clutch’s exterior is khaki-colored (a muted beige/tan/greenish-brown tone) as the dominant color.,low,,medium,The image clearly shows the clutch (not heavily obscured or out of frame).,low,,high,"Visible branding/labeling indicating the name ""Flavia"" appears on the clutch or on an attached tag/label that is part of the product depiction.",low,,medium,"The ""Flavia"" branding/label is physically on the clutch itself or on an attached tag/label associated with the clutch (not a separate caption or overlay).",low,,low,,medium,The khaki color is visible on the main exterior panels of the clutch (not only on minor accents).,low,,low,,low,,low,,low,,low,,low,,low,,low,,low,,low,,high,"If the brand name is readable, it is spelled ""Flavia""."
81,"Ravenna Home Alpine Upholstered High-Leg Recliner Chair, 39""W, Steel Blue","{""level_1"": {""existence"": {""importance"": ""high"", ""facts"": [""A single recliner chair is depicted.""]}, ""counting"": {""importance"": ""medium"", ""facts"": [""Exactly one chair is shown.""]}, ""relation"": {""importance"": ""low"", ""facts"": []}, ""shape"": {""importance"": ""high"", ""facts"": [""The object has the overall form of an upholstered armchair (seat, backrest, and armrests).""]}, ""size"": {""importance"": ""low"", ""facts"": []}, ""color"": {""importance"": ""high"", ""facts"": [""The chair’s upholstery is steel blue (a muted blue tone).""]}, ""posture"": {""importance"": ""low"", ""facts"": []}, ""scene"": {""importance"": ""low"", ""facts"": []}, ""others"": {""importance"": ""low"", ""facts"": []}}, ""level_2"": {""existence"": {""importance"": ""high"", ""facts"": [""The chair is upholstered (its visible surfaces are covered in fabric/leather-like material rather than bare wood/metal)."", ""The chair has visible legs that elevate it off the floor (high-leg style).""]}, ""counting"": {""importance"": ""medium"", ""facts"": [""The chair has four visible legs supporting it.""]}, ""relation"": {""importance"": ""high"", ""facts"": [""The backrest is attached behind the seat."", ""Two armrests are positioned on the left and right sides of the seat.""]}, ""shape"": {""importance"": ""medium"", ""facts"": [""The chair has a cushioned seat and a cushioned backrest.""]}, ""size"": {""importance"": ""low"", ""facts"": []}, ""color"": {""importance"": ""high"", ""facts"": [""The dominant visible upholstery color across the chair is steel blue (not a different primary color).""]}, ""posture"": {""importance"": ""medium"", ""facts"": [""The chair is shown in a plausible usable orientation (upright on its legs).""]}, ""scene"": {""importance"": ""low"", ""facts"": []}, ""others"": {""importance"": ""low"", ""facts"": []}}, ""level_3"": {""existence"": {""importance"": ""high"", ""facts"": [""The chair includes a recliner mechanism indicated by a visible extending footrest and/or a reclining back.""]}, ""counting"": {""importance"": ""low"", ""facts"": []}, ""relation"": {""importance"": ""medium"", ""facts"": [""If a footrest is shown extended, it extends from the front of the chair beneath the seat.""]}, ""shape"": {""importance"": ""low"", ""facts"": []}, ""size"": {""importance"": ""low"", ""facts"": []}, ""color"": {""importance"": ""low"", ""facts"": []}, ""posture"": {""importance"": ""low"", ""facts"": []}, ""scene"": {""importance"": ""low"", ""facts"": []}, ""others"": {""importance"": ""low"", ""facts"": [""If any product name/brand text is visible on the chair or in the image, it includes the words \""Ravenna Home\"" and \""Alpine\"".""]}}}","{
  ""level_1"": {
    ""existence"": {
      ""importance"": ""high"",
      ""facts"": [
        ""A single recliner chair is depicted.""
      ]
    },
    ""counting"": {
      ""importance"": ""medium"",
      ""facts"": [
        ""Exactly one chair is shown.""
      ]
    },
    ""relation"": {
      ""importance"": ""low"",
      ""facts"": []
    },
    ""shape"": {
      ""importance"": ""high"",
      ""facts"": [
        ""The object has the overall form of an upholstered armchair (seat, backrest, and armrests).""
      ]
    },
    ""size"": {
      ""importance"": ""low"",
      ""facts"": []
    },
    ""color"": {
      ""importance"": ""high"",
      ""facts"": [
        ""The chair’s upholstery is steel blue (a muted blue tone).""
      ]
    },
    ""posture"": {
      ""importance"": ""low"",
      ""facts"": []
    },
    ""scene"": {
      ""importance"": ""low"",
      ""facts"": []
    },
    ""others"": {
      ""importance"": ""low"",
      ""facts"": []
    }
  },
  ""level_2"": {
    ""existence"": {
      ""importance"": ""high"",
      ""facts"": [
        ""The chair is upholstered (its visible surfaces are covered in fabric/leather-like material rather than bare wood/metal)."",
        ""The chair has visible legs that elevate it off the floor (high-leg style).""
      ]
    },
    ""counting"": {
      ""importance"": ""medium"",
      ""facts"": [
        ""The chair has four visible legs supporting it.""
      ]
    },
    ""relation"": {
      ""importance"": ""high"",
      ""facts"": [
        ""The backrest is attached behind the seat."",
        ""Two armrests are positioned on the left and right sides of the seat.""
      ]
    },
    ""shape"": {
      ""importance"": ""medium"",
      ""facts"": [
        ""The chair has a cushioned seat and a cushioned backrest.""
      ]
    },
    ""size"": {
      ""importance"": ""low"",
      ""facts"": []
    },
    ""color"": {
      ""importance"": ""high"",
      ""facts"": [
        ""The dominant visible upholstery color across the chair is steel blue (not a different primary color).""
      ]
    },
    ""posture"": {
      ""importance"": ""medium"",
      ""facts"": [
        ""The chair is shown in a plausible usable orientation (upright on its legs).""
      ]
    },
    ""scene"": {
      ""importance"": ""low"",
      ""facts"": []
    },
    ""others"": {
      ""importance"": ""low"",
      ""facts"": []
    }
  },
  ""level_3"": {
    ""existence"": {
      ""importance"": ""high"",
      ""facts"": [
        ""The chair includes a recliner mechanism indicated by a visible extending footrest and/or a reclining back.""
      ]
    },
    ""counting"": {
      ""importance"": ""low"",
      ""facts"": []
    },
    ""relation"": {
      ""importance"": ""medium"",
      ""facts"": [
        ""If a footrest is shown extended, it extends from the front of the chair beneath the seat.""
      ]
    },
    ""shape"": {
      ""importance"": ""low"",
      ""facts"": []
    },
    ""size"": {
      ""importance"": ""low"",
      ""facts"": []
    },
    ""color"": {
      ""importance"": ""low"",
      ""facts"": []
    },
    ""posture"": {
      ""importance"": ""low"",
      ""facts"": []
    },
    ""scene"": {
      ""importance"": ""low"",
      ""facts"": []
    },
    ""others"": {
      ""importance"": ""low"",
      ""facts"": [
        ""If any product name/brand text is visible on the chair or in the image, it includes the words \""Ravenna Home\"" and \""Alpine\"".""
      ]
    }
  }
}",high,A single recliner chair is depicted.,medium,Exactly one chair is shown.,low,,high,"The object has the overall form of an upholstered armchair (seat, backrest, and armrests).",low,,high,The chair’s upholstery is steel blue (a muted blue tone).,low,,low,,low,,high,The chair is upholstered (its visible surfaces are covered in fabric/leather-like material rather than bare wood/metal). | The chair has visible legs that elevate it off the floor (high-leg style).,medium,The chair has four visible legs supporting it.,high,The backrest is attached behind the seat. | Two armrests are positioned on the left and right sides of the seat.,medium,The chair has a cushioned seat and a cushioned backrest.,low,,high,The dominant visible upholstery color across the chair is steel blue (not a different primary color).,medium,The chair is shown in a plausible usable orientation (upright on its legs).,low,,low,,high,The chair includes a recliner mechanism indicated by a visible extending footrest and/or a reclining back.,low,,medium,"If a footrest is shown extended, it extends from the front of the chair beneath the seat.",low,,low,,low,,low,,low,,low,"If any product name/brand text is visible on the chair or in the image, it includes the words ""Ravenna Home"" and ""Alpine""."
82,AmazonBasics Conscious Series Cool-Touch Rayon Bamboo Mattress Topper,"{""level_1"": {""existence"": {""importance"": ""high"", ""facts"": [""A mattress topper product is depicted (a padded layer intended to sit on top of a mattress)."", ""Branding/labeling is visible that identifies the product as an AmazonBasics item.""]}, ""counting"": {""importance"": ""medium"", ""facts"": [""Exactly one mattress topper product is shown as the main subject.""]}, ""relation"": {""importance"": ""high"", ""facts"": [""If a bed is shown, the topper is positioned on top of a mattress (not underneath it).""]}, ""shape"": {""importance"": ""medium"", ""facts"": [""The topper appears as a flat, rectangular padded pad.""]}, ""size"": {""importance"": ""low"", ""facts"": []}, ""color"": {""importance"": ""low"", ""facts"": []}, ""posture"": {""importance"": ""low"", ""facts"": []}, ""scene"": {""importance"": ""low"", ""facts"": []}, ""others"": {""importance"": ""high"", ""facts"": [""Visible text on the product/packaging/label indicates it is an \""AmazonBasics Conscious Series Cool-Touch Rayon Bamboo Mattress Topper\"" (the product is identifiable from what is visible in the image).""]}}, ""level_2"": {""existence"": {""importance"": ""high"", ""facts"": [""A visible label/tag/packaging panel includes the words \""AmazonBasics\""."", ""A visible label/tag/packaging panel includes the words \""Conscious Series\""."", ""A visible label/tag/packaging panel includes the words \""Mattress Topper\"".""]}, ""counting"": {""importance"": ""low"", ""facts"": []}, ""relation"": {""importance"": ""medium"", ""facts"": [""The identifying text appears on the topper itself (tag/label) and/or on its retail packaging shown in the image.""]}, ""shape"": {""importance"": ""medium"", ""facts"": [""The topper has a padded, fabric-covered surface (not a bare foam slab).""]}, ""size"": {""importance"": ""low"", ""facts"": []}, ""color"": {""importance"": ""low"", ""facts"": []}, ""posture"": {""importance"": ""low"", ""facts"": []}, ""scene"": {""importance"": ""low"", ""facts"": []}, ""others"": {""importance"": ""high"", ""facts"": [""Visible text on the product/packaging/label includes the phrase \""Cool-Touch\""."", ""Visible text on the product/packaging/label includes the words \""Rayon\"" and \""Bamboo\"" (or the phrase \""Rayon Bamboo\"").""]}}, ""level_3"": {""existence"": {""importance"": ""low"", ""facts"": []}, ""counting"": {""importance"": ""low"", ""facts"": []}, ""relation"": {""importance"": ""low"", ""facts"": []}, ""shape"": {""importance"": ""low"", ""facts"": []}, ""size"": {""importance"": ""low"", ""facts"": []}, ""color"": {""importance"": ""low"", ""facts"": []}, ""posture"": {""importance"": ""low"", ""facts"": []}, ""scene"": {""importance"": ""low"", ""facts"": []}, ""others"": {""importance"": ""medium"", ""facts"": [""The full combined product name \""AmazonBasics Conscious Series Cool-Touch Rayon Bamboo Mattress Topper\"" is readable in the image on a label/tag/packaging (not just partial words).""]}}}","{""level_1"":{""existence"":{""importance"":""high"",""facts"":[""A mattress topper product is depicted (a padded layer intended to sit on top of a mattress)."",""Branding/labeling is visible that identifies the product as an AmazonBasics item.""]},""counting"":{""importance"":""medium"",""facts"":[""Exactly one mattress topper product is shown as the main subject.""]},""relation"":{""importance"":""high"",""facts"":[""If a bed is shown, the topper is positioned on top of a mattress (not underneath it).""]},""shape"":{""importance"":""medium"",""facts"":[""The topper appears as a flat, rectangular padded pad.""]},""size"":{""importance"":""low"",""facts"":[]},""color"":{""importance"":""low"",""facts"":[]},""posture"":{""importance"":""low"",""facts"":[]},""scene"":{""importance"":""low"",""facts"":[]},""others"":{""importance"":""high"",""facts"":[""Visible text on the product/packaging/label indicates it is an \""AmazonBasics Conscious Series Cool-Touch Rayon Bamboo Mattress Topper\"" (the product is identifiable from what is visible in the image).""]}},""level_2"":{""existence"":{""importance"":""high"",""facts"":[""A visible label/tag/packaging panel includes the words \""AmazonBasics\""."",""A visible label/tag/packaging panel includes the words \""Conscious Series\""."",""A visible label/tag/packaging panel includes the words \""Mattress Topper\"".""]},""counting"":{""importance"":""low"",""facts"":[]},""relation"":{""importance"":""medium"",""facts"":[""The identifying text appears on the topper itself (tag/label) and/or on its retail packaging shown in the image.""]},""shape"":{""importance"":""medium"",""facts"":[""The topper has a padded, fabric-covered surface (not a bare foam slab).""]},""size"":{""importance"":""low"",""facts"":[]},""color"":{""importance"":""low"",""facts"":[]},""posture"":{""importance"":""low"",""facts"":[]},""scene"":{""importance"":""low"",""facts"":[]},""others"":{""importance"":""high"",""facts"":[""Visible text on the product/packaging/label includes the phrase \""Cool-Touch\""."",""Visible text on the product/packaging/label includes the words \""Rayon\"" and \""Bamboo\"" (or the phrase \""Rayon Bamboo\"").""]}},""level_3"":{""existence"":{""importance"":""low"",""facts"":[]},""counting"":{""importance"":""low"",""facts"":[]},""relation"":{""importance"":""low"",""facts"":[]},""shape"":{""importance"":""low"",""facts"":[]},""size"":{""importance"":""low"",""facts"":[]},""color"":{""importance"":""low"",""facts"":[]},""posture"":{""importance"":""low"",""facts"":[]},""scene"":{""importance"":""low"",""facts"":[]},""others"":{""importance"":""medium"",""facts"":[""The full combined product name \""AmazonBasics Conscious Series Cool-Touch Rayon Bamboo Mattress Topper\"" is readable in the image on a label/tag/packaging (not just partial words).""]}}}",high,A mattress topper product is depicted (a padded layer intended to sit on top of a mattress). | Branding/labeling is visible that identifies the product as an AmazonBasics item.,medium,Exactly one mattress topper product is shown as the main subject.,high,"If a bed is shown, the topper is positioned on top of a mattress (not underneath it).",medium,"The topper appears as a flat, rectangular padded pad.",low,,low,,low,,low,,high,"Visible text on the product/packaging/label indicates it is an ""AmazonBasics Conscious Series Cool-Touch Rayon Bamboo Mattress Topper"" (the product is identifiable from what is visible in the image).",high,"A visible label/tag/packaging panel includes the words ""AmazonBasics"". | A visible label/tag/packaging panel includes the words ""Conscious Series"". | A visible label/tag/packaging panel includes the words ""Mattress Topper"".",low,,medium,The identifying text appears on the topper itself (tag/label) and/or on its retail packaging shown in the image.,medium,"The topper has a padded, fabric-covered surface (not a bare foam slab).",low,,low,,low,,low,,high,"Visible text on the product/packaging/label includes the phrase ""Cool-Touch"". | Visible text on the product/packaging/label includes the words ""Rayon"" and ""Bamboo"" (or the phrase ""Rayon Bamboo"").",low,,low,,low,,low,,low,,low,,low,,low,,medium,"The full combined product name ""AmazonBasics Conscious Series Cool-Touch Rayon Bamboo Mattress Topper"" is readable in the image on a label/tag/packaging (not just partial words)."
84,Belini Women's Bs147 Tan Flip-Flops-3 UK (36 EU) (BS147TAN3),"{""level_1"": {""existence"": {""importance"": ""high"", ""facts"": [""Flip-flop footwear is shown.""]}, ""counting"": {""importance"": ""medium"", ""facts"": [""A matching pair of flip-flops (left and right) is shown.""]}, ""relation"": {""importance"": ""low"", ""facts"": []}, ""shape"": {""importance"": ""high"", ""facts"": [""Each flip-flop has an open-toe design with a thong-style strap (a Y-shaped strap that would pass between the big toe and second toe).""]}, ""size"": {""importance"": ""low"", ""facts"": []}, ""color"": {""importance"": ""high"", ""facts"": [""The flip-flops are tan in color.""]}, ""posture"": {""importance"": ""low"", ""facts"": []}, ""scene"": {""importance"": ""low"", ""facts"": []}, ""others"": {""importance"": ""low"", ""facts"": []}}, ""level_2"": {""existence"": {""importance"": ""medium"", ""facts"": [""A sole/footbed is visible on each flip-flop."", ""A strap is visible on each flip-flop.""]}, ""counting"": {""importance"": ""low"", ""facts"": []}, ""relation"": {""importance"": ""medium"", ""facts"": [""Each flip-flop’s strap is attached to the sole at three points (two near the sides and one near the toe area), consistent with thong flip-flops.""]}, ""shape"": {""importance"": ""medium"", ""facts"": [""The soles have a typical flip-flop outline (wider at the forefoot, narrower at the heel).""]}, ""size"": {""importance"": ""medium"", ""facts"": [""A visible size marking or label indicates UK size 3 and EU size 36.""]}, ""color"": {""importance"": ""medium"", ""facts"": [""The strap appears tan (matching or closely matching the tan sole/footbed).""]}, ""posture"": {""importance"": ""low"", ""facts"": []}, ""scene"": {""importance"": ""low"", ""facts"": []}, ""others"": {""importance"": ""medium"", ""facts"": [""Visible branding/labeling identifies the brand name as \""Belini\"".""]}}, ""level_3"": {""existence"": {""importance"": ""low"", ""facts"": []}, ""counting"": {""importance"": ""low"", ""facts"": []}, ""relation"": {""importance"": ""low"", ""facts"": []}, ""shape"": {""importance"": ""low"", ""facts"": []}, ""size"": {""importance"": ""low"", ""facts"": []}, ""color"": {""importance"": ""low"", ""facts"": []}, ""posture"": {""importance"": ""low"", ""facts"": []}, ""scene"": {""importance"": ""low"", ""facts"": []}, ""others"": {""importance"": ""high"", ""facts"": [""Visible text (on the product, a tag, or packaging shown in the image) includes the model identifier \""BS147\""."", ""Visible text (on the product, a tag, or packaging shown in the image) includes the size notation \""3 UK\"" and \""36 EU\""."", ""Visible text (on the product, a tag, or packaging shown in the image) includes the code \""BS147TAN3\"".""]}}}","{
  ""level_1"": {
    ""existence"": {
      ""importance"": ""high"",
      ""facts"": [
        ""Flip-flop footwear is shown.""
      ]
    },
    ""counting"": {
      ""importance"": ""medium"",
      ""facts"": [
        ""A matching pair of flip-flops (left and right) is shown.""
      ]
    },
    ""relation"": {
      ""importance"": ""low"",
      ""facts"": []
    },
    ""shape"": {
      ""importance"": ""high"",
      ""facts"": [
        ""Each flip-flop has an open-toe design with a thong-style strap (a Y-shaped strap that would pass between the big toe and second toe).""
      ]
    },
    ""size"": {
      ""importance"": ""low"",
      ""facts"": []
    },
    ""color"": {
      ""importance"": ""high"",
      ""facts"": [
        ""The flip-flops are tan in color.""
      ]
    },
    ""posture"": {
      ""importance"": ""low"",
      ""facts"": []
    },
    ""scene"": {
      ""importance"": ""low"",
      ""facts"": []
    },
    ""others"": {
      ""importance"": ""low"",
      ""facts"": []
    }
  },
  ""level_2"": {
    ""existence"": {
      ""importance"": ""medium"",
      ""facts"": [
        ""A sole/footbed is visible on each flip-flop."",
        ""A strap is visible on each flip-flop.""
      ]
    },
    ""counting"": {
      ""importance"": ""low"",
      ""facts"": []
    },
    ""relation"": {
      ""importance"": ""medium"",
      ""facts"": [
        ""Each flip-flop’s strap is attached to the sole at three points (two near the sides and one near the toe area), consistent with thong flip-flops.""
      ]
    },
    ""shape"": {
      ""importance"": ""medium"",
      ""facts"": [
        ""The soles have a typical flip-flop outline (wider at the forefoot, narrower at the heel).""
      ]
    },
    ""size"": {
      ""importance"": ""medium"",
      ""facts"": [
        ""A visible size marking or label indicates UK size 3 and EU size 36.""
      ]
    },
    ""color"": {
      ""importance"": ""medium"",
      ""facts"": [
        ""The strap appears tan (matching or closely matching the tan sole/footbed).""
      ]
    },
    ""posture"": {
      ""importance"": ""low"",
      ""facts"": []
    },
    ""scene"": {
      ""importance"": ""low"",
      ""facts"": []
    },
    ""others"": {
      ""importance"": ""medium"",
      ""facts"": [
        ""Visible branding/labeling identifies the brand name as \""Belini\"".""
      ]
    }
  },
  ""level_3"": {
    ""existence"": {
      ""importance"": ""low"",
      ""facts"": []
    },
    ""counting"": {
      ""importance"": ""low"",
      ""facts"": []
    },
    ""relation"": {
      ""importance"": ""low"",
      ""facts"": []
    },
    ""shape"": {
      ""importance"": ""low"",
      ""facts"": []
    },
    ""size"": {
      ""importance"": ""low"",
      ""facts"": []
    },
    ""color"": {
      ""importance"": ""low"",
      ""facts"": []
    },
    ""posture"": {
      ""importance"": ""low"",
      ""facts"": []
    },
    ""scene"": {
      ""importance"": ""low"",
      ""facts"": []
    },
    ""others"": {
      ""importance"": ""high"",
      ""facts"": [
        ""Visible text (on the product, a tag, or packaging shown in the image) includes the model identifier \""BS147\""."",
        ""Visible text (on the product, a tag, or packaging shown in the image) includes the size notation \""3 UK\"" and \""36 EU\""."",
        ""Visible text (on the product, a tag, or packaging shown in the image) includes the code \""BS147TAN3\"".""
      ]
    }
  }
}",high,Flip-flop footwear is shown.,medium,A matching pair of flip-flops (left and right) is shown.,low,,high,Each flip-flop has an open-toe design with a thong-style strap (a Y-shaped strap that would pass between the big toe and second toe).,low,,high,The flip-flops are tan in color.,low,,low,,low,,medium,A sole/footbed is visible on each flip-flop. | A strap is visible on each flip-flop.,low,,medium,"Each flip-flop’s strap is attached to the sole at three points (two near the sides and one near the toe area), consistent with thong flip-flops.",medium,"The soles have a typical flip-flop outline (wider at the forefoot, narrower at the heel).",medium,A visible size marking or label indicates UK size 3 and EU size 36.,medium,The strap appears tan (matching or closely matching the tan sole/footbed).,low,,low,,medium,"Visible branding/labeling identifies the brand name as ""Belini"".",low,,low,,low,,low,,low,,low,,low,,low,,high,"Visible text (on the product, a tag, or packaging shown in the image) includes the model identifier ""BS147"". | Visible text (on the product, a tag, or packaging shown in the image) includes the size notation ""3 UK"" and ""36 EU"". | Visible text (on the product, a tag, or packaging shown in the image) includes the code ""BS147TAN3""."
85,Amazon Collection Swarovski Zirconia Freshwater Cultured Pearl Platinum Plated Sterling Silver ka-buinpuratinaringu (1Cttw) Japanese Size 9 – (US Size 5),"{""level_1"": {""existence"": {""importance"": ""high"", ""facts"": [""A ring is depicted.""]}, ""counting"": {""importance"": ""medium"", ""facts"": [""Exactly one ring is shown.""]}, ""relation"": {""importance"": ""low"", ""facts"": []}, ""shape"": {""importance"": ""high"", ""facts"": [""The jewelry item has a continuous circular band shape consistent with a finger ring.""]}, ""size"": {""importance"": ""low"", ""facts"": []}, ""color"": {""importance"": ""medium"", ""facts"": [""The image is in color.""]}, ""posture"": {""importance"": ""low"", ""facts"": []}, ""scene"": {""importance"": ""low"", ""facts"": []}, ""others"": {""importance"": ""low"", ""facts"": []}}, ""level_2"": {""existence"": {""importance"": ""high"", ""facts"": [""A pearl is present as part of the ring."", ""At least one clear/white faceted gemstone is present as part of the ring.""]}, ""counting"": {""importance"": ""low"", ""facts"": []}, ""relation"": {""importance"": ""high"", ""facts"": [""The pearl is mounted/attached to the ring band."", ""The clear/white faceted gemstone(s) are mounted/attached to the ring band.""]}, ""shape"": {""importance"": ""medium"", ""facts"": [""The pearl appears rounded (spherical/near-spherical)."", ""The gemstone(s) appear faceted (cut stone appearance).""]}, ""size"": {""importance"": ""low"", ""facts"": []}, ""color"": {""importance"": ""high"", ""facts"": [""The ring metal appears silver-toned."", ""The pearl appears white/cream-toned."", ""The gemstone(s) appear clear/white.""]}, ""posture"": {""importance"": ""low"", ""facts"": []}, ""scene"": {""importance"": ""low"", ""facts"": []}, ""others"": {""importance"": ""low"", ""facts"": []}}, ""level_3"": {""existence"": {""importance"": ""low"", ""facts"": []}, ""counting"": {""importance"": ""low"", ""facts"": []}, ""relation"": {""importance"": ""low"", ""facts"": []}, ""shape"": {""importance"": ""low"", ""facts"": []}, ""size"": {""importance"": ""low"", ""facts"": []}, ""color"": {""importance"": ""low"", ""facts"": []}, ""posture"": {""importance"": ""low"", ""facts"": []}, ""scene"": {""importance"": ""low"", ""facts"": []}, ""others"": {""importance"": ""low"", ""facts"": []}}}","{
  ""level_1"": {
    ""existence"": {
      ""importance"": ""high"",
      ""facts"": [
        ""A ring is depicted.""
      ]
    },
    ""counting"": {
      ""importance"": ""medium"",
      ""facts"": [
        ""Exactly one ring is shown.""
      ]
    },
    ""relation"": {
      ""importance"": ""low"",
      ""facts"": []
    },
    ""shape"": {
      ""importance"": ""high"",
      ""facts"": [
        ""The jewelry item has a continuous circular band shape consistent with a finger ring.""
      ]
    },
    ""size"": {
      ""importance"": ""low"",
      ""facts"": []
    },
    ""color"": {
      ""importance"": ""medium"",
      ""facts"": [
        ""The image is in color.""
      ]
    },
    ""posture"": {
      ""importance"": ""low"",
      ""facts"": []
    },
    ""scene"": {
      ""importance"": ""low"",
      ""facts"": []
    },
    ""others"": {
      ""importance"": ""low"",
      ""facts"": []
    }
  },
  ""level_2"": {
    ""existence"": {
      ""importance"": ""high"",
      ""facts"": [
        ""A pearl is present as part of the ring."",
        ""At least one clear/white faceted gemstone is present as part of the ring.""
      ]
    },
    ""counting"": {
      ""importance"": ""low"",
      ""facts"": []
    },
    ""relation"": {
      ""importance"": ""high"",
      ""facts"": [
        ""The pearl is mounted/attached to the ring band."",
        ""The clear/white faceted gemstone(s) are mounted/attached to the ring band.""
      ]
    },
    ""shape"": {
      ""importance"": ""medium"",
      ""facts"": [
        ""The pearl appears rounded (spherical/near-spherical)."",
        ""The gemstone(s) appear faceted (cut stone appearance).""
      ]
    },
    ""size"": {
      ""importance"": ""low"",
      ""facts"": []
    },
    ""color"": {
      ""importance"": ""high"",
      ""facts"": [
        ""The ring metal appears silver-toned."",
        ""The pearl appears white/cream-toned."",
        ""The gemstone(s) appear clear/white.""
      ]
    },
    ""posture"": {
      ""importance"": ""low"",
      ""facts"": []
    },
    ""scene"": {
      ""importance"": ""low"",
      ""facts"": []
    },
    ""others"": {
      ""importance"": ""low"",
      ""facts"": []
    }
  },
  ""level_3"": {
    ""existence"": {
      ""importance"": ""low"",
      ""facts"": []
    },
    ""counting"": {
      ""importance"": ""low"",
      ""facts"": []
    },
    ""relation"": {
      ""importance"": ""low"",
      ""facts"": []
    },
    ""shape"": {
      ""importance"": ""low"",
      ""facts"": []
    },
    ""size"": {
      ""importance"": ""low"",
      ""facts"": []
    },
    ""color"": {
      ""importance"": ""low"",
      ""facts"": []
    },
    ""posture"": {
      ""importance"": ""low"",
      ""facts"": []
    },
    ""scene"": {
      ""importance"": ""low"",
      ""facts"": []
    },
    ""others"": {
      ""importance"": ""low"",
      ""facts"": []
    }
  }
}",high,A ring is depicted.,medium,Exactly one ring is shown.,low,,high,The jewelry item has a continuous circular band shape consistent with a finger ring.,low,,medium,The image is in color.,low,,low,,low,,high,A pearl is present as part of the ring. | At least one clear/white faceted gemstone is present as part of the ring.,low,,high,The pearl is mounted/attached to the ring band. | The clear/white faceted gemstone(s) are mounted/attached to the ring band.,medium,The pearl appears rounded (spherical/near-spherical). | The gemstone(s) appear faceted (cut stone appearance).,low,,high,The ring metal appears silver-toned. | The pearl appears white/cream-toned. | The gemstone(s) appear clear/white.,low,,low,,low,,low,,low,,low,,low,,low,,low,,low,,low,,low,
86,AmazonBasics Shredder Paper and Credit Cards 8 Slotted Blades 0-9.9,"{""level_1"": {""existence"": {""importance"": ""high"", ""facts"": [""A paper/credit-card shredder machine is shown.""]}, ""counting"": {""importance"": ""medium"", ""facts"": [""Exactly one shredder machine is shown.""]}, ""relation"": {""importance"": ""low"", ""facts"": []}, ""shape"": {""importance"": ""low"", ""facts"": []}, ""size"": {""importance"": ""low"", ""facts"": []}, ""color"": {""importance"": ""low"", ""facts"": []}, ""posture"": {""importance"": ""low"", ""facts"": []}, ""scene"": {""importance"": ""low"", ""facts"": []}, ""others"": {""importance"": ""high"", ""facts"": [""The shredder is identifiable as an AmazonBasics product via visible branding/text.""]}}, ""level_2"": {""existence"": {""importance"": ""high"", ""facts"": [""The text 'AmazonBasics' appears on the shredder or on visible packaging/labeling.""]}, ""counting"": {""importance"": ""low"", ""facts"": []}, ""relation"": {""importance"": ""high"", ""facts"": [""Paper is shown being fed into the shredder or positioned directly at the shredder’s input slot in a way that indicates it is meant to be shredded."", ""A credit card is shown being fed into the shredder or positioned directly at the shredder’s input slot in a way that indicates it is meant to be shredded.""]}, ""shape"": {""importance"": ""medium"", ""facts"": [""A visible shredder input slot/opening is present.""]}, ""size"": {""importance"": ""low"", ""facts"": []}, ""color"": {""importance"": ""low"", ""facts"": []}, ""posture"": {""importance"": ""low"", ""facts"": []}, ""scene"": {""importance"": ""low"", ""facts"": []}, ""others"": {""importance"": ""high"", ""facts"": [""The text '8 Slotted Blades' appears as visible text in the image OR the shredder’s cutting mechanism is shown in a way that clearly corresponds to '8 slotted blades'."", ""The text '0-9.9' appears as visible text in the image.""]}}, ""level_3"": {""existence"": {""importance"": ""high"", ""facts"": [""If blades are shown, individual slotted blade elements are visibly present (not a single solid cutter block).""]}, ""counting"": {""importance"": ""high"", ""facts"": [""If the blades are visually depicted, exactly 8 slotted blades are visible.""]}, ""relation"": {""importance"": ""low"", ""facts"": []}, ""shape"": {""importance"": ""medium"", ""facts"": [""If the blades are visually depicted, each blade shows visible slotting/teeth/gaps consistent with being 'slotted'.""]}, ""size"": {""importance"": ""low"", ""facts"": []}, ""color"": {""importance"": ""low"", ""facts"": []}, ""posture"": {""importance"": ""low"", ""facts"": []}, ""scene"": {""importance"": ""low"", ""facts"": []}, ""others"": {""importance"": ""medium"", ""facts"": [""The text 'AmazonBasics' is spelled exactly as 'AmazonBasics' where it appears."", ""The text '0-9.9' is written exactly as '0-9.9' where it appears.""]}}}","{
  ""level_1"": {
    ""existence"": {
      ""importance"": ""high"",
      ""facts"": [
        ""A paper/credit-card shredder machine is shown.""
      ]
    },
    ""counting"": {
      ""importance"": ""medium"",
      ""facts"": [
        ""Exactly one shredder machine is shown.""
      ]
    },
    ""relation"": {
      ""importance"": ""low"",
      ""facts"": []
    },
    ""shape"": {
      ""importance"": ""low"",
      ""facts"": []
    },
    ""size"": {
      ""importance"": ""low"",
      ""facts"": []
    },
    ""color"": {
      ""importance"": ""low"",
      ""facts"": []
    },
    ""posture"": {
      ""importance"": ""low"",
      ""facts"": []
    },
    ""scene"": {
      ""importance"": ""low"",
      ""facts"": []
    },
    ""others"": {
      ""importance"": ""high"",
      ""facts"": [
        ""The shredder is identifiable as an AmazonBasics product via visible branding/text.""
      ]
    }
  },
  ""level_2"": {
    ""existence"": {
      ""importance"": ""high"",
      ""facts"": [
        ""The text 'AmazonBasics' appears on the shredder or on visible packaging/labeling.""
      ]
    },
    ""counting"": {
      ""importance"": ""low"",
      ""facts"": []
    },
    ""relation"": {
      ""importance"": ""high"",
      ""facts"": [
        ""Paper is shown being fed into the shredder or positioned directly at the shredder’s input slot in a way that indicates it is meant to be shredded."",
        ""A credit card is shown being fed into the shredder or positioned directly at the shredder’s input slot in a way that indicates it is meant to be shredded.""
      ]
    },
    ""shape"": {
      ""importance"": ""medium"",
      ""facts"": [
        ""A visible shredder input slot/opening is present.""
      ]
    },
    ""size"": {
      ""importance"": ""low"",
      ""facts"": []
    },
    ""color"": {
      ""importance"": ""low"",
      ""facts"": []
    },
    ""posture"": {
      ""importance"": ""low"",
      ""facts"": []
    },
    ""scene"": {
      ""importance"": ""low"",
      ""facts"": []
    },
    ""others"": {
      ""importance"": ""high"",
      ""facts"": [
        ""The text '8 Slotted Blades' appears as visible text in the image OR the shredder’s cutting mechanism is shown in a way that clearly corresponds to '8 slotted blades'."",
        ""The text '0-9.9' appears as visible text in the image.""
      ]
    }
  },
  ""level_3"": {
    ""existence"": {
      ""importance"": ""high"",
      ""facts"": [
        ""If blades are shown, individual slotted blade elements are visibly present (not a single solid cutter block).""
      ]
    },
    ""counting"": {
      ""importance"": ""high"",
      ""facts"": [
        ""If the blades are visually depicted, exactly 8 slotted blades are visible.""
      ]
    },
    ""relation"": {
      ""importance"": ""low"",
      ""facts"": []
    },
    ""shape"": {
      ""importance"": ""medium"",
      ""facts"": [
        ""If the blades are visually depicted, each blade shows visible slotting/teeth/gaps consistent with being 'slotted'.""
      ]
    },
    ""size"": {
      ""importance"": ""low"",
      ""facts"": []
    },
    ""color"": {
      ""importance"": ""low"",
      ""facts"": []
    },
    ""posture"": {
      ""importance"": ""low"",
      ""facts"": []
    },
    ""scene"": {
      ""importance"": ""low"",
      ""facts"": []
    },
    ""others"": {
      ""importance"": ""medium"",
      ""facts"": [
        ""The text 'AmazonBasics' is spelled exactly as 'AmazonBasics' where it appears."",
        ""The text '0-9.9' is written exactly as '0-9.9' where it appears.""
      ]
    }
  }
}",high,A paper/credit-card shredder machine is shown.,medium,Exactly one shredder machine is shown.,low,,low,,low,,low,,low,,low,,high,The shredder is identifiable as an AmazonBasics product via visible branding/text.,high,The text 'AmazonBasics' appears on the shredder or on visible packaging/labeling.,low,,high,Paper is shown being fed into the shredder or positioned directly at the shredder’s input slot in a way that indicates it is meant to be shredded. | A credit card is shown being fed into the shredder or positioned directly at the shredder’s input slot in a way that indicates it is meant to be shredded.,medium,A visible shredder input slot/opening is present.,low,,low,,low,,low,,high,The text '8 Slotted Blades' appears as visible text in the image OR the shredder’s cutting mechanism is shown in a way that clearly corresponds to '8 slotted blades'. | The text '0-9.9' appears as visible text in the image.,high,"If blades are shown, individual slotted blade elements are visibly present (not a single solid cutter block).",high,"If the blades are visually depicted, exactly 8 slotted blades are visible.",low,,medium,"If the blades are visually depicted, each blade shows visible slotting/teeth/gaps consistent with being 'slotted'.",low,,low,,low,,low,,medium,The text 'AmazonBasics' is spelled exactly as 'AmazonBasics' where it appears. | The text '0-9.9' is written exactly as '0-9.9' where it appears.
87,"AmazonBasics SX-75QTZ Enamelled Cast Iron Dutch Oven - 6.9 l , Purple","{""level_1"": {""existence"": {""importance"": ""high"", ""facts"": [""A Dutch oven (a lidded cooking pot) is shown.""]}, ""counting"": {""importance"": ""medium"", ""facts"": [""Exactly one Dutch oven is shown.""]}, ""relation"": {""importance"": ""high"", ""facts"": [""A lid is shown with the pot (the pot is depicted as lidded).""]}, ""shape"": {""importance"": ""high"", ""facts"": [""The main vessel is a deep pot suitable for a Dutch oven (not a shallow pan).""]}, ""size"": {""importance"": ""low"", ""facts"": []}, ""color"": {""importance"": ""high"", ""facts"": [""The Dutch oven is purple.""]}, ""posture"": {""importance"": ""low"", ""facts"": []}, ""scene"": {""importance"": ""low"", ""facts"": []}, ""others"": {""importance"": ""high"", ""facts"": [""The product is identifiable in the image as an AmazonBasics item (the word 'AmazonBasics' is visible on the product and/or its packaging/label).""]}}, ""level_2"": {""existence"": {""importance"": ""high"", ""facts"": [""The lid has a central knob/handle.""]}, ""counting"": {""importance"": ""high"", ""facts"": [""The pot has two side handles (one on each side).""]}, ""relation"": {""importance"": ""high"", ""facts"": [""The lid is positioned on top of the pot (closed), or is shown immediately adjacent as the matching lid for that pot.""]}, ""shape"": {""importance"": ""medium"", ""facts"": [""The pot and lid have smooth, continuous surfaces consistent with an enamel-coated vessel (not raw unfinished metal).""]}, ""size"": {""importance"": ""low"", ""facts"": []}, ""color"": {""importance"": ""high"", ""facts"": [""Both the lid and the pot body are purple.""]}, ""posture"": {""importance"": ""low"", ""facts"": []}, ""scene"": {""importance"": ""low"", ""facts"": []}, ""others"": {""importance"": ""high"", ""facts"": [""The model identifier 'SX-75QTZ' is visible as text on the product and/or packaging/label.""]}}, ""level_3"": {""existence"": {""importance"": ""low"", ""facts"": []}, ""counting"": {""importance"": ""low"", ""facts"": []}, ""relation"": {""importance"": ""low"", ""facts"": []}, ""shape"": {""importance"": ""low"", ""facts"": []}, ""size"": {""importance"": ""high"", ""facts"": [""The capacity '6.9 l' (or '6.9 L') is visible as text on the product and/or packaging/label.""]}, ""color"": {""importance"": ""low"", ""facts"": []}, ""posture"": {""importance"": ""low"", ""facts"": []}, ""scene"": {""importance"": ""low"", ""facts"": []}, ""others"": {""importance"": ""medium"", ""facts"": [""The phrase 'Enamelled Cast Iron Dutch Oven' is visible as text on the product and/or packaging/label.""]}}}","{
  ""level_1"": {
    ""existence"": {
      ""importance"": ""high"",
      ""facts"": [
        ""A Dutch oven (a lidded cooking pot) is shown.""
      ]
    },
    ""counting"": {
      ""importance"": ""medium"",
      ""facts"": [
        ""Exactly one Dutch oven is shown.""
      ]
    },
    ""relation"": {
      ""importance"": ""high"",
      ""facts"": [
        ""A lid is shown with the pot (the pot is depicted as lidded).""
      ]
    },
    ""shape"": {
      ""importance"": ""high"",
      ""facts"": [
        ""The main vessel is a deep pot suitable for a Dutch oven (not a shallow pan).""
      ]
    },
    ""size"": {
      ""importance"": ""low"",
      ""facts"": []
    },
    ""color"": {
      ""importance"": ""high"",
      ""facts"": [
        ""The Dutch oven is purple.""
      ]
    },
    ""posture"": {
      ""importance"": ""low"",
      ""facts"": []
    },
    ""scene"": {
      ""importance"": ""low"",
      ""facts"": []
    },
    ""others"": {
      ""importance"": ""high"",
      ""facts"": [
        ""The product is identifiable in the image as an AmazonBasics item (the word 'AmazonBasics' is visible on the product and/or its packaging/label).""
      ]
    }
  },
  ""level_2"": {
    ""existence"": {
      ""importance"": ""high"",
      ""facts"": [
        ""The lid has a central knob/handle.""
      ]
    },
    ""counting"": {
      ""importance"": ""high"",
      ""facts"": [
        ""The pot has two side handles (one on each side).""
      ]
    },
    ""relation"": {
      ""importance"": ""high"",
      ""facts"": [
        ""The lid is positioned on top of the pot (closed), or is shown immediately adjacent as the matching lid for that pot.""
      ]
    },
    ""shape"": {
      ""importance"": ""medium"",
      ""facts"": [
        ""The pot and lid have smooth, continuous surfaces consistent with an enamel-coated vessel (not raw unfinished metal).""
      ]
    },
    ""size"": {
      ""importance"": ""low"",
      ""facts"": []
    },
    ""color"": {
      ""importance"": ""high"",
      ""facts"": [
        ""Both the lid and the pot body are purple.""
      ]
    },
    ""posture"": {
      ""importance"": ""low"",
      ""facts"": []
    },
    ""scene"": {
      ""importance"": ""low"",
      ""facts"": []
    },
    ""others"": {
      ""importance"": ""high"",
      ""facts"": [
        ""The model identifier 'SX-75QTZ' is visible as text on the product and/or packaging/label.""
      ]
    }
  },
  ""level_3"": {
    ""existence"": {
      ""importance"": ""low"",
      ""facts"": []
    },
    ""counting"": {
      ""importance"": ""low"",
      ""facts"": []
    },
    ""relation"": {
      ""importance"": ""low"",
      ""facts"": []
    },
    ""shape"": {
      ""importance"": ""low"",
      ""facts"": []
    },
    ""size"": {
      ""importance"": ""high"",
      ""facts"": [
        ""The capacity '6.9 l' (or '6.9 L') is visible as text on the product and/or packaging/label.""
      ]
    },
    ""color"": {
      ""importance"": ""low"",
      ""facts"": []
    },
    ""posture"": {
      ""importance"": ""low"",
      ""facts"": []
    },
    ""scene"": {
      ""importance"": ""low"",
      ""facts"": []
    },
    ""others"": {
      ""importance"": ""medium"",
      ""facts"": [
        ""The phrase 'Enamelled Cast Iron Dutch Oven' is visible as text on the product and/or packaging/label.""
      ]
    }
  }
}",high,A Dutch oven (a lidded cooking pot) is shown.,medium,Exactly one Dutch oven is shown.,high,A lid is shown with the pot (the pot is depicted as lidded).,high,The main vessel is a deep pot suitable for a Dutch oven (not a shallow pan).,low,,high,The Dutch oven is purple.,low,,low,,high,The product is identifiable in the image as an AmazonBasics item (the word 'AmazonBasics' is visible on the product and/or its packaging/label).,high,The lid has a central knob/handle.,high,The pot has two side handles (one on each side).,high,"The lid is positioned on top of the pot (closed), or is shown immediately adjacent as the matching lid for that pot.",medium,"The pot and lid have smooth, continuous surfaces consistent with an enamel-coated vessel (not raw unfinished metal).",low,,high,Both the lid and the pot body are purple.,low,,low,,high,The model identifier 'SX-75QTZ' is visible as text on the product and/or packaging/label.,low,,low,,low,,low,,high,The capacity '6.9 l' (or '6.9 L') is visible as text on the product and/or packaging/label.,low,,low,,low,,medium,The phrase 'Enamelled Cast Iron Dutch Oven' is visible as text on the product and/or packaging/label.
90,"AmazonBasics Air Freshener Refill, Lavender, 1-Gallon, 144-Pack","{""level_1"": {""existence"": {""importance"": ""high"", ""facts"": [""A product/package is shown that is identifiable as an air freshener refill.""]}, ""counting"": {""importance"": ""low"", ""facts"": []}, ""relation"": {""importance"": ""low"", ""facts"": []}, ""shape"": {""importance"": ""low"", ""facts"": []}, ""size"": {""importance"": ""low"", ""facts"": []}, ""color"": {""importance"": ""low"", ""facts"": []}, ""posture"": {""importance"": ""low"", ""facts"": []}, ""scene"": {""importance"": ""low"", ""facts"": []}, ""others"": {""importance"": ""low"", ""facts"": []}}, ""level_2"": {""existence"": {""importance"": ""high"", ""facts"": [""AmazonBasics branding is visible on the product/package."", ""The product/package indicates the scent/flavor as lavender."", ""The product/package indicates it is an air freshener refill."", ""The product/package indicates a 1-gallon size/volume."", ""The product/package indicates a 144-pack quantity.""]}, ""counting"": {""importance"": ""medium"", ""facts"": [""If individual refill units are shown rather than only an outer carton/label, the depiction is consistent with a 144-count pack (e.g., a case labeled 144 or a large multi-unit case).""]}, ""relation"": {""importance"": ""low"", ""facts"": []}, ""shape"": {""importance"": ""low"", ""facts"": []}, ""size"": {""importance"": ""low"", ""facts"": []}, ""color"": {""importance"": ""low"", ""facts"": []}, ""posture"": {""importance"": ""low"", ""facts"": []}, ""scene"": {""importance"": ""low"", ""facts"": []}, ""others"": {""importance"": ""medium"", ""facts"": [""The visible labeling includes the key product descriptors (brand, air freshener refill, lavender, 1-gallon, 144-pack) in readable form.""]}}, ""level_3"": {""existence"": {""importance"": ""low"", ""facts"": []}, ""counting"": {""importance"": ""low"", ""facts"": []}, ""relation"": {""importance"": ""low"", ""facts"": []}, ""shape"": {""importance"": ""low"", ""facts"": []}, ""size"": {""importance"": ""low"", ""facts"": []}, ""color"": {""importance"": ""low"", ""facts"": []}, ""posture"": {""importance"": ""low"", ""facts"": []}, ""scene"": {""importance"": ""low"", ""facts"": []}, ""others"": {""importance"": ""high"", ""facts"": [""Readable text on the product/package includes: \""AmazonBasics\"", \""Air Freshener Refill\"", \""Lavender\"", \""1-Gallon\"", and \""144-Pack\"" (or visually equivalent numerals/abbreviations conveying the same information).""]}}}","{
  ""level_1"": {
    ""existence"": {
      ""importance"": ""high"",
      ""facts"": [
        ""A product/package is shown that is identifiable as an air freshener refill.""
      ]
    },
    ""counting"": {
      ""importance"": ""low"",
      ""facts"": []
    },
    ""relation"": {
      ""importance"": ""low"",
      ""facts"": []
    },
    ""shape"": {
      ""importance"": ""low"",
      ""facts"": []
    },
    ""size"": {
      ""importance"": ""low"",
      ""facts"": []
    },
    ""color"": {
      ""importance"": ""low"",
      ""facts"": []
    },
    ""posture"": {
      ""importance"": ""low"",
      ""facts"": []
    },
    ""scene"": {
      ""importance"": ""low"",
      ""facts"": []
    },
    ""others"": {
      ""importance"": ""low"",
      ""facts"": []
    }
  },
  ""level_2"": {
    ""existence"": {
      ""importance"": ""high"",
      ""facts"": [
        ""AmazonBasics branding is visible on the product/package."",
        ""The product/package indicates the scent/flavor as lavender."",
        ""The product/package indicates it is an air freshener refill."",
        ""The product/package indicates a 1-gallon size/volume."",
        ""The product/package indicates a 144-pack quantity.""
      ]
    },
    ""counting"": {
      ""importance"": ""medium"",
      ""facts"": [
        ""If individual refill units are shown rather than only an outer carton/label, the depiction is consistent with a 144-count pack (e.g., a case labeled 144 or a large multi-unit case).""
      ]
    },
    ""relation"": {
      ""importance"": ""low"",
      ""facts"": []
    },
    ""shape"": {
      ""importance"": ""low"",
      ""facts"": []
    },
    ""size"": {
      ""importance"": ""low"",
      ""facts"": []
    },
    ""color"": {
      ""importance"": ""low"",
      ""facts"": []
    },
    ""posture"": {
      ""importance"": ""low"",
      ""facts"": []
    },
    ""scene"": {
      ""importance"": ""low"",
      ""facts"": []
    },
    ""others"": {
      ""importance"": ""medium"",
      ""facts"": [
        ""The visible labeling includes the key product descriptors (brand, air freshener refill, lavender, 1-gallon, 144-pack) in readable form.""
      ]
    }
  },
  ""level_3"": {
    ""existence"": {
      ""importance"": ""low"",
      ""facts"": []
    },
    ""counting"": {
      ""importance"": ""low"",
      ""facts"": []
    },
    ""relation"": {
      ""importance"": ""low"",
      ""facts"": []
    },
    ""shape"": {
      ""importance"": ""low"",
      ""facts"": []
    },
    ""size"": {
      ""importance"": ""low"",
      ""facts"": []
    },
    ""color"": {
      ""importance"": ""low"",
      ""facts"": []
    },
    ""posture"": {
      ""importance"": ""low"",
      ""facts"": []
    },
    ""scene"": {
      ""importance"": ""low"",
      ""facts"": []
    },
    ""others"": {
      ""importance"": ""high"",
      ""facts"": [
        ""Readable text on the product/package includes: \""AmazonBasics\"", \""Air Freshener Refill\"", \""Lavender\"", \""1-Gallon\"", and \""144-Pack\"" (or visually equivalent numerals/abbreviations conveying the same information).""
      ]
    }
  }
}",high,A product/package is shown that is identifiable as an air freshener refill.,low,,low,,low,,low,,low,,low,,low,,low,,high,AmazonBasics branding is visible on the product/package. | The product/package indicates the scent/flavor as lavender. | The product/package indicates it is an air freshener refill. | The product/package indicates a 1-gallon size/volume. | The product/package indicates a 144-pack quantity.,medium,"If individual refill units are shown rather than only an outer carton/label, the depiction is consistent with a 144-count pack (e.g., a case labeled 144 or a large multi-unit case).",low,,low,,low,,low,,low,,low,,medium,"The visible labeling includes the key product descriptors (brand, air freshener refill, lavender, 1-gallon, 144-pack) in readable form.",low,,low,,low,,low,,low,,low,,low,,low,,high,"Readable text on the product/package includes: ""AmazonBasics"", ""Air Freshener Refill"", ""Lavender"", ""1-Gallon"", and ""144-Pack"" (or visually equivalent numerals/abbreviations conveying the same information)."
92,"365 Everyday Value, Organic Apple Sauce, Unsweetened, 24 oz","{""level_1"": {""existence"": {""importance"": ""high"", ""facts"": [""A single packaged consumer product labeled as apple sauce is shown.""]}, ""counting"": {""importance"": ""high"", ""facts"": [""Exactly one product container/package is shown as the main subject.""]}, ""relation"": {""importance"": ""low"", ""facts"": []}, ""shape"": {""importance"": ""low"", ""facts"": []}, ""size"": {""importance"": ""low"", ""facts"": []}, ""color"": {""importance"": ""low"", ""facts"": []}, ""posture"": {""importance"": ""low"", ""facts"": []}, ""scene"": {""importance"": ""low"", ""facts"": []}, ""others"": {""importance"": ""low"", ""facts"": []}}, ""level_2"": {""existence"": {""importance"": ""high"", ""facts"": [""The package shows the brand name text \""365 Everyday Value\""."", ""The package shows the product name text \""Organic Apple Sauce\""."", ""The package shows the descriptor text \""Unsweetened\""."", ""The package shows the net contents text \""24 oz\"".""]}, ""counting"": {""importance"": ""low"", ""facts"": []}, ""relation"": {""importance"": ""medium"", ""facts"": [""All required texts (\""365 Everyday Value\"", \""Organic Apple Sauce\"", \""Unsweetened\"", and \""24 oz\"") appear on the same product package.""]}, ""shape"": {""importance"": ""low"", ""facts"": []}, ""size"": {""importance"": ""low"", ""facts"": []}, ""color"": {""importance"": ""low"", ""facts"": []}, ""posture"": {""importance"": ""low"", ""facts"": []}, ""scene"": {""importance"": ""low"", ""facts"": []}, ""others"": {""importance"": ""medium"", ""facts"": [""The text is legible enough to confirm the exact phrases: \""365 Everyday Value\"", \""Organic Apple Sauce\"", \""Unsweetened\"", and \""24 oz\"".""]}}, ""level_3"": {""existence"": {""importance"": ""low"", ""facts"": []}, ""counting"": {""importance"": ""low"", ""facts"": []}, ""relation"": {""importance"": ""low"", ""facts"": []}, ""shape"": {""importance"": ""low"", ""facts"": []}, ""size"": {""importance"": ""low"", ""facts"": []}, ""color"": {""importance"": ""low"", ""facts"": []}, ""posture"": {""importance"": ""low"", ""facts"": []}, ""scene"": {""importance"": ""low"", ""facts"": []}, ""others"": {""importance"": ""low"", ""facts"": []}}}","{
  ""level_1"": {
    ""existence"": {
      ""importance"": ""high"",
      ""facts"": [
        ""A single packaged consumer product labeled as apple sauce is shown.""
      ]
    },
    ""counting"": {
      ""importance"": ""high"",
      ""facts"": [
        ""Exactly one product container/package is shown as the main subject.""
      ]
    },
    ""relation"": {
      ""importance"": ""low"",
      ""facts"": []
    },
    ""shape"": {
      ""importance"": ""low"",
      ""facts"": []
    },
    ""size"": {
      ""importance"": ""low"",
      ""facts"": []
    },
    ""color"": {
      ""importance"": ""low"",
      ""facts"": []
    },
    ""posture"": {
      ""importance"": ""low"",
      ""facts"": []
    },
    ""scene"": {
      ""importance"": ""low"",
      ""facts"": []
    },
    ""others"": {
      ""importance"": ""low"",
      ""facts"": []
    }
  },
  ""level_2"": {
    ""existence"": {
      ""importance"": ""high"",
      ""facts"": [
        ""The package shows the brand name text \""365 Everyday Value\""."",
        ""The package shows the product name text \""Organic Apple Sauce\""."",
        ""The package shows the descriptor text \""Unsweetened\""."",
        ""The package shows the net contents text \""24 oz\"".""
      ]
    },
    ""counting"": {
      ""importance"": ""low"",
      ""facts"": []
    },
    ""relation"": {
      ""importance"": ""medium"",
      ""facts"": [
        ""All required texts (\""365 Everyday Value\"", \""Organic Apple Sauce\"", \""Unsweetened\"", and \""24 oz\"") appear on the same product package.""
      ]
    },
    ""shape"": {
      ""importance"": ""low"",
      ""facts"": []
    },
    ""size"": {
      ""importance"": ""low"",
      ""facts"": []
    },
    ""color"": {
      ""importance"": ""low"",
      ""facts"": []
    },
    ""posture"": {
      ""importance"": ""low"",
      ""facts"": []
    },
    ""scene"": {
      ""importance"": ""low"",
      ""facts"": []
    },
    ""others"": {
      ""importance"": ""medium"",
      ""facts"": [
        ""The text is legible enough to confirm the exact phrases: \""365 Everyday Value\"", \""Organic Apple Sauce\"", \""Unsweetened\"", and \""24 oz\"".""
      ]
    }
  },
  ""level_3"": {
    ""existence"": {
      ""importance"": ""low"",
      ""facts"": []
    },
    ""counting"": {
      ""importance"": ""low"",
      ""facts"": []
    },
    ""relation"": {
      ""importance"": ""low"",
      ""facts"": []
    },
    ""shape"": {
      ""importance"": ""low"",
      ""facts"": []
    },
    ""size"": {
      ""importance"": ""low"",
      ""facts"": []
    },
    ""color"": {
      ""importance"": ""low"",
      ""facts"": []
    },
    ""posture"": {
      ""importance"": ""low"",
      ""facts"": []
    },
    ""scene"": {
      ""importance"": ""low"",
      ""facts"": []
    },
    ""others"": {
      ""importance"": ""low"",
      ""facts"": []
    }
  }
}",high,A single packaged consumer product labeled as apple sauce is shown.,high,Exactly one product container/package is shown as the main subject.,low,,low,,low,,low,,low,,low,,low,,high,"The package shows the brand name text ""365 Everyday Value"". | The package shows the product name text ""Organic Apple Sauce"". | The package shows the descriptor text ""Unsweetened"". | The package shows the net contents text ""24 oz"".",low,,medium,"All required texts (""365 Everyday Value"", ""Organic Apple Sauce"", ""Unsweetened"", and ""24 oz"") appear on the same product package.",low,,low,,low,,low,,low,,medium,"The text is legible enough to confirm the exact phrases: ""365 Everyday Value"", ""Organic Apple Sauce"", ""Unsweetened"", and ""24 oz"".",low,,low,,low,,low,,low,,low,,low,,low,,low,
93,"AmazonBasics 1500W Ceramic Personal Heater with Adjustable Thermostat, Black","{""level_1"": {""existence"": {""importance"": ""high"", ""facts"": [""A personal space heater (small portable heater) is depicted.""]}, ""counting"": {""importance"": ""medium"", ""facts"": [""Exactly one heater is depicted.""]}, ""relation"": {""importance"": ""low"", ""facts"": []}, ""shape"": {""importance"": ""medium"", ""facts"": [""The heater has a front face that functions as an air outlet/intake area (e.g., a vented/grilled panel).""]}, ""size"": {""importance"": ""medium"", ""facts"": [""The heater appears small enough to be a personal/desktop/floor portable appliance (not a built-in wall unit or full-size furnace).""]}, ""color"": {""importance"": ""high"", ""facts"": [""The heater is black overall.""]}, ""posture"": {""importance"": ""low"", ""facts"": []}, ""scene"": {""importance"": ""low"", ""facts"": []}, ""others"": {""importance"": ""low"", ""facts"": []}}, ""level_2"": {""existence"": {""importance"": ""high"", ""facts"": [""The heater has at least one user control intended for adjusting temperature/thermostat (e.g., a dial/knob/slider).""]}, ""counting"": {""importance"": ""low"", ""facts"": []}, ""relation"": {""importance"": ""medium"", ""facts"": [""The temperature/thermostat adjustment control is part of the heater body (not a separate remote).""]}, ""shape"": {""importance"": ""medium"", ""facts"": [""The heater’s front panel shows a grille/vent pattern suitable for airflow.""]}, ""size"": {""importance"": ""low"", ""facts"": []}, ""color"": {""importance"": ""medium"", ""facts"": [""The visible controls and front grille are also black or very dark in appearance (consistent with a black product).""]}, ""posture"": {""importance"": ""medium"", ""facts"": [""The heater is shown in an upright operating orientation (standing on its base).""]}, ""scene"": {""importance"": ""low"", ""facts"": []}, ""others"": {""importance"": ""high"", ""facts"": [""Visible branding or labeling indicates 'AmazonBasics' on the product and/or packaging.""]}}, ""level_3"": {""existence"": {""importance"": ""low"", ""facts"": []}, ""counting"": {""importance"": ""low"", ""facts"": []}, ""relation"": {""importance"": ""low"", ""facts"": []}, ""shape"": {""importance"": ""low"", ""facts"": []}, ""size"": {""importance"": ""low"", ""facts"": []}, ""color"": {""importance"": ""low"", ""facts"": []}, ""posture"": {""importance"": ""low"", ""facts"": []}, ""scene"": {""importance"": ""low"", ""facts"": []}, ""others"": {""importance"": ""medium"", ""facts"": [""If any wattage specification text is visible on the product and/or packaging, it reads '1500W'.""]}}}","{
  ""level_1"": {
    ""existence"": {
      ""importance"": ""high"",
      ""facts"": [
        ""A personal space heater (small portable heater) is depicted.""
      ]
    },
    ""counting"": {
      ""importance"": ""medium"",
      ""facts"": [
        ""Exactly one heater is depicted.""
      ]
    },
    ""relation"": {
      ""importance"": ""low"",
      ""facts"": []
    },
    ""shape"": {
      ""importance"": ""medium"",
      ""facts"": [
        ""The heater has a front face that functions as an air outlet/intake area (e.g., a vented/grilled panel).""
      ]
    },
    ""size"": {
      ""importance"": ""medium"",
      ""facts"": [
        ""The heater appears small enough to be a personal/desktop/floor portable appliance (not a built-in wall unit or full-size furnace).""
      ]
    },
    ""color"": {
      ""importance"": ""high"",
      ""facts"": [
        ""The heater is black overall.""
      ]
    },
    ""posture"": {
      ""importance"": ""low"",
      ""facts"": []
    },
    ""scene"": {
      ""importance"": ""low"",
      ""facts"": []
    },
    ""others"": {
      ""importance"": ""low"",
      ""facts"": []
    }
  },
  ""level_2"": {
    ""existence"": {
      ""importance"": ""high"",
      ""facts"": [
        ""The heater has at least one user control intended for adjusting temperature/thermostat (e.g., a dial/knob/slider).""
      ]
    },
    ""counting"": {
      ""importance"": ""low"",
      ""facts"": []
    },
    ""relation"": {
      ""importance"": ""medium"",
      ""facts"": [
        ""The temperature/thermostat adjustment control is part of the heater body (not a separate remote).""
      ]
    },
    ""shape"": {
      ""importance"": ""medium"",
      ""facts"": [
        ""The heater’s front panel shows a grille/vent pattern suitable for airflow.""
      ]
    },
    ""size"": {
      ""importance"": ""low"",
      ""facts"": []
    },
    ""color"": {
      ""importance"": ""medium"",
      ""facts"": [
        ""The visible controls and front grille are also black or very dark in appearance (consistent with a black product).""
      ]
    },
    ""posture"": {
      ""importance"": ""medium"",
      ""facts"": [
        ""The heater is shown in an upright operating orientation (standing on its base).""
      ]
    },
    ""scene"": {
      ""importance"": ""low"",
      ""facts"": []
    },
    ""others"": {
      ""importance"": ""high"",
      ""facts"": [
        ""Visible branding or labeling indicates 'AmazonBasics' on the product and/or packaging.""
      ]
    }
  },
  ""level_3"": {
    ""existence"": {
      ""importance"": ""low"",
      ""facts"": []
    },
    ""counting"": {
      ""importance"": ""low"",
      ""facts"": []
    },
    ""relation"": {
      ""importance"": ""low"",
      ""facts"": []
    },
    ""shape"": {
      ""importance"": ""low"",
      ""facts"": []
    },
    ""size"": {
      ""importance"": ""low"",
      ""facts"": []
    },
    ""color"": {
      ""importance"": ""low"",
      ""facts"": []
    },
    ""posture"": {
      ""importance"": ""low"",
      ""facts"": []
    },
    ""scene"": {
      ""importance"": ""low"",
      ""facts"": []
    },
    ""others"": {
      ""importance"": ""medium"",
      ""facts"": [
        ""If any wattage specification text is visible on the product and/or packaging, it reads '1500W'.""
      ]
    }
  }
}",high,A personal space heater (small portable heater) is depicted.,medium,Exactly one heater is depicted.,low,,medium,"The heater has a front face that functions as an air outlet/intake area (e.g., a vented/grilled panel).",medium,The heater appears small enough to be a personal/desktop/floor portable appliance (not a built-in wall unit or full-size furnace).,high,The heater is black overall.,low,,low,,low,,high,"The heater has at least one user control intended for adjusting temperature/thermostat (e.g., a dial/knob/slider).",low,,medium,The temperature/thermostat adjustment control is part of the heater body (not a separate remote).,medium,The heater’s front panel shows a grille/vent pattern suitable for airflow.,low,,medium,The visible controls and front grille are also black or very dark in appearance (consistent with a black product).,medium,The heater is shown in an upright operating orientation (standing on its base).,low,,high,Visible branding or labeling indicates 'AmazonBasics' on the product and/or packaging.,low,,low,,low,,low,,low,,low,,low,,low,,medium,"If any wattage specification text is visible on the product and/or packaging, it reads '1500W'."
94,"Wickedly Prime Organic Black Pu'erh Tea, Full-Leaf Bags, 15 Count","{""level_1"": {""existence"": {""importance"": ""high"", ""facts"": [""A packaged tea product is shown.""]}, ""counting"": {""importance"": ""low"", ""facts"": []}, ""relation"": {""importance"": ""low"", ""facts"": []}, ""shape"": {""importance"": ""low"", ""facts"": []}, ""size"": {""importance"": ""low"", ""facts"": []}, ""color"": {""importance"": ""low"", ""facts"": []}, ""posture"": {""importance"": ""low"", ""facts"": []}, ""scene"": {""importance"": ""low"", ""facts"": []}, ""others"": {""importance"": ""high"", ""facts"": [""Visible product labeling identifies it as 'Wickedly Prime' tea.""]}}, ""level_2"": {""existence"": {""importance"": ""high"", ""facts"": [""The packaging includes the product name text indicating 'Black Pu'erh Tea'."", ""The packaging includes the word 'Organic'."", ""The packaging includes text indicating 'Full-Leaf Bags'."", ""The packaging includes a count statement indicating '15 Count'.""]}, ""counting"": {""importance"": ""high"", ""facts"": [""The number '15' is shown in association with the count information (e.g., '15 Count').""]}, ""relation"": {""importance"": ""low"", ""facts"": []}, ""shape"": {""importance"": ""low"", ""facts"": []}, ""size"": {""importance"": ""low"", ""facts"": []}, ""color"": {""importance"": ""low"", ""facts"": []}, ""posture"": {""importance"": ""low"", ""facts"": []}, ""scene"": {""importance"": ""low"", ""facts"": []}, ""others"": {""importance"": ""medium"", ""facts"": [""The text 'Wickedly Prime' is readable on the product packaging."", ""The text 'Organic' is readable on the product packaging."", ""The text 'Black Pu'erh Tea' is readable on the product packaging."", ""The text 'Full-Leaf Bags' is readable on the product packaging."", ""The text '15 Count' is readable on the product packaging.""]}}, ""level_3"": {""existence"": {""importance"": ""low"", ""facts"": []}, ""counting"": {""importance"": ""low"", ""facts"": []}, ""relation"": {""importance"": ""low"", ""facts"": []}, ""shape"": {""importance"": ""low"", ""facts"": []}, ""size"": {""importance"": ""low"", ""facts"": []}, ""color"": {""importance"": ""low"", ""facts"": []}, ""posture"": {""importance"": ""low"", ""facts"": []}, ""scene"": {""importance"": ""low"", ""facts"": []}, ""others"": {""importance"": ""low"", ""facts"": []}}}","{
  ""level_1"": {
    ""existence"": {
      ""importance"": ""high"",
      ""facts"": [
        ""A packaged tea product is shown.""
      ]
    },
    ""counting"": {
      ""importance"": ""low"",
      ""facts"": []
    },
    ""relation"": {
      ""importance"": ""low"",
      ""facts"": []
    },
    ""shape"": {
      ""importance"": ""low"",
      ""facts"": []
    },
    ""size"": {
      ""importance"": ""low"",
      ""facts"": []
    },
    ""color"": {
      ""importance"": ""low"",
      ""facts"": []
    },
    ""posture"": {
      ""importance"": ""low"",
      ""facts"": []
    },
    ""scene"": {
      ""importance"": ""low"",
      ""facts"": []
    },
    ""others"": {
      ""importance"": ""high"",
      ""facts"": [
        ""Visible product labeling identifies it as 'Wickedly Prime' tea.""
      ]
    }
  },
  ""level_2"": {
    ""existence"": {
      ""importance"": ""high"",
      ""facts"": [
        ""The packaging includes the product name text indicating 'Black Pu'erh Tea'."",
        ""The packaging includes the word 'Organic'."",
        ""The packaging includes text indicating 'Full-Leaf Bags'."",
        ""The packaging includes a count statement indicating '15 Count'.""
      ]
    },
    ""counting"": {
      ""importance"": ""high"",
      ""facts"": [
        ""The number '15' is shown in association with the count information (e.g., '15 Count').""
      ]
    },
    ""relation"": {
      ""importance"": ""low"",
      ""facts"": []
    },
    ""shape"": {
      ""importance"": ""low"",
      ""facts"": []
    },
    ""size"": {
      ""importance"": ""low"",
      ""facts"": []
    },
    ""color"": {
      ""importance"": ""low"",
      ""facts"": []
    },
    ""posture"": {
      ""importance"": ""low"",
      ""facts"": []
    },
    ""scene"": {
      ""importance"": ""low"",
      ""facts"": []
    },
    ""others"": {
      ""importance"": ""medium"",
      ""facts"": [
        ""The text 'Wickedly Prime' is readable on the product packaging."",
        ""The text 'Organic' is readable on the product packaging."",
        ""The text 'Black Pu'erh Tea' is readable on the product packaging."",
        ""The text 'Full-Leaf Bags' is readable on the product packaging."",
        ""The text '15 Count' is readable on the product packaging.""
      ]
    }
  },
  ""level_3"": {
    ""existence"": {
      ""importance"": ""low"",
      ""facts"": []
    },
    ""counting"": {
      ""importance"": ""low"",
      ""facts"": []
    },
    ""relation"": {
      ""importance"": ""low"",
      ""facts"": []
    },
    ""shape"": {
      ""importance"": ""low"",
      ""facts"": []
    },
    ""size"": {
      ""importance"": ""low"",
      ""facts"": []
    },
    ""color"": {
      ""importance"": ""low"",
      ""facts"": []
    },
    ""posture"": {
      ""importance"": ""low"",
      ""facts"": []
    },
    ""scene"": {
      ""importance"": ""low"",
      ""facts"": []
    },
    ""others"": {
      ""importance"": ""low"",
      ""facts"": []
    }
  }
}",high,A packaged tea product is shown.,low,,low,,low,,low,,low,,low,,low,,high,Visible product labeling identifies it as 'Wickedly Prime' tea.,high,The packaging includes the product name text indicating 'Black Pu'erh Tea'. | The packaging includes the word 'Organic'. | The packaging includes text indicating 'Full-Leaf Bags'. | The packaging includes a count statement indicating '15 Count'.,high,"The number '15' is shown in association with the count information (e.g., '15 Count').",low,,low,,low,,low,,low,,low,,medium,The text 'Wickedly Prime' is readable on the product packaging. | The text 'Organic' is readable on the product packaging. | The text 'Black Pu'erh Tea' is readable on the product packaging. | The text 'Full-Leaf Bags' is readable on the product packaging. | The text '15 Count' is readable on the product packaging.,low,,low,,low,,low,,low,,low,,low,,low,,low,
96,"Amazon Brand - Ravenna Home 4-Light Pendant Light with Faux Wood Accents, Vintage Edison Candelabra Bulbs Included, 62.4""H, Matte Black","{""level_1"": {""existence"": {""importance"": ""high"", ""facts"": [""A pendant light fixture is depicted.""]}, ""counting"": {""importance"": ""medium"", ""facts"": []}, ""relation"": {""importance"": ""medium"", ""facts"": [""The fixture includes visible components that indicate it is meant to hang/suspend from above (e.g., canopy and a hanging rod/chain/cord).""]}, ""shape"": {""importance"": ""low"", ""facts"": []}, ""size"": {""importance"": ""low"", ""facts"": []}, ""color"": {""importance"": ""high"", ""facts"": [""The main body/metal parts of the fixture appear matte black.""]}, ""posture"": {""importance"": ""low"", ""facts"": []}, ""scene"": {""importance"": ""low"", ""facts"": []}, ""others"": {""importance"": ""low"", ""facts"": []}}, ""level_2"": {""existence"": {""importance"": ""high"", ""facts"": [""Four light bulbs are present as part of the fixture."", ""Faux wood accent elements are present on the fixture.""]}, ""counting"": {""importance"": ""high"", ""facts"": [""Exactly four bulbs (or four bulb sockets with bulbs installed) are visible.""]}, ""relation"": {""importance"": ""high"", ""facts"": [""All four bulbs are installed in the pendant light fixture.""]}, ""shape"": {""importance"": ""low"", ""facts"": []}, ""size"": {""importance"": ""low"", ""facts"": []}, ""color"": {""importance"": ""medium"", ""facts"": [""The faux wood accents appear in wood-like tones (e.g., brown/tan) distinct from the matte black parts.""]}, ""posture"": {""importance"": ""low"", ""facts"": []}, ""scene"": {""importance"": ""low"", ""facts"": []}, ""others"": {""importance"": ""low"", ""facts"": []}}, ""level_3"": {""existence"": {""importance"": ""medium"", ""facts"": [""Each bulb has a visible filament consistent with a vintage Edison-style bulb.""]}, ""counting"": {""importance"": ""medium"", ""facts"": [""All four bulbs show visible filaments.""]}, ""relation"": {""importance"": ""low"", ""facts"": []}, ""shape"": {""importance"": ""medium"", ""facts"": [""Each bulb has a candle/candelabra-style bulb shape (slender, candle-like form rather than a standard large A19 bulb shape).""]}, ""size"": {""importance"": ""low"", ""facts"": []}, ""color"": {""importance"": ""low"", ""facts"": []}, ""posture"": {""importance"": ""low"", ""facts"": []}, ""scene"": {""importance"": ""low"", ""facts"": []}, ""others"": {""importance"": ""low"", ""facts"": []}}}","{
  ""level_1"": {
    ""existence"": {
      ""importance"": ""high"",
      ""facts"": [
        ""A pendant light fixture is depicted.""
      ]
    },
    ""counting"": {
      ""importance"": ""medium"",
      ""facts"": []
    },
    ""relation"": {
      ""importance"": ""medium"",
      ""facts"": [
        ""The fixture includes visible components that indicate it is meant to hang/suspend from above (e.g., canopy and a hanging rod/chain/cord).""
      ]
    },
    ""shape"": {
      ""importance"": ""low"",
      ""facts"": []
    },
    ""size"": {
      ""importance"": ""low"",
      ""facts"": []
    },
    ""color"": {
      ""importance"": ""high"",
      ""facts"": [
        ""The main body/metal parts of the fixture appear matte black.""
      ]
    },
    ""posture"": {
      ""importance"": ""low"",
      ""facts"": []
    },
    ""scene"": {
      ""importance"": ""low"",
      ""facts"": []
    },
    ""others"": {
      ""importance"": ""low"",
      ""facts"": []
    }
  },
  ""level_2"": {
    ""existence"": {
      ""importance"": ""high"",
      ""facts"": [
        ""Four light bulbs are present as part of the fixture."",
        ""Faux wood accent elements are present on the fixture.""
      ]
    },
    ""counting"": {
      ""importance"": ""high"",
      ""facts"": [
        ""Exactly four bulbs (or four bulb sockets with bulbs installed) are visible.""
      ]
    },
    ""relation"": {
      ""importance"": ""high"",
      ""facts"": [
        ""All four bulbs are installed in the pendant light fixture.""
      ]
    },
    ""shape"": {
      ""importance"": ""low"",
      ""facts"": []
    },
    ""size"": {
      ""importance"": ""low"",
      ""facts"": []
    },
    ""color"": {
      ""importance"": ""medium"",
      ""facts"": [
        ""The faux wood accents appear in wood-like tones (e.g., brown/tan) distinct from the matte black parts.""
      ]
    },
    ""posture"": {
      ""importance"": ""low"",
      ""facts"": []
    },
    ""scene"": {
      ""importance"": ""low"",
      ""facts"": []
    },
    ""others"": {
      ""importance"": ""low"",
      ""facts"": []
    }
  },
  ""level_3"": {
    ""existence"": {
      ""importance"": ""medium"",
      ""facts"": [
        ""Each bulb has a visible filament consistent with a vintage Edison-style bulb.""
      ]
    },
    ""counting"": {
      ""importance"": ""medium"",
      ""facts"": [
        ""All four bulbs show visible filaments.""
      ]
    },
    ""relation"": {
      ""importance"": ""low"",
      ""facts"": []
    },
    ""shape"": {
      ""importance"": ""medium"",
      ""facts"": [
        ""Each bulb has a candle/candelabra-style bulb shape (slender, candle-like form rather than a standard large A19 bulb shape).""
      ]
    },
    ""size"": {
      ""importance"": ""low"",
      ""facts"": []
    },
    ""color"": {
      ""importance"": ""low"",
      ""facts"": []
    },
    ""posture"": {
      ""importance"": ""low"",
      ""facts"": []
    },
    ""scene"": {
      ""importance"": ""low"",
      ""facts"": []
    },
    ""others"": {
      ""importance"": ""low"",
      ""facts"": []
    }
  }
}",high,A pendant light fixture is depicted.,medium,,medium,"The fixture includes visible components that indicate it is meant to hang/suspend from above (e.g., canopy and a hanging rod/chain/cord).",low,,low,,high,The main body/metal parts of the fixture appear matte black.,low,,low,,low,,high,Four light bulbs are present as part of the fixture. | Faux wood accent elements are present on the fixture.,high,Exactly four bulbs (or four bulb sockets with bulbs installed) are visible.,high,All four bulbs are installed in the pendant light fixture.,low,,low,,medium,"The faux wood accents appear in wood-like tones (e.g., brown/tan) distinct from the matte black parts.",low,,low,,low,,medium,Each bulb has a visible filament consistent with a vintage Edison-style bulb.,medium,All four bulbs show visible filaments.,low,,medium,"Each bulb has a candle/candelabra-style bulb shape (slender, candle-like form rather than a standard large A19 bulb shape).",low,,low,,low,,low,,low,
98,"Amazon Collection Platinum Lycra Solid Sterling Silver Cubic Zirconia rukoniapurinsesukattoeta-nitexibandoringu, Size 9 ","{""level_1"": {""existence"": {""importance"": ""high"", ""facts"": [""A ring is depicted.""]}, ""counting"": {""importance"": ""high"", ""facts"": [""Exactly one ring is shown.""]}, ""relation"": {""importance"": ""low"", ""facts"": []}, ""shape"": {""importance"": ""medium"", ""facts"": [""The ring is a circular band.""]}, ""size"": {""importance"": ""low"", ""facts"": []}, ""color"": {""importance"": ""medium"", ""facts"": [""The ring’s metal appears silver/white in color.""]}, ""posture"": {""importance"": ""low"", ""facts"": []}, ""scene"": {""importance"": ""low"", ""facts"": []}, ""others"": {""importance"": ""low"", ""facts"": []}}, ""level_2"": {""existence"": {""importance"": ""high"", ""facts"": [""Gemstones are present on the ring band.""]}, ""counting"": {""importance"": ""low"", ""facts"": []}, ""relation"": {""importance"": ""high"", ""facts"": [""Multiple gemstones are set into/onto the band in a continuous row.""]}, ""shape"": {""importance"": ""high"", ""facts"": [""The gemstones have a square (princess-cut-like) shape.""]}, ""size"": {""importance"": ""low"", ""facts"": []}, ""color"": {""importance"": ""high"", ""facts"": [""The gemstones appear clear/colorless.""]}, ""posture"": {""importance"": ""low"", ""facts"": []}, ""scene"": {""importance"": ""low"", ""facts"": []}, ""others"": {""importance"": ""low"", ""facts"": []}}, ""level_3"": {""existence"": {""importance"": ""low"", ""facts"": []}, ""counting"": {""importance"": ""low"", ""facts"": []}, ""relation"": {""importance"": ""high"", ""facts"": [""The gemstones encircle the full circumference of the band (eternity-style setting).""]}, ""shape"": {""importance"": ""low"", ""facts"": []}, ""size"": {""importance"": ""low"", ""facts"": []}, ""color"": {""importance"": ""low"", ""facts"": []}, ""posture"": {""importance"": ""low"", ""facts"": []}, ""scene"": {""importance"": ""low"", ""facts"": []}, ""others"": {""importance"": ""low"", ""facts"": []}}}","{
  ""level_1"": {
    ""existence"": {
      ""importance"": ""high"",
      ""facts"": [
        ""A ring is depicted.""
      ]
    },
    ""counting"": {
      ""importance"": ""high"",
      ""facts"": [
        ""Exactly one ring is shown.""
      ]
    },
    ""relation"": {
      ""importance"": ""low"",
      ""facts"": []
    },
    ""shape"": {
      ""importance"": ""medium"",
      ""facts"": [
        ""The ring is a circular band.""
      ]
    },
    ""size"": {
      ""importance"": ""low"",
      ""facts"": []
    },
    ""color"": {
      ""importance"": ""medium"",
      ""facts"": [
        ""The ring’s metal appears silver/white in color.""
      ]
    },
    ""posture"": {
      ""importance"": ""low"",
      ""facts"": []
    },
    ""scene"": {
      ""importance"": ""low"",
      ""facts"": []
    },
    ""others"": {
      ""importance"": ""low"",
      ""facts"": []
    }
  },
  ""level_2"": {
    ""existence"": {
      ""importance"": ""high"",
      ""facts"": [
        ""Gemstones are present on the ring band.""
      ]
    },
    ""counting"": {
      ""importance"": ""low"",
      ""facts"": []
    },
    ""relation"": {
      ""importance"": ""high"",
      ""facts"": [
        ""Multiple gemstones are set into/onto the band in a continuous row.""
      ]
    },
    ""shape"": {
      ""importance"": ""high"",
      ""facts"": [
        ""The gemstones have a square (princess-cut-like) shape.""
      ]
    },
    ""size"": {
      ""importance"": ""low"",
      ""facts"": []
    },
    ""color"": {
      ""importance"": ""high"",
      ""facts"": [
        ""The gemstones appear clear/colorless.""
      ]
    },
    ""posture"": {
      ""importance"": ""low"",
      ""facts"": []
    },
    ""scene"": {
      ""importance"": ""low"",
      ""facts"": []
    },
    ""others"": {
      ""importance"": ""low"",
      ""facts"": []
    }
  },
  ""level_3"": {
    ""existence"": {
      ""importance"": ""low"",
      ""facts"": []
    },
    ""counting"": {
      ""importance"": ""low"",
      ""facts"": []
    },
    ""relation"": {
      ""importance"": ""high"",
      ""facts"": [
        ""The gemstones encircle the full circumference of the band (eternity-style setting).""
      ]
    },
    ""shape"": {
      ""importance"": ""low"",
      ""facts"": []
    },
    ""size"": {
      ""importance"": ""low"",
      ""facts"": []
    },
    ""color"": {
      ""importance"": ""low"",
      ""facts"": []
    },
    ""posture"": {
      ""importance"": ""low"",
      ""facts"": []
    },
    ""scene"": {
      ""importance"": ""low"",
      ""facts"": []
    },
    ""others"": {
      ""importance"": ""low"",
      ""facts"": []
    }
  }
}",high,A ring is depicted.,high,Exactly one ring is shown.,low,,medium,The ring is a circular band.,low,,medium,The ring’s metal appears silver/white in color.,low,,low,,low,,high,Gemstones are present on the ring band.,low,,high,Multiple gemstones are set into/onto the band in a continuous row.,high,The gemstones have a square (princess-cut-like) shape.,low,,high,The gemstones appear clear/colorless.,low,,low,,low,,low,,low,,high,The gemstones encircle the full circumference of the band (eternity-style setting).,low,,low,,low,,low,,low,,low,
99,"Whole Foods Market, CoQ10 200mg, 60 ct","{""level_1"": {""existence"": {""importance"": ""high"", ""facts"": [""A packaged product is shown (e.g., supplement container/box) representing a retail item.""]}, ""counting"": {""importance"": ""medium"", ""facts"": [""Exactly one primary product package is shown.""]}, ""relation"": {""importance"": ""low"", ""facts"": []}, ""shape"": {""importance"": ""low"", ""facts"": []}, ""size"": {""importance"": ""low"", ""facts"": []}, ""color"": {""importance"": ""low"", ""facts"": []}, ""posture"": {""importance"": ""low"", ""facts"": []}, ""scene"": {""importance"": ""low"", ""facts"": []}, ""others"": {""importance"": ""high"", ""facts"": [""The product packaging shows the brand name text \""Whole Foods Market\"".""]}}, ""level_2"": {""existence"": {""importance"": ""high"", ""facts"": [""The product packaging shows the supplement name text \""CoQ10\"".""]}, ""counting"": {""importance"": ""low"", ""facts"": []}, ""relation"": {""importance"": ""low"", ""facts"": []}, ""shape"": {""importance"": ""low"", ""facts"": []}, ""size"": {""importance"": ""low"", ""facts"": []}, ""color"": {""importance"": ""low"", ""facts"": []}, ""posture"": {""importance"": ""low"", ""facts"": []}, ""scene"": {""importance"": ""low"", ""facts"": []}, ""others"": {""importance"": ""high"", ""facts"": [""The product packaging shows the dosage text \""200mg\"" (or \""200 mg\"")."", ""The product packaging shows the count text \""60 ct\"" (or \""60 count\"").""]}}, ""level_3"": {""existence"": {""importance"": ""low"", ""facts"": []}, ""counting"": {""importance"": ""low"", ""facts"": []}, ""relation"": {""importance"": ""low"", ""facts"": []}, ""shape"": {""importance"": ""low"", ""facts"": []}, ""size"": {""importance"": ""low"", ""facts"": []}, ""color"": {""importance"": ""low"", ""facts"": []}, ""posture"": {""importance"": ""low"", ""facts"": []}, ""scene"": {""importance"": ""low"", ""facts"": []}, ""others"": {""importance"": ""high"", ""facts"": [""The numeric dosage value shown is exactly 200 (mg)."", ""The numeric count value shown is exactly 60 (ct/count).""]}}}","{
  ""level_1"": {
    ""existence"": {
      ""importance"": ""high"",
      ""facts"": [
        ""A packaged product is shown (e.g., supplement container/box) representing a retail item.""
      ]
    },
    ""counting"": {
      ""importance"": ""medium"",
      ""facts"": [
        ""Exactly one primary product package is shown.""
      ]
    },
    ""relation"": {
      ""importance"": ""low"",
      ""facts"": []
    },
    ""shape"": {
      ""importance"": ""low"",
      ""facts"": []
    },
    ""size"": {
      ""importance"": ""low"",
      ""facts"": []
    },
    ""color"": {
      ""importance"": ""low"",
      ""facts"": []
    },
    ""posture"": {
      ""importance"": ""low"",
      ""facts"": []
    },
    ""scene"": {
      ""importance"": ""low"",
      ""facts"": []
    },
    ""others"": {
      ""importance"": ""high"",
      ""facts"": [
        ""The product packaging shows the brand name text \""Whole Foods Market\"".""
      ]
    }
  },
  ""level_2"": {
    ""existence"": {
      ""importance"": ""high"",
      ""facts"": [
        ""The product packaging shows the supplement name text \""CoQ10\"".""
      ]
    },
    ""counting"": {
      ""importance"": ""low"",
      ""facts"": []
    },
    ""relation"": {
      ""importance"": ""low"",
      ""facts"": []
    },
    ""shape"": {
      ""importance"": ""low"",
      ""facts"": []
    },
    ""size"": {
      ""importance"": ""low"",
      ""facts"": []
    },
    ""color"": {
      ""importance"": ""low"",
      ""facts"": []
    },
    ""posture"": {
      ""importance"": ""low"",
      ""facts"": []
    },
    ""scene"": {
      ""importance"": ""low"",
      ""facts"": []
    },
    ""others"": {
      ""importance"": ""high"",
      ""facts"": [
        ""The product packaging shows the dosage text \""200mg\"" (or \""200 mg\"")."",
        ""The product packaging shows the count text \""60 ct\"" (or \""60 count\"").""
      ]
    }
  },
  ""level_3"": {
    ""existence"": {
      ""importance"": ""low"",
      ""facts"": []
    },
    ""counting"": {
      ""importance"": ""low"",
      ""facts"": []
    },
    ""relation"": {
      ""importance"": ""low"",
      ""facts"": []
    },
    ""shape"": {
      ""importance"": ""low"",
      ""facts"": []
    },
    ""size"": {
      ""importance"": ""low"",
      ""facts"": []
    },
    ""color"": {
      ""importance"": ""low"",
      ""facts"": []
    },
    ""posture"": {
      ""importance"": ""low"",
      ""facts"": []
    },
    ""scene"": {
      ""importance"": ""low"",
      ""facts"": []
    },
    ""others"": {
      ""importance"": ""high"",
      ""facts"": [
        ""The numeric dosage value shown is exactly 200 (mg)."",
        ""The numeric count value shown is exactly 60 (ct/count).""
      ]
    }
  }
}",high,"A packaged product is shown (e.g., supplement container/box) representing a retail item.",medium,Exactly one primary product package is shown.,low,,low,,low,,low,,low,,low,,high,"The product packaging shows the brand name text ""Whole Foods Market"".",high,"The product packaging shows the supplement name text ""CoQ10"".",low,,low,,low,,low,,low,,low,,low,,high,"The product packaging shows the dosage text ""200mg"" (or ""200 mg""). | The product packaging shows the count text ""60 ct"" (or ""60 count"").",low,,low,,low,,low,,low,,low,,low,,low,,high,The numeric dosage value shown is exactly 200 (mg). | The numeric count value shown is exactly 60 (ct/count).
100,"Women's #_INNIS-S-10 Open Toe Sandals, Silver Sparkle, US 9","{""level_1"": {""existence"": {""importance"": ""high"", ""facts"": [""Sandals are depicted.""]}, ""counting"": {""importance"": ""high"", ""facts"": [""Two sandals are depicted (a pair).""]}, ""relation"": {""importance"": ""medium"", ""facts"": [""The two sandals are shown as a matching pair (same style and color).""]}, ""shape"": {""importance"": ""medium"", ""facts"": [""Each item is clearly footwear shaped to be worn on a human foot.""]}, ""size"": {""importance"": ""low"", ""facts"": []}, ""color"": {""importance"": ""high"", ""facts"": [""The sandals are primarily silver in color.""]}, ""posture"": {""importance"": ""low"", ""facts"": []}, ""scene"": {""importance"": ""low"", ""facts"": []}, ""others"": {""importance"": ""low"", ""facts"": []}}, ""level_2"": {""existence"": {""importance"": ""high"", ""facts"": [""Each sandal has an open-toe front (toe area is not enclosed).""]}, ""counting"": {""importance"": ""low"", ""facts"": []}, ""relation"": {""importance"": ""medium"", ""facts"": [""The toe opening is at the front end of each sandal.""]}, ""shape"": {""importance"": ""high"", ""facts"": [""The sandals have a strap-based construction typical of sandals (not a fully enclosed shoe).""]}, ""size"": {""importance"": ""low"", ""facts"": []}, ""color"": {""importance"": ""high"", ""facts"": [""The silver appearance includes a sparkle/glitter effect visible on the sandal material.""]}, ""posture"": {""importance"": ""low"", ""facts"": []}, ""scene"": {""importance"": ""low"", ""facts"": []}, ""others"": {""importance"": ""low"", ""facts"": []}}, ""level_3"": {""existence"": {""importance"": ""low"", ""facts"": []}, ""counting"": {""importance"": ""low"", ""facts"": []}, ""relation"": {""importance"": ""low"", ""facts"": []}, ""shape"": {""importance"": ""low"", ""facts"": []}, ""size"": {""importance"": ""medium"", ""facts"": [""If any size marking/label is visible on the sandals or packaging, it shows US size 9.""]}, ""color"": {""importance"": ""low"", ""facts"": []}, ""posture"": {""importance"": ""low"", ""facts"": []}, ""scene"": {""importance"": ""low"", ""facts"": []}, ""others"": {""importance"": ""medium"", ""facts"": [""If any product identifier text is visible on a tag/label/packaging, it includes the model code \""INNIS-S-10\"".""]}}}","{
  ""level_1"": {
    ""existence"": {
      ""importance"": ""high"",
      ""facts"": [
        ""Sandals are depicted.""
      ]
    },
    ""counting"": {
      ""importance"": ""high"",
      ""facts"": [
        ""Two sandals are depicted (a pair).""
      ]
    },
    ""relation"": {
      ""importance"": ""medium"",
      ""facts"": [
        ""The two sandals are shown as a matching pair (same style and color).""
      ]
    },
    ""shape"": {
      ""importance"": ""medium"",
      ""facts"": [
        ""Each item is clearly footwear shaped to be worn on a human foot.""
      ]
    },
    ""size"": {
      ""importance"": ""low"",
      ""facts"": []
    },
    ""color"": {
      ""importance"": ""high"",
      ""facts"": [
        ""The sandals are primarily silver in color.""
      ]
    },
    ""posture"": {
      ""importance"": ""low"",
      ""facts"": []
    },
    ""scene"": {
      ""importance"": ""low"",
      ""facts"": []
    },
    ""others"": {
      ""importance"": ""low"",
      ""facts"": []
    }
  },
  ""level_2"": {
    ""existence"": {
      ""importance"": ""high"",
      ""facts"": [
        ""Each sandal has an open-toe front (toe area is not enclosed).""
      ]
    },
    ""counting"": {
      ""importance"": ""low"",
      ""facts"": []
    },
    ""relation"": {
      ""importance"": ""medium"",
      ""facts"": [
        ""The toe opening is at the front end of each sandal.""
      ]
    },
    ""shape"": {
      ""importance"": ""high"",
      ""facts"": [
        ""The sandals have a strap-based construction typical of sandals (not a fully enclosed shoe).""
      ]
    },
    ""size"": {
      ""importance"": ""low"",
      ""facts"": []
    },
    ""color"": {
      ""importance"": ""high"",
      ""facts"": [
        ""The silver appearance includes a sparkle/glitter effect visible on the sandal material.""
      ]
    },
    ""posture"": {
      ""importance"": ""low"",
      ""facts"": []
    },
    ""scene"": {
      ""importance"": ""low"",
      ""facts"": []
    },
    ""others"": {
      ""importance"": ""low"",
      ""facts"": []
    }
  },
  ""level_3"": {
    ""existence"": {
      ""importance"": ""low"",
      ""facts"": []
    },
    ""counting"": {
      ""importance"": ""low"",
      ""facts"": []
    },
    ""relation"": {
      ""importance"": ""low"",
      ""facts"": []
    },
    ""shape"": {
      ""importance"": ""low"",
      ""facts"": []
    },
    ""size"": {
      ""importance"": ""medium"",
      ""facts"": [
        ""If any size marking/label is visible on the sandals or packaging, it shows US size 9.""
      ]
    },
    ""color"": {
      ""importance"": ""low"",
      ""facts"": []
    },
    ""posture"": {
      ""importance"": ""low"",
      ""facts"": []
    },
    ""scene"": {
      ""importance"": ""low"",
      ""facts"": []
    },
    ""others"": {
      ""importance"": ""medium"",
      ""facts"": [
        ""If any product identifier text is visible on a tag/label/packaging, it includes the model code \""INNIS-S-10\"".""
      ]
    }
  }
}",high,Sandals are depicted.,high,Two sandals are depicted (a pair).,medium,The two sandals are shown as a matching pair (same style and color).,medium,Each item is clearly footwear shaped to be worn on a human foot.,low,,high,The sandals are primarily silver in color.,low,,low,,low,,high,Each sandal has an open-toe front (toe area is not enclosed).,low,,medium,The toe opening is at the front end of each sandal.,high,The sandals have a strap-based construction typical of sandals (not a fully enclosed shoe).,low,,high,The silver appearance includes a sparkle/glitter effect visible on the sandal material.,low,,low,,low,,low,,low,,low,,low,,medium,"If any size marking/label is visible on the sandals or packaging, it shows US size 9.",low,,low,,low,,medium,"If any product identifier text is visible on a tag/label/packaging, it includes the model code ""INNIS-S-10""."
